# ukázkový 3D model (.obj) – nápis 404 z diamantového písma
# https://github.com/mikedh/trimesh
v -0.0638 -1.8842 0.0000
v -0.0059 -1.8954 0.0000
v 0.0326 -1.8994 0.0000
v 0.0817 -1.8886 0.0000
v -0.1312 -1.9525 0.0000
v -0.0566 -1.9562 0.0000
v -0.0332 -1.9004 0.0384
v 0.0449 -1.9004 0.0468
v 0.0717 -1.9592 0.0000
v 0.1440 -1.9536 0.0000
v -0.1310 -2.0303 0.0000
v -0.1113 -1.9785 0.0449
v -0.0332 -1.9785 0.1036
v 0.0449 -1.9785 0.1230
v 0.1230 -1.9785 0.0702
v 0.1426 -2.0302 0.0000
v 0.2213 -2.0309 0.0000
v -0.2934 -2.1147 0.0000
v -0.2130 -2.1125 0.0000
v -0.1853 -2.0605 0.0000
v -0.1113 -2.0566 0.1031
v -0.0332 -2.0566 0.1787
v 0.0449 -2.0566 0.2009
v 0.1230 -2.0566 0.1387
v 0.2012 -2.0566 0.0631
v 0.2234 -2.1112 0.0000
v 0.3044 -2.1140 0.0000
v -0.3708 -2.1922 0.0000
v -0.2941 -2.1934 0.0000
v -0.2676 -2.1348 0.0438
v -0.1895 -2.1348 0.1022
v -0.1113 -2.1348 0.1768
v -0.0332 -2.1348 0.2524
v 0.0449 -2.1348 0.2735
v 0.1230 -2.1348 0.2119
v 0.2012 -2.1348 0.1314
v 0.2793 -2.1348 0.0625
v 0.3056 -2.1932 0.0000
v 0.3834 -2.1929 0.0000
v -0.3653 -2.2646 0.0000
v -0.3457 -2.2129 0.0477
v -0.2676 -2.2129 0.1082
v -0.1895 -2.2129 0.1773
v -0.1113 -2.2129 0.2520
v -0.0332 -2.2129 0.3254
v 0.0449 -2.2129 0.3454
v 0.1230 -2.2129 0.2862
v 0.2012 -2.2129 0.2104
v 0.2793 -2.2129 0.1377
v 0.3574 -2.2129 0.0718
v 0.3796 -2.2674 0.0000
v 0.4510 -2.2595 0.0000
v -0.3513 -2.3201 0.0000
v -0.3457 -2.2910 0.0980
v -0.2676 -2.2910 0.1750
v -0.1895 -2.2910 0.2460
v -0.1113 -2.2910 0.3187
v -0.0332 -2.2910 0.3893
v 0.0449 -2.2910 0.4076
v 0.1230 -2.2910 0.3498
v 0.2012 -2.2910 0.2775
v 0.2793 -2.2910 0.2073
v 0.3574 -2.2910 0.1341
v 0.4355 -2.2910 0.0580
v 0.4387 -2.3130 0.0000
v -0.3516 -2.3395 0.0000
v -0.3457 -2.3691 0.0955
v -0.2676 -2.3691 0.1748
v -0.1895 -2.3691 0.2480
v -0.1113 -2.3691 0.3201
v -0.0332 -2.3691 0.3886
v 0.0449 -2.3691 0.4054
v 0.1230 -2.3691 0.3464
v 0.2012 -2.3691 0.2736
v 0.2793 -2.3691 0.2037
v 0.3574 -2.3691 0.1307
v 0.4355 -2.3691 0.0558
v 0.4388 -2.3467 0.0000
v -0.3654 -2.3954 0.0000
v -0.3457 -2.4473 0.0444
v -0.2676 -2.4473 0.1065
v -0.1895 -2.4473 0.1799
v -0.1113 -2.4473 0.2547
v -0.0332 -2.4473 0.3253
v 0.0449 -2.4473 0.3409
v 0.1230 -2.4473 0.2785
v 0.2012 -2.4473 0.2028
v 0.2793 -2.4473 0.1311
v 0.3574 -2.4473 0.0670
v 0.3797 -2.3926 0.0000
v 0.4511 -2.4004 0.0000
v -0.3706 -2.4682 0.0000
v -0.2941 -2.4667 0.0000
v -0.2673 -2.5251 0.0000
v -0.1895 -2.5254 0.1031
v -0.1113 -2.5254 0.1803
v -0.0332 -2.5254 0.2538
v 0.0449 -2.5254 0.2686
v 0.1230 -2.5254 0.2037
v 0.2012 -2.5254 0.1254
v 0.2793 -2.5254 0.0598
v 0.3056 -2.4670 0.0000
v 0.3834 -2.4672 0.0000
v -0.2130 -2.5476 0.0000
v -0.1751 -2.5902 0.0000
v -0.1113 -2.6035 0.1081
v -0.0332 -2.6035 0.1812
v 0.0449 -2.6035 0.1974
v 0.1230 -2.6035 0.1331
v 0.2012 -2.6035 0.0612
v 0.2234 -2.5490 0.0000
v 0.3044 -2.5462 0.0000
v -0.1310 -2.6298 0.0000
v -0.1113 -2.6816 0.0464
v -0.0332 -2.6816 0.1066
v 0.0449 -2.6816 0.1231
v 0.1230 -2.6816 0.0693
v 0.1426 -2.6300 0.0000
v 0.2213 -2.6293 0.0000
v -0.1313 -2.7076 0.0000
v -0.0567 -2.7039 0.0000
v -0.0332 -2.7598 0.0391
v 0.0449 -2.7598 0.0484
v 0.0718 -2.7008 0.0000
v 0.1440 -2.7065 0.0000
v -0.0639 -2.7758 0.0000
v -0.0060 -2.7647 0.0000
v 0.0326 -2.7607 0.0000
v 0.0818 -2.7715 0.0000
v -0.0332 -1.9004 -0.0384
v 0.0449 -1.9004 -0.0468
v -0.1113 -1.9785 -0.0449
v -0.0332 -1.9785 -0.1036
v 0.0449 -1.9785 -0.1230
v 0.1230 -1.9785 -0.0702
v -0.1113 -2.0566 -0.1031
v -0.0332 -2.0566 -0.1787
v 0.0449 -2.0566 -0.2009
v 0.1230 -2.0566 -0.1387
v 0.2012 -2.0566 -0.0631
v -0.2676 -2.1348 -0.0438
v -0.1895 -2.1348 -0.1022
v -0.1113 -2.1348 -0.1768
v -0.0332 -2.1348 -0.2524
v 0.0449 -2.1348 -0.2735
v 0.1230 -2.1348 -0.2119
v 0.2012 -2.1348 -0.1314
v 0.2793 -2.1348 -0.0625
v -0.3457 -2.2129 -0.0477
v -0.2676 -2.2129 -0.1082
v -0.1895 -2.2129 -0.1773
v -0.1113 -2.2129 -0.2520
v -0.0332 -2.2129 -0.3254
v 0.0449 -2.2129 -0.3454
v 0.1230 -2.2129 -0.2862
v 0.2012 -2.2129 -0.2104
v 0.2793 -2.2129 -0.1377
v 0.3574 -2.2129 -0.0718
v -0.3457 -2.2910 -0.0980
v -0.2676 -2.2910 -0.1750
v -0.1895 -2.2910 -0.2460
v -0.1113 -2.2910 -0.3187
v -0.0332 -2.2910 -0.3893
v 0.0449 -2.2910 -0.4076
v 0.1230 -2.2910 -0.3498
v 0.2012 -2.2910 -0.2775
v 0.2793 -2.2910 -0.2073
v 0.3574 -2.2910 -0.1341
v 0.4355 -2.2910 -0.0580
v -0.3457 -2.3691 -0.0955
v -0.2676 -2.3691 -0.1748
v -0.1895 -2.3691 -0.2480
v -0.1113 -2.3691 -0.3201
v -0.0332 -2.3691 -0.3886
v 0.0449 -2.3691 -0.4054
v 0.1230 -2.3691 -0.3464
v 0.2012 -2.3691 -0.2736
v 0.2793 -2.3691 -0.2037
v 0.3574 -2.3691 -0.1307
v 0.4355 -2.3691 -0.0558
v -0.3457 -2.4473 -0.0444
v -0.2676 -2.4473 -0.1065
v -0.1895 -2.4473 -0.1799
v -0.1113 -2.4473 -0.2547
v -0.0332 -2.4473 -0.3253
v 0.0449 -2.4473 -0.3409
v 0.1230 -2.4473 -0.2785
v 0.2012 -2.4473 -0.2028
v 0.2793 -2.4473 -0.1311
v 0.3574 -2.4473 -0.0670
v -0.1895 -2.5254 -0.1031
v -0.1113 -2.5254 -0.1803
v -0.0332 -2.5254 -0.2538
v 0.0449 -2.5254 -0.2686
v 0.1230 -2.5254 -0.2037
v 0.2012 -2.5254 -0.1254
v 0.2793 -2.5254 -0.0598
v -0.1113 -2.6035 -0.1081
v -0.0332 -2.6035 -0.1812
v 0.0449 -2.6035 -0.1974
v 0.1230 -2.6035 -0.1331
v 0.2012 -2.6035 -0.0612
v -0.1113 -2.6816 -0.0464
v -0.0332 -2.6816 -0.1066
v 0.0449 -2.6816 -0.1231
v 0.1230 -2.6816 -0.0693
v -0.0332 -2.7598 -0.0391
v 0.0449 -2.7598 -0.0484
v 3.7685 0.4630 0.0000
v 3.8258 0.4497 0.0000
v 3.8477 0.4476 0.0000
v 3.9007 0.4618 0.0000
v 3.9726 0.4677 0.0000
v 3.6973 0.3917 0.0000
v 3.7343 0.4271 0.0000
v 3.7949 0.4434 0.0926
v 3.8730 0.4434 0.0990
v 3.9512 0.4434 0.0471
v 3.9707 0.3917 0.0000
v 3.6165 0.3107 0.0000
v 3.6966 0.3128 0.0000
v 3.7168 0.3652 0.0935
v 3.7949 0.3652 0.1650
v 3.8730 0.3652 0.1737
v 3.9512 0.3652 0.1095
v 4.0277 0.3638 0.0000
v 4.0511 0.3111 0.0000
v 3.5343 0.2287 0.0000
v 3.6137 0.2298 0.0000
v 3.6387 0.2871 0.0861
v 3.7168 0.2871 0.1643
v 3.7949 0.2871 0.2367
v 3.8730 0.2871 0.2447
v 3.9512 0.2871 0.1796
v 4.0293 0.2871 0.1034
v 4.0830 0.2610 0.0000
v 4.1336 0.2287 0.0000
v 4.2118 0.2287 0.0000
v 3.4600 0.1542 0.0000
v 3.5139 0.1738 0.0000
v 3.5605 0.2090 0.0857
v 3.6387 0.2090 0.1623
v 3.7168 0.2090 0.2413
v 3.7949 0.2090 0.3114
v 3.8730 0.2090 0.3174
v 3.9512 0.2090 0.2523
v 4.0293 0.2090 0.1777
v 4.1074 0.2090 0.1075
v 4.1855 0.2090 0.0468
v 4.2086 0.1536 0.0000
v 4.2809 0.1600 0.0000
v 3.3987 0.1019 0.0000
v 3.4703 0.0891 0.0000
v 3.4824 0.1309 0.0863
v 3.5605 0.1309 0.1634
v 3.6387 0.1309 0.2390
v 3.7168 0.1309 0.3132
v 3.7949 0.1309 0.3801
v 3.8730 0.1309 0.3858
v 3.9512 0.1309 0.3240
v 4.0293 0.1309 0.2530
v 4.1074 0.1309 0.1835
v 4.1855 0.1309 0.1115
v 4.2637 0.1309 0.0416
v 4.2702 0.0996 0.0000
v 3.4038 0.0614 0.0000
v 3.4043 0.0527 0.0426
v 3.4824 0.0527 0.1153
v 3.5605 0.0527 0.1942
v 3.6387 0.0527 0.2660
v 3.7168 0.0527 0.3356
v 3.7949 0.0527 0.3994
v 3.8730 0.0527 0.4070
v 3.9512 0.0527 0.3491
v 4.0293 0.0527 0.2801
v 4.1074 0.0527 0.2099
v 4.1855 0.0527 0.1346
v 4.2637 0.0527 0.0557
v 4.2639 0.0587 0.0000
v 3.3913 0.0178 0.0000
v 3.4645 0.0245 0.0000
v 3.4824 -0.0254 0.0703
v 3.5605 -0.0254 0.1390
v 3.6387 -0.0254 0.2101
v 3.7168 -0.0254 0.2801
v 3.7949 -0.0254 0.3447
v 3.8730 -0.0254 0.3529
v 3.9512 -0.0254 0.2949
v 4.0293 -0.0254 0.2244
v 4.1074 -0.0254 0.1516
v 4.1855 -0.0254 0.0812
v 4.2045 0.0256 0.0000
v 4.3603 0.0505 0.0000
v 3.4581 -0.0468 0.0000
v 3.5340 -0.0449 0.0000
v 3.5605 -0.1035 0.0659
v 3.6387 -0.1035 0.1333
v 3.7168 -0.1035 0.2083
v 3.7949 -0.1035 0.2763
v 3.8730 -0.1035 0.2839
v 3.9512 -0.1035 0.2228
v 4.0293 -0.1035 0.1487
v 4.1074 -0.1035 0.0772
v 4.1339 -0.0449 0.0000
v 4.2104 -0.0464 0.0000
v 3.5346 -0.1235 0.0000
v 3.6147 -0.1254 0.0000
v 3.6387 -0.1816 0.0653
v 3.7168 -0.1816 0.1395
v 3.7949 -0.1816 0.2104
v 3.8730 -0.1816 0.2165
v 3.9512 -0.1816 0.1516
v 4.0293 -0.1816 0.0784
v 4.0529 -0.1257 0.0000
v 4.1332 -0.1236 0.0000
v 3.6176 -0.2064 0.0000
v 3.6970 -0.2078 0.0000
v 3.7168 -0.2598 0.0741
v 3.7949 -0.2598 0.1396
v 3.8730 -0.2598 0.1426
v 3.9512 -0.2598 0.0804
v 3.9709 -0.2079 0.0000
v 4.0501 -0.2067 0.0000
v 3.6971 -0.2860 0.0000
v 3.7722 -0.2828 0.0000
v 3.7949 -0.3379 0.0628
v 3.8730 -0.3379 0.0634
v 3.8966 -0.2820 0.0000
v 3.9711 -0.2858 0.0000
v 3.7651 -0.3546 0.0000
v 3.8204 -0.3422 0.0000
v 3.8525 -0.3406 0.0000
v 3.9045 -0.3533 0.0000
v 3.7949 0.4434 -0.0926
v 3.8730 0.4434 -0.0990
v 3.9512 0.4434 -0.0471
v 3.7168 0.3652 -0.0935
v 3.7949 0.3652 -0.1650
v 3.8730 0.3652 -0.1737
v 3.9512 0.3652 -0.1095
v 3.6387 0.2871 -0.0861
v 3.7168 0.2871 -0.1643
v 3.7949 0.2871 -0.2367
v 3.8730 0.2871 -0.2447
v 3.9512 0.2871 -0.1796
v 4.0293 0.2871 -0.1034
v 3.5605 0.2090 -0.0857
v 3.6387 0.2090 -0.1623
v 3.7168 0.2090 -0.2413
v 3.7949 0.2090 -0.3114
v 3.8730 0.2090 -0.3174
v 3.9512 0.2090 -0.2523
v 4.0293 0.2090 -0.1777
v 4.1074 0.2090 -0.1075
v 4.1855 0.2090 -0.0468
v 3.4824 0.1309 -0.0863
v 3.5605 0.1309 -0.1634
v 3.6387 0.1309 -0.2390
v 3.7168 0.1309 -0.3132
v 3.7949 0.1309 -0.3801
v 3.8730 0.1309 -0.3858
v 3.9512 0.1309 -0.3240
v 4.0293 0.1309 -0.2530
v 4.1074 0.1309 -0.1835
v 4.1855 0.1309 -0.1115
v 4.2637 0.1309 -0.0416
v 3.4043 0.0527 -0.0426
v 3.4824 0.0527 -0.1153
v 3.5605 0.0527 -0.1942
v 3.6387 0.0527 -0.2660
v 3.7168 0.0527 -0.3356
v 3.7949 0.0527 -0.3994
v 3.8730 0.0527 -0.4070
v 3.9512 0.0527 -0.3491
v 4.0293 0.0527 -0.2801
v 4.1074 0.0527 -0.2099
v 4.1855 0.0527 -0.1346
v 4.2637 0.0527 -0.0557
v 3.4824 -0.0254 -0.0703
v 3.5605 -0.0254 -0.1390
v 3.6387 -0.0254 -0.2101
v 3.7168 -0.0254 -0.2801
v 3.7949 -0.0254 -0.3447
v 3.8730 -0.0254 -0.3529
v 3.9512 -0.0254 -0.2949
v 4.0293 -0.0254 -0.2244
v 4.1074 -0.0254 -0.1516
v 4.1855 -0.0254 -0.0812
v 3.5605 -0.1035 -0.0659
v 3.6387 -0.1035 -0.1333
v 3.7168 -0.1035 -0.2083
v 3.7949 -0.1035 -0.2763
v 3.8730 -0.1035 -0.2839
v 3.9512 -0.1035 -0.2228
v 4.0293 -0.1035 -0.1487
v 4.1074 -0.1035 -0.0772
v 3.6387 -0.1816 -0.0653
v 3.7168 -0.1816 -0.1395
v 3.7949 -0.1816 -0.2104
v 3.8730 -0.1816 -0.2165
v 3.9512 -0.1816 -0.1516
v 4.0293 -0.1816 -0.0784
v 3.7168 -0.2598 -0.0741
v 3.7949 -0.2598 -0.1396
v 3.8730 -0.2598 -0.1426
v 3.9512 -0.2598 -0.0804
v 3.7949 -0.3379 -0.0628
v 3.8730 -0.3379 -0.0634
v -3.8852 0.4653 0.0000
v -3.8194 0.4556 0.0000
v -3.7888 0.4436 0.0000
v -3.7506 0.4580 0.0000
v -3.6822 0.4662 0.0000
v -3.9590 0.3916 0.0000
v -3.8814 0.3911 0.0000
v -3.8613 0.4434 0.0718
v -3.7832 0.4434 0.1000
v -3.7051 0.4434 0.0625
v -3.6853 0.3914 0.0000
v -3.6073 0.3915 0.0000
v -4.0409 0.3096 0.0000
v -3.9601 0.3123 0.0000
v -3.9395 0.3652 0.0726
v -3.8613 0.3652 0.1431
v -3.7832 0.3652 0.1778
v -3.7051 0.3652 0.1284
v -3.6270 0.3652 0.0595
v -3.6060 0.3119 0.0000
v -3.5250 0.3091 0.0000
v -4.1222 0.2285 0.0000
v -4.0432 0.2293 0.0000
v -4.0176 0.2871 0.0685
v -3.9395 0.2871 0.1394
v -3.8613 0.2871 0.2137
v -3.7832 0.2871 0.2490
v -3.7051 0.2871 0.2002
v -3.6270 0.2871 0.1241
v -3.5488 0.2871 0.0571
v -3.5230 0.2291 0.0000
v -3.4441 0.2284 0.0000
v -4.1943 0.1563 0.0000
v -4.1209 0.1515 0.0000
v -4.0957 0.2090 0.0702
v -4.0176 0.2090 0.1381
v -3.9395 0.2090 0.2121
v -3.8613 0.2090 0.2843
v -3.7832 0.2090 0.3193
v -3.7051 0.2090 0.2730
v -3.6270 0.2090 0.2004
v -3.5488 0.2090 0.1287
v -3.4707 0.2090 0.0640
v -3.4461 0.1521 0.0000
v -3.3731 0.1574 0.0000
v -4.1831 0.0940 0.0000
v -4.1738 0.1309 0.0680
v -4.0957 0.1309 0.1394
v -4.0176 0.1309 0.2116
v -3.9395 0.1309 0.2832
v -3.8613 0.1309 0.3539
v -3.7832 0.1309 0.3885
v -3.7051 0.1309 0.3449
v -3.6270 0.1309 0.2765
v -3.5488 0.1309 0.2072
v -3.4707 0.1309 0.1359
v -3.3926 0.1309 0.0631
v -3.3845 0.0962 0.0000
v -4.1748 0.0650 0.0000
v -4.1738 0.0527 0.0888
v -4.0957 0.0527 0.1670
v -4.0176 0.0527 0.2386
v -3.9395 0.0527 0.3098
v -3.8613 0.0527 0.3810
v -3.7832 0.0527 0.4164
v -3.7051 0.0527 0.3737
v -3.6270 0.0527 0.3060
v -3.5488 0.0527 0.2368
v -3.4707 0.0527 0.1636
v -3.3926 0.0527 0.0829
v -3.3918 0.0637 0.0000
v -4.1890 0.0209 0.0000
v -4.1738 -0.0254 0.0510
v -4.0957 -0.0254 0.1144
v -4.0176 -0.0254 0.1851
v -3.9395 -0.0254 0.2587
v -3.8613 -0.0254 0.3329
v -3.7832 -0.0254 0.3696
v -3.7051 -0.0254 0.3241
v -3.6270 -0.0254 0.2523
v -3.5488 -0.0254 0.1795
v -3.4707 -0.0254 0.1074
v -3.3926 -0.0254 0.0435
v -3.3767 0.0218 0.0000
v -4.1967 -0.0483 0.0000
v -4.1219 -0.0452 0.0000
v -4.0957 -0.1035 0.0484
v -4.0176 -0.1035 0.1106
v -3.9395 -0.1035 0.1860
v -3.8613 -0.1035 0.2634
v -3.7832 -0.1035 0.3006
v -3.7051 -0.1035 0.2510
v -3.6270 -0.1035 0.1731
v -3.5488 -0.1035 0.0977
v -3.5048 -0.0650 0.0000
v -3.4449 -0.0455 0.0000
v -3.3539 -0.0361 0.0000
v -4.1220 -0.1231 0.0000
v -4.0424 -0.1245 0.0000
v -4.0176 -0.1816 0.0452
v -3.9395 -0.1816 0.1122
v -3.8613 -0.1816 0.1909
v -3.7832 -0.1816 0.2288
v -3.7051 -0.1816 0.1763
v -3.6270 -0.1816 0.0959
v -3.6044 -0.1268 0.0000
v -3.5236 -0.1242 0.0000
v -4.0395 -0.2055 0.0000
v -3.9596 -0.2074 0.0000
v -3.9395 -0.2598 0.0492
v -3.8613 -0.2598 0.1184
v -3.7832 -0.2598 0.1548
v -3.7051 -0.2598 0.1046
v -3.6528 -0.2370 0.0000
v -3.6067 -0.2072 0.0000
v -3.9589 -0.2863 0.0000
v -3.8825 -0.2844 0.0000
v -3.8613 -0.3379 0.0499
v -3.7832 -0.3379 0.0738
v -3.7051 -0.3379 0.0413
v -3.6844 -0.2850 0.0000
v -3.8877 -0.3575 0.0000
v -3.8249 -0.3469 0.0000
v -3.7876 -0.3380 0.0000
v -3.7456 -0.3492 0.0000
v -3.6800 -0.3586 0.0000
v -3.8613 0.4434 -0.0718
v -3.7832 0.4434 -0.1000
v -3.7051 0.4434 -0.0625
v -3.9395 0.3652 -0.0726
v -3.8613 0.3652 -0.1431
v -3.7832 0.3652 -0.1778
v -3.7051 0.3652 -0.1284
v -3.6270 0.3652 -0.0595
v -4.0176 0.2871 -0.0685
v -3.9395 0.2871 -0.1394
v -3.8613 0.2871 -0.2137
v -3.7832 0.2871 -0.2490
v -3.7051 0.2871 -0.2002
v -3.6270 0.2871 -0.1241
v -3.5488 0.2871 -0.0571
v -4.0957 0.2090 -0.0702
v -4.0176 0.2090 -0.1381
v -3.9395 0.2090 -0.2121
v -3.8613 0.2090 -0.2843
v -3.7832 0.2090 -0.3193
v -3.7051 0.2090 -0.2730
v -3.6270 0.2090 -0.2004
v -3.5488 0.2090 -0.1287
v -3.4707 0.2090 -0.0640
v -4.1738 0.1309 -0.0680
v -4.0957 0.1309 -0.1394
v -4.0176 0.1309 -0.2116
v -3.9395 0.1309 -0.2832
v -3.8613 0.1309 -0.3539
v -3.7832 0.1309 -0.3885
v -3.7051 0.1309 -0.3449
v -3.6270 0.1309 -0.2765
v -3.5488 0.1309 -0.2072
v -3.4707 0.1309 -0.1359
v -3.3926 0.1309 -0.0631
v -4.1738 0.0527 -0.0888
v -4.0957 0.0527 -0.1670
v -4.0176 0.0527 -0.2386
v -3.9395 0.0527 -0.3098
v -3.8613 0.0527 -0.3810
v -3.7832 0.0527 -0.4164
v -3.7051 0.0527 -0.3737
v -3.6270 0.0527 -0.3060
v -3.5488 0.0527 -0.2368
v -3.4707 0.0527 -0.1636
v -3.3926 0.0527 -0.0829
v -4.1738 -0.0254 -0.0510
v -4.0957 -0.0254 -0.1144
v -4.0176 -0.0254 -0.1851
v -3.9395 -0.0254 -0.2587
v -3.8613 -0.0254 -0.3329
v -3.7832 -0.0254 -0.3696
v -3.7051 -0.0254 -0.3241
v -3.6270 -0.0254 -0.2523
v -3.5488 -0.0254 -0.1795
v -3.4707 -0.0254 -0.1074
v -3.3926 -0.0254 -0.0435
v -4.0957 -0.1035 -0.0484
v -4.0176 -0.1035 -0.1106
v -3.9395 -0.1035 -0.1860
v -3.8613 -0.1035 -0.2634
v -3.7832 -0.1035 -0.3006
v -3.7051 -0.1035 -0.2510
v -3.6270 -0.1035 -0.1731
v -3.5488 -0.1035 -0.0977
v -4.0176 -0.1816 -0.0452
v -3.9395 -0.1816 -0.1122
v -3.8613 -0.1816 -0.1909
v -3.7832 -0.1816 -0.2288
v -3.7051 -0.1816 -0.1763
v -3.6270 -0.1816 -0.0959
v -3.9395 -0.2598 -0.0492
v -3.8613 -0.2598 -0.1184
v -3.7832 -0.2598 -0.1548
v -3.7051 -0.2598 -0.1046
v -3.8613 -0.3379 -0.0499
v -3.7832 -0.3379 -0.0738
v -3.7051 -0.3379 -0.0413
v 4.8474 2.4057 0.0000
v 4.8886 2.3965 0.0000
v 4.9299 2.4057 0.0000
v 4.7891 2.3427 0.0000
v 4.8463 2.3520 0.0000
v 4.8887 2.3965 0.0536
v 4.9304 2.3512 0.0000
v 4.9882 2.3427 0.0000
v 4.7124 2.2661 0.0000
v 4.7910 2.2667 0.0000
v 4.8105 2.3184 0.0880
v 4.8887 2.3184 0.1331
v 4.9668 2.3184 0.0992
v 4.9863 2.2667 0.0000
v 5.0649 2.2661 0.0000
v 4.6295 2.1832 0.0000
v 4.7106 2.1861 0.0000
v 4.7324 2.2402 0.0803
v 4.8105 2.2402 0.1602
v 4.8887 2.2402 0.2090
v 4.9668 2.2402 0.1710
v 5.0449 2.2402 0.0990
v 5.0667 2.1861 0.0000
v 5.1478 2.1832 0.0000
v 4.5499 2.1037 0.0000
v 4.6281 2.1038 0.0000
v 4.6543 2.1621 0.0767
v 4.7324 2.1621 0.1520
v 4.8105 2.1621 0.2316
v 4.8887 2.1621 0.2781
v 4.9668 2.1621 0.2398
v 5.0449 2.1621 0.1675
v 5.1230 2.1621 0.0956
v 5.1492 2.1038 0.0000
v 5.2274 2.1037 0.0000
v 4.4819 2.0364 0.0000
v 4.5120 2.0700 0.0000
v 4.5762 2.0840 0.0860
v 4.6543 2.0840 0.1552
v 4.7324 2.0840 0.2309
v 4.8105 2.0840 0.3068
v 4.8887 2.0840 0.3498
v 4.9668 2.0840 0.3109
v 5.0449 2.0840 0.2410
v 5.1230 2.0840 0.1696
v 5.2012 2.0840 0.0987
v 5.2641 2.0688 0.0000
v 5.2955 2.0364 0.0000
v 4.4956 1.9866 0.0000
v 4.4980 2.0059 0.0772
v 4.5762 2.0059 0.1546
v 4.6543 2.0059 0.2284
v 4.7324 2.0059 0.3029
v 4.8105 2.0059 0.3774
v 4.8887 2.0059 0.4195
v 4.9668 2.0059 0.3806
v 5.0449 2.0059 0.3098
v 5.1230 2.0059 0.2361
v 5.2012 2.0059 0.1602
v 5.2793 2.0059 0.0802
v 5.2817 1.9866 0.0000
v 4.4924 1.9568 0.0000
v 4.4980 1.9277 0.0756
v 4.5762 1.9277 0.1559
v 4.6543 1.9277 0.2346
v 4.7324 1.9277 0.3130
v 4.8105 1.9277 0.3927
v 4.8887 1.9277 0.4402
v 4.9668 1.9277 0.3988
v 5.0449 1.9277 0.3198
v 5.1230 1.9277 0.2376
v 5.2012 1.9277 0.1549
v 5.2793 1.9277 0.0736
v 5.2848 1.9566 0.0000
v 4.4824 1.8965 0.0000
v 4.5582 1.8994 0.0000
v 4.5762 1.8496 0.0989
v 4.6543 1.8496 0.1789
v 4.7324 1.8496 0.2612
v 4.8105 1.8496 0.3437
v 4.8887 1.8496 0.3938
v 4.9668 1.8496 0.3509
v 5.0449 1.8496 0.2669
v 5.1230 1.8496 0.1792
v 5.2012 1.8496 0.0956
v 5.2188 1.8990 0.0000
v 5.2947 1.8962 0.0000
v 4.5583 1.8212 0.0000
v 4.5762 1.7715 0.0452
v 4.6543 1.7715 0.1178
v 4.7324 1.7715 0.2029
v 4.8105 1.7715 0.2873
v 4.8887 1.7715 0.3377
v 4.9668 1.7715 0.2925
v 5.0449 1.7715 0.2056
v 5.1230 1.7715 0.1154
v 5.2012 1.7715 0.0433
v 5.2185 1.8206 0.0000
v 4.5613 1.7392 0.0000
v 4.6410 1.7370 0.0000
v 4.6543 1.6934 0.0653
v 4.7324 1.6934 0.1489
v 4.8105 1.6934 0.2392
v 4.8887 1.6934 0.2919
v 4.9668 1.6934 0.2427
v 5.0449 1.6934 0.1490
v 5.1230 1.6934 0.0618
v 5.1356 1.7359 0.0000
v 5.2153 1.7381 0.0000
v 4.6440 1.6541 0.0000
v 4.7239 1.6508 0.0000
v 4.7324 1.6152 0.1022
v 4.8105 1.6152 0.1958
v 4.8887 1.6152 0.2511
v 4.9668 1.6152 0.2003
v 5.0449 1.6152 0.1037
v 5.0527 1.6492 0.0000
v 5.1324 1.6523 0.0000
v 4.7296 1.5578 0.0000
v 4.7324 1.5371 0.0706
v 4.8105 1.5371 0.1653
v 4.8887 1.5371 0.2196
v 4.9668 1.5371 0.1634
v 5.0449 1.5371 0.0697
v 5.0517 1.5689 0.0000
v 4.7269 1.4301 0.0000
v 4.7324 1.4590 0.0800
v 4.8105 1.4590 0.1740
v 4.8887 1.4590 0.2142
v 4.9668 1.4590 0.1459
v 5.1230 1.4598 0.0000
v 5.0450 1.4568 0.0000
v 4.6463 1.3464 0.0000
v 4.7252 1.3480 0.0000
v 4.7324 1.3809 0.1176
v 4.8105 1.3809 0.2097
v 4.8887 1.3809 0.2392
v 4.9668 1.3809 0.1676
v 5.0449 1.3809 0.0738
v 5.0530 1.3463 0.0000
v 4.5633 1.2597 0.0000
v 4.6427 1.2617 0.0000
v 4.6543 1.3027 0.0723
v 4.7324 1.3027 0.1628
v 4.8105 1.3027 0.2525
v 4.8887 1.3027 0.2793
v 4.9668 1.3027 0.2081
v 5.0449 1.3027 0.1128
v 5.0758 1.2741 0.0000
v 5.1361 1.2596 0.0000
v 4.5601 1.1771 0.0000
v 4.5762 1.2246 0.0463
v 4.6543 1.2246 0.1244
v 4.7324 1.2246 0.2147
v 4.8105 1.2246 0.2991
v 4.8887 1.2246 0.3245
v 4.9668 1.2246 0.2553
v 5.0449 1.2246 0.1636
v 5.1230 1.2246 0.0792
v 5.1383 1.1783 0.0000
v 5.2188 1.1752 0.0000
v 4.4810 1.0977 0.0000
v 4.5583 1.0968 0.0000
v 4.5762 1.1465 0.0984
v 4.6543 1.1465 0.1848
v 4.7324 1.1465 0.2717
v 4.8105 1.1465 0.3522
v 4.8887 1.1465 0.3775
v 4.9668 1.1465 0.3116
v 5.0449 1.1465 0.2236
v 5.1230 1.1465 0.1393
v 5.2012 1.1465 0.0647
v 5.2192 1.0965 0.0000
v 5.2957 1.0986 0.0000
v 4.4874 1.0291 0.0000
v 4.4980 1.0684 0.0764
v 4.5762 1.0684 0.1611
v 4.6543 1.0684 0.2483
v 4.7324 1.0684 0.3315
v 4.8105 1.0684 0.4098
v 4.8887 1.0684 0.4357
v 4.9668 1.0684 0.3723
v 5.0449 1.0684 0.2883
v 5.1230 1.0684 0.2078
v 5.2012 1.0684 0.1269
v 5.2793 1.0684 0.0510
v 5.2877 1.0331 0.0000
v 4.4980 0.9935 0.0000
v 4.4980 0.9902 0.1054
v 4.5762 0.9902 0.1955
v 4.6543 0.9902 0.2821
v 4.7324 0.9902 0.3637
v 4.8105 0.9902 0.4405
v 4.8887 0.9902 0.4674
v 4.9668 0.9902 0.4063
v 5.0449 0.9902 0.3247
v 5.1230 0.9902 0.2455
v 5.2012 0.9902 0.1634
v 5.2793 0.9902 0.0755
v 5.2793 0.9928 0.0000
v 4.4861 0.9536 0.0000
v 4.4980 0.9121 0.0707
v 4.5762 0.9121 0.1536
v 4.6543 0.9121 0.2409
v 4.7324 0.9121 0.3249
v 4.8105 0.9121 0.4038
v 4.8887 0.9121 0.4321
v 4.9668 0.9121 0.3711
v 5.0449 0.9121 0.2874
v 5.1230 0.9121 0.2059
v 5.2012 0.9121 0.1239
v 5.2793 0.9121 0.0480
v 5.2889 0.9496 0.0000
v 4.4805 0.8833 0.0000
v 4.5580 0.8841 0.0000
v 4.5762 0.8340 0.0847
v 4.6543 0.8340 0.1731
v 4.7324 0.8340 0.2625
v 4.8105 0.8340 0.3440
v 4.8887 0.8340 0.3724
v 4.9668 0.8340 0.3104
v 5.0449 0.8340 0.2248
v 5.1230 0.8340 0.1393
v 5.2012 0.8340 0.0615
v 5.2193 0.8841 0.0000
v 5.2961 0.8823 0.0000
v 4.5599 0.8035 0.0000
v 4.6252 0.7900 0.0000
v 4.6543 0.7559 0.1096
v 4.7324 0.7559 0.2028
v 4.8105 0.7559 0.2890
v 4.8887 0.7559 0.3182
v 4.9668 0.7559 0.2531
v 5.0449 0.7559 0.1649
v 5.1230 0.7559 0.0805
v 5.1378 0.8015 0.0000
v 5.2184 0.8048 0.0000
v 4.6425 0.7191 0.0000
v 4.6543 0.6777 0.0615
v 4.7324 0.6777 0.1504
v 4.8105 0.6777 0.2410
v 4.8887 0.6777 0.2719
v 4.9668 0.6777 0.2049
v 5.0449 0.6777 0.1143
v 5.0555 0.7169 0.0000
v 5.1356 0.7202 0.0000
v 4.6460 0.6346 0.0000
v 4.7247 0.6334 0.0000
v 4.7324 0.5996 0.1059
v 4.8105 0.5996 0.1968
v 4.8887 0.5996 0.2297
v 4.9668 0.5996 0.1622
v 5.0449 0.5996 0.0738
v 5.0528 0.6338 0.0000
v 4.7287 0.5452 0.0000
v 4.7324 0.5215 0.0741
v 4.8105 0.5215 0.1643
v 4.8887 0.5215 0.1987
v 4.9668 0.5215 0.1289
v 5.0181 0.5286 0.0000
v 5.0494 0.5476 0.0000
v 4.7270 0.4148 0.0000
v 4.7324 0.4434 0.0810
v 4.8105 0.4434 0.1699
v 4.8887 0.4434 0.2023
v 4.9668 0.4434 0.1320
v 5.0449 0.4434 0.0464
v 5.0510 0.4131 0.0000
v 4.6456 0.3294 0.0000
v 4.7246 0.3311 0.0000
v 4.7324 0.3652 0.1205
v 4.8105 0.3652 0.2092
v 4.8887 0.3652 0.2395
v 4.9668 0.3652 0.1704
v 5.0449 0.3652 0.0787
v 5.0530 0.3306 0.0000
v 4.5625 0.2430 0.0000
v 4.6419 0.2449 0.0000
v 4.6543 0.2871 0.0726
v 4.7324 0.2871 0.1641
v 4.8105 0.2871 0.2545
v 4.8887 0.2871 0.2853
v 4.9668 0.2871 0.2163
v 5.0449 0.2871 0.1211
v 5.1352 0.2944 0.0000
v 5.1360 0.2441 0.0000
v 4.5594 0.1606 0.0000
v 4.5762 0.2090 0.0440
v 4.6543 0.2090 0.1194
v 4.7324 0.2090 0.2117
v 4.8105 0.2090 0.2990
v 4.8887 0.2090 0.3290
v 4.9668 0.2090 0.2621
v 5.0449 0.2090 0.1703
v 5.1230 0.2090 0.0835
v 5.1383 0.1626 0.0000
v 5.2188 0.1596 0.0000
v 4.4805 0.0816 0.0000
v 4.5580 0.0807 0.0000
v 4.5762 0.1309 0.0949
v 4.6543 0.1309 0.1792
v 4.7324 0.1309 0.2674
v 4.8105 0.1309 0.3503
v 4.8887 0.1309 0.3783
v 4.9668 0.1309 0.3133
v 5.0449 0.1309 0.2254
v 5.1230 0.1309 0.1411
v 5.2012 0.1309 0.0667
v 5.2192 0.0810 0.0000
v 5.2954 0.0834 0.0000
v 4.4881 0.0146 0.0000
v 4.4980 0.0527 0.0830
v 4.5762 0.0527 0.1632
v 4.6543 0.0527 0.2453
v 4.7324 0.0527 0.3276
v 4.8105 0.0527 0.4066
v 4.8887 0.0527 0.4333
v 4.9668 0.0527 0.3697
v 5.0449 0.0527 0.2862
v 5.1230 0.0527 0.2069
v 5.2012 0.0527 0.1274
v 5.2793 0.0527 0.0529
v 5.2869 0.0191 0.0000
v 4.4977 -0.0185 0.0000
v 4.4980 -0.0254 0.1112
v 4.5762 -0.0254 0.1975
v 4.6543 -0.0254 0.2792
v 4.7324 -0.0254 0.3592
v 4.8105 -0.0254 0.4361
v 4.8887 -0.0254 0.4623
v 4.9668 -0.0254 0.4006
v 5.0449 -0.0254 0.3200
v 5.1230 -0.0254 0.2410
v 5.2012 -0.0254 0.1584
v 5.2793 -0.0254 0.0729
v 5.2795 -0.0198 0.0000
v 4.4859 -0.0617 0.0000
v 4.4980 -0.1035 0.0765
v 4.5762 -0.1035 0.1582
v 4.6543 -0.1035 0.2409
v 4.7324 -0.1035 0.3232
v 4.8105 -0.1035 0.4025
v 4.8887 -0.1035 0.4293
v 4.9668 -0.1035 0.3665
v 5.0449 -0.1035 0.2836
v 5.1230 -0.1035 0.2016
v 5.2012 -0.1035 0.1184
v 5.2793 -0.1035 0.0457
v 5.2893 -0.0652 0.0000
v 4.4814 -0.1334 0.0000
v 4.5593 -0.1332 0.0000
v 4.5762 -0.1816 0.0974
v 4.6543 -0.1816 0.1813
v 4.7324 -0.1816 0.2687
v 4.8105 -0.1816 0.3506
v 4.8887 -0.1816 0.3774
v 4.9668 -0.1816 0.3124
v 5.0449 -0.1816 0.2255
v 5.1230 -0.1816 0.1391
v 5.2012 -0.1816 0.0616
v 5.2181 -0.1331 0.0000
v 5.2954 -0.1341 0.0000
v 4.5615 -0.2143 0.0000
v 4.5777 -0.2588 0.0000
v 4.6543 -0.2598 0.1244
v 4.7324 -0.2598 0.2155
v 4.8105 -0.2598 0.3011
v 4.8887 -0.2598 0.3290
v 4.9668 -0.2598 0.2601
v 5.0449 -0.2598 0.1687
v 5.1230 -0.2598 0.0826
v 5.1362 -0.2164 0.0000
v 5.2168 -0.2129 0.0000
v 4.6437 -0.2986 0.0000
v 4.6543 -0.3379 0.0722
v 4.7324 -0.3379 0.1635
v 4.8105 -0.3379 0.2545
v 4.8887 -0.3379 0.2853
v 4.9668 -0.3379 0.2138
v 5.0449 -0.3379 0.1175
v 5.1167 -0.3344 0.0000
v 5.1341 -0.2978 0.0000
v 4.6471 -0.3833 0.0000
v 4.7259 -0.3848 0.0000
v 4.7324 -0.4160 0.1168
v 4.8105 -0.4160 0.2100
v 4.8887 -0.4160 0.2433
v 4.9668 -0.4160 0.1717
v 5.0449 -0.4160 0.0767
v 5.0516 -0.3844 0.0000
v 4.7301 -0.4754 0.0000
v 4.7324 -0.4941 0.0851
v 4.8105 -0.4941 0.1787
v 4.8887 -0.4941 0.2135
v 4.9668 -0.4941 0.1400
v 5.0449 -0.4941 0.0504
v 5.0477 -0.4733 0.0000
v 4.6485 -0.6019 0.0000
v 4.7276 -0.5994 0.0000
v 4.7324 -0.5723 0.0923
v 4.8105 -0.5723 0.1846
v 4.8887 -0.5723 0.2182
v 4.9668 -0.5723 0.1459
v 5.0449 -0.5723 0.0559
v 5.0503 -0.6006 0.0000
v 4.6461 -0.6852 0.0000
v 4.6543 -0.6504 0.0441
v 4.7324 -0.6504 0.1288
v 4.8105 -0.6504 0.2204
v 4.8887 -0.6504 0.2525
v 4.9668 -0.6504 0.1831
v 5.0449 -0.6504 0.0888
v 5.0522 -0.6833 0.0000
v 5.1319 -0.6866 0.0000
v 4.5639 -0.7705 0.0000
v 4.6430 -0.7689 0.0000
v 4.6543 -0.7285 0.0815
v 4.7324 -0.7285 0.1737
v 4.8105 -0.7285 0.2632
v 4.8887 -0.7285 0.2951
v 4.9668 -0.7285 0.2277
v 5.0449 -0.7285 0.1346
v 5.1230 -0.7285 0.0526
v 5.1347 -0.7695 0.0000
v 4.5605 -0.8536 0.0000
v 4.5762 -0.8066 0.0543
v 4.6543 -0.8066 0.1360
v 4.7324 -0.8066 0.2260
v 4.8105 -0.8066 0.3111
v 4.8887 -0.8066 0.3422
v 4.9668 -0.8066 0.2776
v 5.0449 -0.8066 0.1878
v 5.1230 -0.8066 0.0986
v 5.1373 -0.8516 0.0000
v 5.2175 -0.8545 0.0000
v 4.4819 -0.9323 0.0000
v 4.5366 -0.9154 0.0000
v 4.5762 -0.8848 0.1090
v 4.6543 -0.8848 0.1957
v 4.7324 -0.8848 0.2822
v 4.8105 -0.8848 0.3648
v 4.8887 -0.8848 0.3953
v 4.9668 -0.8848 0.3322
v 5.0449 -0.8848 0.2435
v 5.1230 -0.8848 0.1548
v 5.2012 -0.8848 0.0706
v 5.2180 -0.9332 0.0000
v 5.2944 -0.9309 0.0000
v 4.4894 -0.9987 0.0000
v 4.4980 -0.9629 0.0838
v 4.5762 -0.9629 0.1695
v 4.6543 -0.9629 0.2555
v 4.7324 -0.9629 0.3377
v 4.8105 -0.9629 0.4167
v 4.8887 -0.9629 0.4466
v 4.9668 -0.9629 0.3860
v 5.0449 -0.9629 0.3006
v 5.1230 -0.9629 0.2153
v 5.2012 -0.9629 0.1296
v 5.2793 -0.9629 0.0527
v 5.2859 -0.9944 0.0000
v 4.4973 -1.0302 0.0000
v 4.4980 -1.0410 0.1056
v 4.5762 -1.0410 0.1934
v 4.6543 -1.0410 0.2775
v 4.7324 -1.0410 0.3572
v 4.8105 -1.0410 0.4337
v 4.8887 -1.0410 0.4633
v 4.9668 -1.0410 0.4062
v 5.0449 -1.0410 0.3243
v 5.1230 -1.0410 0.2405
v 5.2012 -1.0410 0.1557
v 5.2793 -1.0410 0.0707
v 5.2798 -1.0323 0.0000
v 4.4852 -1.0763 0.0000
v 4.4980 -1.1191 0.0671
v 4.5762 -1.1191 0.1469
v 4.6543 -1.1191 0.2312
v 4.7324 -1.1191 0.3128
v 4.8105 -1.1191 0.3918
v 4.8887 -1.1191 0.4227
v 4.9668 -1.1191 0.3652
v 5.0449 -1.1191 0.2816
v 5.1230 -1.1191 0.1961
v 5.2012 -1.1191 0.1120
v 5.2793 -1.1191 0.0422
v 5.2900 -1.0796 0.0000
v 4.4812 -1.1488 0.0000
v 4.5592 -1.1487 0.0000
v 4.5762 -1.1973 0.0832
v 4.6543 -1.1973 0.1698
v 4.7324 -1.1973 0.2579
v 4.8105 -1.1973 0.3405
v 4.8887 -1.1973 0.3720
v 4.9668 -1.1973 0.3122
v 5.0449 -1.1973 0.2240
v 5.1230 -1.1973 0.1330
v 5.2012 -1.1973 0.0551
v 5.2182 -1.1486 0.0000
v 5.2957 -1.1494 0.0000
v 4.5617 -1.2300 0.0000
v 4.6360 -1.2369 0.0000
v 4.6543 -1.2754 0.1150
v 4.7324 -1.2754 0.2085
v 4.8105 -1.2754 0.2952
v 4.8887 -1.2754 0.3273
v 4.9668 -1.2754 0.2634
v 5.0449 -1.2754 0.1703
v 5.1230 -1.2754 0.0787
v 5.1361 -1.2321 0.0000
v 5.2167 -1.2287 0.0000
v 4.6438 -1.3144 0.0000
v 4.6543 -1.3535 0.0689
v 4.7324 -1.3535 0.1629
v 4.8105 -1.3535 0.2530
v 4.8887 -1.3535 0.2849
v 4.9668 -1.3535 0.2174
v 5.0449 -1.3535 0.1206
v 5.0567 -1.3175 0.0000
v 5.1341 -1.3134 0.0000
v 4.6472 -1.3990 0.0000
v 4.7259 -1.4003 0.0000
v 4.7324 -1.4316 0.1186
v 4.8105 -1.4316 0.2092
v 4.8887 -1.4316 0.2408
v 4.9668 -1.4316 0.1708
v 5.0449 -1.4316 0.0761
v 5.0516 -1.3999 0.0000
v 4.7307 -1.4937 0.0000
v 4.7324 -1.5098 0.0860
v 4.8105 -1.5098 0.1773
v 4.8887 -1.5098 0.2096
v 4.9668 -1.5098 0.1353
v 5.0449 -1.5098 0.0472
v 5.0471 -1.4916 0.0000
v 4.6481 -1.6183 0.0000
v 4.7271 -1.6163 0.0000
v 4.7324 -1.5879 0.0954
v 4.8105 -1.5879 0.1859
v 4.8887 -1.5879 0.2159
v 4.9668 -1.5879 0.1404
v 5.0449 -1.5879 0.0521
v 5.0507 -1.6173 0.0000
v 4.6458 -1.7014 0.0000
v 4.6543 -1.6660 0.0469
v 4.7324 -1.6660 0.1327
v 4.8105 -1.6660 0.2230
v 4.8887 -1.6660 0.2509
v 4.9668 -1.6660 0.1770
v 5.0449 -1.6660 0.0816
v 5.0524 -1.6995 0.0000
v 5.1323 -1.7029 0.0000
v 4.5636 -1.7867 0.0000
v 4.6428 -1.7849 0.0000
v 4.6543 -1.7441 0.0844
v 4.7324 -1.7441 0.1766
v 4.8105 -1.7441 0.2661
v 4.8887 -1.7441 0.2951
v 4.9668 -1.7441 0.2244
v 5.0449 -1.7441 0.1299
v 5.1230 -1.7441 0.0511
v 5.1349 -1.7856 0.0000
v 4.4811 -1.8709 0.0000
v 4.5602 -1.8696 0.0000
v 4.5762 -1.8223 0.0551
v 4.6543 -1.8223 0.1353
v 4.7324 -1.8223 0.2275
v 4.8105 -1.8223 0.3152
v 4.8887 -1.8223 0.3456
v 4.9668 -1.8223 0.2793
v 5.0449 -1.8223 0.1878
v 5.1230 -1.8223 0.0984
v 5.1376 -1.8677 0.0000
v 5.2178 -1.8704 0.0000
v 4.4820 -1.9478 0.0000
v 4.4980 -1.9004 0.0413
v 4.5762 -1.9004 0.1098
v 4.6543 -1.9004 0.1944
v 4.7324 -1.9004 0.2841
v 4.8105 -1.9004 0.3711
v 4.8887 -1.9004 0.4019
v 4.9668 -1.9004 0.3377
v 5.0449 -1.9004 0.2479
v 5.1230 -1.9004 0.1594
v 5.2012 -1.9004 0.0793
v 5.2180 -1.9489 0.0000
v 5.2942 -1.9462 0.0000
v 4.4902 -2.0126 0.0000
v 4.4980 -1.9785 0.0907
v 4.5762 -1.9785 0.1723
v 4.6543 -1.9785 0.2535
v 4.7324 -1.9785 0.3366
v 4.8105 -1.9785 0.4174
v 4.8887 -1.9785 0.4460
v 4.9668 -1.9785 0.3851
v 5.0449 -1.9785 0.3020
v 5.1230 -1.9785 0.2200
v 5.2012 -1.9785 0.1373
v 5.2793 -1.9785 0.0588
v 5.2852 -2.0082 0.0000
v 4.4964 -2.0405 0.0000
v 4.4980 -2.0566 0.1051
v 4.5762 -2.0566 0.1842
v 4.6543 -2.0566 0.2574
v 4.7324 -2.0566 0.3312
v 4.8105 -2.0566 0.4022
v 4.8887 -2.0566 0.4269
v 4.9668 -2.0566 0.3724
v 5.0449 -2.0566 0.2990
v 5.1230 -2.0566 0.2268
v 5.2012 -2.0566 0.1506
v 5.2793 -2.0566 0.0696
v 5.2804 -2.0438 0.0000
v 4.4815 -2.0867 0.0000
v 4.4980 -2.1348 0.0567
v 4.5762 -2.1348 0.1214
v 4.6543 -2.1348 0.1912
v 4.7324 -2.1348 0.2641
v 4.8105 -2.1348 0.3344
v 4.8887 -2.1348 0.3588
v 4.9668 -2.1348 0.3047
v 5.0449 -2.1348 0.2317
v 5.1230 -2.1348 0.1612
v 5.2012 -2.1348 0.0924
v 5.2222 -2.0815 0.0000
v 5.2928 -2.0909 0.0000
v 4.4745 -2.1569 0.0000
v 4.5498 -2.1544 0.0000
v 4.5762 -2.2129 0.0522
v 4.6543 -2.2129 0.1144
v 4.7324 -2.2129 0.1900
v 4.8105 -2.2129 0.2641
v 4.8887 -2.2129 0.2901
v 4.9668 -2.2129 0.2336
v 5.0449 -2.2129 0.1564
v 5.1230 -2.2129 0.0851
v 5.1494 -2.1544 0.0000
v 5.2269 -2.1550 0.0000
v 4.5500 -2.2327 0.0000
v 4.6298 -2.2342 0.0000
v 4.6543 -2.2910 0.0501
v 4.7324 -2.2910 0.1192
v 4.8105 -2.2910 0.1958
v 4.8887 -2.2910 0.2231
v 4.9668 -2.2910 0.1645
v 5.0449 -2.2910 0.0871
v 5.0677 -2.2359 0.0000
v 5.1484 -2.2334 0.0000
v 4.6328 -2.3153 0.0000
v 4.7125 -2.3170 0.0000
v 4.7324 -2.3691 0.0563
v 4.8105 -2.3691 0.1243
v 4.8887 -2.3691 0.1495
v 4.9668 -2.3691 0.0949
v 4.9863 -2.3175 0.0000
v 5.0653 -2.3165 0.0000
v 4.7129 -2.3956 0.0000
v 4.7887 -2.3931 0.0000
v 4.8105 -2.4473 0.0521
v 4.8887 -2.4473 0.0680
v 4.9144 -2.3893 0.0000
v 4.9873 -2.3946 0.0000
v 4.7829 -2.4658 0.0000
v 4.8433 -2.4545 0.0000
v 4.8789 -2.4479 0.0000
v 4.9245 -2.4597 0.0000
v 4.8887 2.3965 -0.0536
v 4.8105 2.3184 -0.0880
v 4.8887 2.3184 -0.1331
v 4.9668 2.3184 -0.0992
v 4.7324 2.2402 -0.0803
v 4.8105 2.2402 -0.1602
v 4.8887 2.2402 -0.2090
v 4.9668 2.2402 -0.1710
v 5.0449 2.2402 -0.0990
v 4.6543 2.1621 -0.0767
v 4.7324 2.1621 -0.1520
v 4.8105 2.1621 -0.2316
v 4.8887 2.1621 -0.2781
v 4.9668 2.1621 -0.2398
v 5.0449 2.1621 -0.1675
v 5.1230 2.1621 -0.0956
v 4.5762 2.0840 -0.0860
v 4.6543 2.0840 -0.1552
v 4.7324 2.0840 -0.2309
v 4.8105 2.0840 -0.3068
v 4.8887 2.0840 -0.3498
v 4.9668 2.0840 -0.3109
v 5.0449 2.0840 -0.2410
v 5.1230 2.0840 -0.1696
v 5.2012 2.0840 -0.0987
v 4.4980 2.0059 -0.0772
v 4.5762 2.0059 -0.1546
v 4.6543 2.0059 -0.2284
v 4.7324 2.0059 -0.3029
v 4.8105 2.0059 -0.3774
v 4.8887 2.0059 -0.4195
v 4.9668 2.0059 -0.3806
v 5.0449 2.0059 -0.3098
v 5.1230 2.0059 -0.2361
v 5.2012 2.0059 -0.1602
v 5.2793 2.0059 -0.0802
v 4.4980 1.9277 -0.0756
v 4.5762 1.9277 -0.1559
v 4.6543 1.9277 -0.2346
v 4.7324 1.9277 -0.3130
v 4.8105 1.9277 -0.3927
v 4.8887 1.9277 -0.4402
v 4.9668 1.9277 -0.3988
v 5.0449 1.9277 -0.3198
v 5.1230 1.9277 -0.2376
v 5.2012 1.9277 -0.1549
v 5.2793 1.9277 -0.0736
v 4.5762 1.8496 -0.0989
v 4.6543 1.8496 -0.1789
v 4.7324 1.8496 -0.2612
v 4.8105 1.8496 -0.3437
v 4.8887 1.8496 -0.3938
v 4.9668 1.8496 -0.3509
v 5.0449 1.8496 -0.2669
v 5.1230 1.8496 -0.1792
v 5.2012 1.8496 -0.0956
v 4.5762 1.7715 -0.0452
v 4.6543 1.7715 -0.1178
v 4.7324 1.7715 -0.2029
v 4.8105 1.7715 -0.2873
v 4.8887 1.7715 -0.3377
v 4.9668 1.7715 -0.2925
v 5.0449 1.7715 -0.2056
v 5.1230 1.7715 -0.1154
v 5.2012 1.7715 -0.0433
v 4.6543 1.6934 -0.0653
v 4.7324 1.6934 -0.1489
v 4.8105 1.6934 -0.2392
v 4.8887 1.6934 -0.2919
v 4.9668 1.6934 -0.2427
v 5.0449 1.6934 -0.1490
v 5.1230 1.6934 -0.0618
v 4.7324 1.6152 -0.1022
v 4.8105 1.6152 -0.1958
v 4.8887 1.6152 -0.2511
v 4.9668 1.6152 -0.2003
v 5.0449 1.6152 -0.1037
v 4.7324 1.5371 -0.0706
v 4.8105 1.5371 -0.1653
v 4.8887 1.5371 -0.2196
v 4.9668 1.5371 -0.1634
v 5.0449 1.5371 -0.0697
v 4.7324 1.4590 -0.0800
v 4.8105 1.4590 -0.1740
v 4.8887 1.4590 -0.2142
v 4.9668 1.4590 -0.1459
v 4.7324 1.3809 -0.1176
v 4.8105 1.3809 -0.2097
v 4.8887 1.3809 -0.2392
v 4.9668 1.3809 -0.1676
v 5.0449 1.3809 -0.0738
v 4.6543 1.3027 -0.0723
v 4.7324 1.3027 -0.1628
v 4.8105 1.3027 -0.2525
v 4.8887 1.3027 -0.2793
v 4.9668 1.3027 -0.2081
v 5.0449 1.3027 -0.1128
v 4.5762 1.2246 -0.0463
v 4.6543 1.2246 -0.1244
v 4.7324 1.2246 -0.2147
v 4.8105 1.2246 -0.2991
v 4.8887 1.2246 -0.3245
v 4.9668 1.2246 -0.2553
v 5.0449 1.2246 -0.1636
v 5.1230 1.2246 -0.0792
v 4.5762 1.1465 -0.0984
v 4.6543 1.1465 -0.1848
v 4.7324 1.1465 -0.2717
v 4.8105 1.1465 -0.3522
v 4.8887 1.1465 -0.3775
v 4.9668 1.1465 -0.3116
v 5.0449 1.1465 -0.2236
v 5.1230 1.1465 -0.1393
v 5.2012 1.1465 -0.0647
v 4.4980 1.0684 -0.0764
v 4.5762 1.0684 -0.1611
v 4.6543 1.0684 -0.2483
v 4.7324 1.0684 -0.3315
v 4.8105 1.0684 -0.4098
v 4.8887 1.0684 -0.4357
v 4.9668 1.0684 -0.3723
v 5.0449 1.0684 -0.2883
v 5.1230 1.0684 -0.2078
v 5.2012 1.0684 -0.1269
v 5.2793 1.0684 -0.0510
v 4.4980 0.9902 -0.1054
v 4.5762 0.9902 -0.1955
v 4.6543 0.9902 -0.2821
v 4.7324 0.9902 -0.3637
v 4.8105 0.9902 -0.4405
v 4.8887 0.9902 -0.4674
v 4.9668 0.9902 -0.4063
v 5.0449 0.9902 -0.3247
v 5.1230 0.9902 -0.2455
v 5.2012 0.9902 -0.1634
v 5.2793 0.9902 -0.0755
v 4.4980 0.9121 -0.0707
v 4.5762 0.9121 -0.1536
v 4.6543 0.9121 -0.2409
v 4.7324 0.9121 -0.3249
v 4.8105 0.9121 -0.4038
v 4.8887 0.9121 -0.4321
v 4.9668 0.9121 -0.3711
v 5.0449 0.9121 -0.2874
v 5.1230 0.9121 -0.2059
v 5.2012 0.9121 -0.1239
v 5.2793 0.9121 -0.0480
v 4.5762 0.8340 -0.0847
v 4.6543 0.8340 -0.1731
v 4.7324 0.8340 -0.2625
v 4.8105 0.8340 -0.3440
v 4.8887 0.8340 -0.3724
v 4.9668 0.8340 -0.3104
v 5.0449 0.8340 -0.2248
v 5.1230 0.8340 -0.1393
v 5.2012 0.8340 -0.0615
v 4.6543 0.7559 -0.1096
v 4.7324 0.7559 -0.2028
v 4.8105 0.7559 -0.2890
v 4.8887 0.7559 -0.3182
v 4.9668 0.7559 -0.2531
v 5.0449 0.7559 -0.1649
v 5.1230 0.7559 -0.0805
v 4.6543 0.6777 -0.0615
v 4.7324 0.6777 -0.1504
v 4.8105 0.6777 -0.2410
v 4.8887 0.6777 -0.2719
v 4.9668 0.6777 -0.2049
v 5.0449 0.6777 -0.1143
v 4.7324 0.5996 -0.1059
v 4.8105 0.5996 -0.1968
v 4.8887 0.5996 -0.2297
v 4.9668 0.5996 -0.1622
v 5.0449 0.5996 -0.0738
v 4.7324 0.5215 -0.0741
v 4.8105 0.5215 -0.1643
v 4.8887 0.5215 -0.1987
v 4.9668 0.5215 -0.1289
v 4.7324 0.4434 -0.0810
v 4.8105 0.4434 -0.1699
v 4.8887 0.4434 -0.2023
v 4.9668 0.4434 -0.1320
v 5.0449 0.4434 -0.0464
v 4.7324 0.3652 -0.1205
v 4.8105 0.3652 -0.2092
v 4.8887 0.3652 -0.2395
v 4.9668 0.3652 -0.1704
v 5.0449 0.3652 -0.0787
v 4.6543 0.2871 -0.0726
v 4.7324 0.2871 -0.1641
v 4.8105 0.2871 -0.2545
v 4.8887 0.2871 -0.2853
v 4.9668 0.2871 -0.2163
v 5.0449 0.2871 -0.1211
v 4.5762 0.2090 -0.0440
v 4.6543 0.2090 -0.1194
v 4.7324 0.2090 -0.2117
v 4.8105 0.2090 -0.2990
v 4.8887 0.2090 -0.3290
v 4.9668 0.2090 -0.2621
v 5.0449 0.2090 -0.1703
v 5.1230 0.2090 -0.0835
v 4.5762 0.1309 -0.0949
v 4.6543 0.1309 -0.1792
v 4.7324 0.1309 -0.2674
v 4.8105 0.1309 -0.3503
v 4.8887 0.1309 -0.3783
v 4.9668 0.1309 -0.3133
v 5.0449 0.1309 -0.2254
v 5.1230 0.1309 -0.1411
v 5.2012 0.1309 -0.0667
v 4.4980 0.0527 -0.0830
v 4.5762 0.0527 -0.1632
v 4.6543 0.0527 -0.2453
v 4.7324 0.0527 -0.3276
v 4.8105 0.0527 -0.4066
v 4.8887 0.0527 -0.4333
v 4.9668 0.0527 -0.3697
v 5.0449 0.0527 -0.2862
v 5.1230 0.0527 -0.2069
v 5.2012 0.0527 -0.1274
v 5.2793 0.0527 -0.0529
v 4.4980 -0.0254 -0.1112
v 4.5762 -0.0254 -0.1975
v 4.6543 -0.0254 -0.2792
v 4.7324 -0.0254 -0.3592
v 4.8105 -0.0254 -0.4361
v 4.8887 -0.0254 -0.4623
v 4.9668 -0.0254 -0.4006
v 5.0449 -0.0254 -0.3200
v 5.1230 -0.0254 -0.2410
v 5.2012 -0.0254 -0.1584
v 5.2793 -0.0254 -0.0729
v 4.4980 -0.1035 -0.0765
v 4.5762 -0.1035 -0.1582
v 4.6543 -0.1035 -0.2409
v 4.7324 -0.1035 -0.3232
v 4.8105 -0.1035 -0.4025
v 4.8887 -0.1035 -0.4293
v 4.9668 -0.1035 -0.3665
v 5.0449 -0.1035 -0.2836
v 5.1230 -0.1035 -0.2016
v 5.2012 -0.1035 -0.1184
v 5.2793 -0.1035 -0.0457
v 4.5762 -0.1816 -0.0974
v 4.6543 -0.1816 -0.1813
v 4.7324 -0.1816 -0.2687
v 4.8105 -0.1816 -0.3506
v 4.8887 -0.1816 -0.3774
v 4.9668 -0.1816 -0.3124
v 5.0449 -0.1816 -0.2255
v 5.1230 -0.1816 -0.1391
v 5.2012 -0.1816 -0.0616
v 4.6543 -0.2598 -0.1244
v 4.7324 -0.2598 -0.2155
v 4.8105 -0.2598 -0.3011
v 4.8887 -0.2598 -0.3290
v 4.9668 -0.2598 -0.2601
v 5.0449 -0.2598 -0.1687
v 5.1230 -0.2598 -0.0826
v 4.6543 -0.3379 -0.0722
v 4.7324 -0.3379 -0.1635
v 4.8105 -0.3379 -0.2545
v 4.8887 -0.3379 -0.2853
v 4.9668 -0.3379 -0.2138
v 5.0449 -0.3379 -0.1175
v 4.7324 -0.4160 -0.1168
v 4.8105 -0.4160 -0.2100
v 4.8887 -0.4160 -0.2433
v 4.9668 -0.4160 -0.1717
v 5.0449 -0.4160 -0.0767
v 4.7324 -0.4941 -0.0851
v 4.8105 -0.4941 -0.1787
v 4.8887 -0.4941 -0.2135
v 4.9668 -0.4941 -0.1400
v 5.0449 -0.4941 -0.0504
v 4.7324 -0.5723 -0.0923
v 4.8105 -0.5723 -0.1846
v 4.8887 -0.5723 -0.2182
v 4.9668 -0.5723 -0.1459
v 5.0449 -0.5723 -0.0559
v 4.6543 -0.6504 -0.0441
v 4.7324 -0.6504 -0.1288
v 4.8105 -0.6504 -0.2204
v 4.8887 -0.6504 -0.2525
v 4.9668 -0.6504 -0.1831
v 5.0449 -0.6504 -0.0888
v 4.6543 -0.7285 -0.0815
v 4.7324 -0.7285 -0.1737
v 4.8105 -0.7285 -0.2632
v 4.8887 -0.7285 -0.2951
v 4.9668 -0.7285 -0.2277
v 5.0449 -0.7285 -0.1346
v 5.1230 -0.7285 -0.0526
v 4.5762 -0.8066 -0.0543
v 4.6543 -0.8066 -0.1360
v 4.7324 -0.8066 -0.2260
v 4.8105 -0.8066 -0.3111
v 4.8887 -0.8066 -0.3422
v 4.9668 -0.8066 -0.2776
v 5.0449 -0.8066 -0.1878
v 5.1230 -0.8066 -0.0986
v 4.5762 -0.8848 -0.1090
v 4.6543 -0.8848 -0.1957
v 4.7324 -0.8848 -0.2822
v 4.8105 -0.8848 -0.3648
v 4.8887 -0.8848 -0.3953
v 4.9668 -0.8848 -0.3322
v 5.0449 -0.8848 -0.2435
v 5.1230 -0.8848 -0.1548
v 5.2012 -0.8848 -0.0706
v 4.4980 -0.9629 -0.0838
v 4.5762 -0.9629 -0.1695
v 4.6543 -0.9629 -0.2555
v 4.7324 -0.9629 -0.3377
v 4.8105 -0.9629 -0.4167
v 4.8887 -0.9629 -0.4466
v 4.9668 -0.9629 -0.3860
v 5.0449 -0.9629 -0.3006
v 5.1230 -0.9629 -0.2153
v 5.2012 -0.9629 -0.1296
v 5.2793 -0.9629 -0.0527
v 4.4980 -1.0410 -0.1056
v 4.5762 -1.0410 -0.1934
v 4.6543 -1.0410 -0.2775
v 4.7324 -1.0410 -0.3572
v 4.8105 -1.0410 -0.4337
v 4.8887 -1.0410 -0.4633
v 4.9668 -1.0410 -0.4062
v 5.0449 -1.0410 -0.3243
v 5.1230 -1.0410 -0.2405
v 5.2012 -1.0410 -0.1557
v 5.2793 -1.0410 -0.0707
v 4.4980 -1.1191 -0.0671
v 4.5762 -1.1191 -0.1469
v 4.6543 -1.1191 -0.2312
v 4.7324 -1.1191 -0.3128
v 4.8105 -1.1191 -0.3918
v 4.8887 -1.1191 -0.4227
v 4.9668 -1.1191 -0.3652
v 5.0449 -1.1191 -0.2816
v 5.1230 -1.1191 -0.1961
v 5.2012 -1.1191 -0.1120
v 5.2793 -1.1191 -0.0422
v 4.5762 -1.1973 -0.0832
v 4.6543 -1.1973 -0.1698
v 4.7324 -1.1973 -0.2579
v 4.8105 -1.1973 -0.3405
v 4.8887 -1.1973 -0.3720
v 4.9668 -1.1973 -0.3122
v 5.0449 -1.1973 -0.2240
v 5.1230 -1.1973 -0.1330
v 5.2012 -1.1973 -0.0551
v 4.6543 -1.2754 -0.1150
v 4.7324 -1.2754 -0.2085
v 4.8105 -1.2754 -0.2952
v 4.8887 -1.2754 -0.3273
v 4.9668 -1.2754 -0.2634
v 5.0449 -1.2754 -0.1703
v 5.1230 -1.2754 -0.0787
v 4.6543 -1.3535 -0.0689
v 4.7324 -1.3535 -0.1629
v 4.8105 -1.3535 -0.2530
v 4.8887 -1.3535 -0.2849
v 4.9668 -1.3535 -0.2174
v 5.0449 -1.3535 -0.1206
v 4.7324 -1.4316 -0.1186
v 4.8105 -1.4316 -0.2092
v 4.8887 -1.4316 -0.2408
v 4.9668 -1.4316 -0.1708
v 5.0449 -1.4316 -0.0761
v 4.7324 -1.5098 -0.0860
v 4.8105 -1.5098 -0.1773
v 4.8887 -1.5098 -0.2096
v 4.9668 -1.5098 -0.1353
v 5.0449 -1.5098 -0.0472
v 4.7324 -1.5879 -0.0954
v 4.8105 -1.5879 -0.1859
v 4.8887 -1.5879 -0.2159
v 4.9668 -1.5879 -0.1404
v 5.0449 -1.5879 -0.0521
v 4.6543 -1.6660 -0.0469
v 4.7324 -1.6660 -0.1327
v 4.8105 -1.6660 -0.2230
v 4.8887 -1.6660 -0.2509
v 4.9668 -1.6660 -0.1770
v 5.0449 -1.6660 -0.0816
v 4.6543 -1.7441 -0.0844
v 4.7324 -1.7441 -0.1766
v 4.8105 -1.7441 -0.2661
v 4.8887 -1.7441 -0.2951
v 4.9668 -1.7441 -0.2244
v 5.0449 -1.7441 -0.1299
v 5.1230 -1.7441 -0.0511
v 4.5762 -1.8223 -0.0551
v 4.6543 -1.8223 -0.1353
v 4.7324 -1.8223 -0.2275
v 4.8105 -1.8223 -0.3152
v 4.8887 -1.8223 -0.3456
v 4.9668 -1.8223 -0.2793
v 5.0449 -1.8223 -0.1878
v 5.1230 -1.8223 -0.0984
v 4.4980 -1.9004 -0.0413
v 4.5762 -1.9004 -0.1098
v 4.6543 -1.9004 -0.1944
v 4.7324 -1.9004 -0.2841
v 4.8105 -1.9004 -0.3711
v 4.8887 -1.9004 -0.4019
v 4.9668 -1.9004 -0.3377
v 5.0449 -1.9004 -0.2479
v 5.1230 -1.9004 -0.1594
v 5.2012 -1.9004 -0.0793
v 4.4980 -1.9785 -0.0907
v 4.5762 -1.9785 -0.1723
v 4.6543 -1.9785 -0.2535
v 4.7324 -1.9785 -0.3366
v 4.8105 -1.9785 -0.4174
v 4.8887 -1.9785 -0.4460
v 4.9668 -1.9785 -0.3851
v 5.0449 -1.9785 -0.3020
v 5.1230 -1.9785 -0.2200
v 5.2012 -1.9785 -0.1373
v 5.2793 -1.9785 -0.0588
v 4.4980 -2.0566 -0.1051
v 4.5762 -2.0566 -0.1842
v 4.6543 -2.0566 -0.2574
v 4.7324 -2.0566 -0.3312
v 4.8105 -2.0566 -0.4022
v 4.8887 -2.0566 -0.4269
v 4.9668 -2.0566 -0.3724
v 5.0449 -2.0566 -0.2990
v 5.1230 -2.0566 -0.2268
v 5.2012 -2.0566 -0.1506
v 5.2793 -2.0566 -0.0696
v 4.4980 -2.1348 -0.0567
v 4.5762 -2.1348 -0.1214
v 4.6543 -2.1348 -0.1912
v 4.7324 -2.1348 -0.2641
v 4.8105 -2.1348 -0.3344
v 4.8887 -2.1348 -0.3588
v 4.9668 -2.1348 -0.3047
v 5.0449 -2.1348 -0.2317
v 5.1230 -2.1348 -0.1612
v 5.2012 -2.1348 -0.0924
v 4.5762 -2.2129 -0.0522
v 4.6543 -2.2129 -0.1144
v 4.7324 -2.2129 -0.1900
v 4.8105 -2.2129 -0.2641
v 4.8887 -2.2129 -0.2901
v 4.9668 -2.2129 -0.2336
v 5.0449 -2.2129 -0.1564
v 5.1230 -2.2129 -0.0851
v 4.6543 -2.2910 -0.0501
v 4.7324 -2.2910 -0.1192
v 4.8105 -2.2910 -0.1958
v 4.8887 -2.2910 -0.2231
v 4.9668 -2.2910 -0.1645
v 5.0449 -2.2910 -0.0871
v 4.7324 -2.3691 -0.0563
v 4.8105 -2.3691 -0.1243
v 4.8887 -2.3691 -0.1495
v 4.9668 -2.3691 -0.0949
v 4.8105 -2.4473 -0.0521
v 4.8887 -2.4473 -0.0680
v 2.6721 2.4138 0.0000
v 2.7310 2.4024 0.0000
v 2.7675 2.3974 0.0000
v 2.8152 2.4089 0.0000
v 2.6025 2.3437 0.0000
v 2.6782 2.3412 0.0000
v 2.7012 2.3965 0.0467
v 2.7793 2.3965 0.0610
v 2.8052 2.3383 0.0000
v 2.8780 2.3436 0.0000
v 2.5236 2.2648 0.0000
v 2.6026 2.2657 0.0000
v 2.6230 2.3184 0.0521
v 2.7012 2.3184 0.1169
v 2.7793 2.3184 0.1391
v 2.8574 2.3184 0.0851
v 2.8769 2.2667 0.0000
v 2.9558 2.2658 0.0000
v 2.4414 2.1826 0.0000
v 2.5213 2.1842 0.0000
v 2.5449 2.2402 0.0486
v 2.6230 2.2402 0.1159
v 2.7012 2.2402 0.1901
v 2.7793 2.2402 0.2123
v 2.8574 2.2402 0.1536
v 2.9355 2.2402 0.0791
v 2.9581 2.1853 0.0000
v 3.0389 2.1827 0.0000
v 2.3648 2.1059 0.0000
v 2.4410 2.1041 0.0000
v 2.4668 2.1621 0.0486
v 2.5449 2.1621 0.1132
v 2.6230 2.1621 0.1899
v 2.7012 2.1621 0.2626
v 2.7793 2.1621 0.2834
v 2.8574 2.1621 0.2255
v 2.9355 2.1621 0.1487
v 3.0137 2.1621 0.0757
v 3.0400 2.1036 0.0000
v 3.1176 2.1041 0.0000
v 2.3706 2.0341 0.0000
v 2.3887 2.0840 0.0506
v 2.4668 2.0840 0.1162
v 2.5449 2.0840 0.1912
v 2.6230 2.0840 0.2649
v 2.7012 2.0840 0.3342
v 2.7793 2.0840 0.3535
v 2.8574 2.0840 0.2962
v 2.9355 2.0840 0.2222
v 3.0137 2.0840 0.1477
v 3.0918 2.0840 0.0783
v 3.1132 2.0302 0.0000
v 3.1842 2.0390 0.0000
v 2.3855 1.9837 0.0000
v 2.3887 2.0059 0.1006
v 2.4668 2.0059 0.1844
v 2.5449 2.0059 0.2605
v 2.6230 2.0059 0.3316
v 2.7012 2.0059 0.3983
v 2.7793 2.0059 0.4163
v 2.8574 2.0059 0.3596
v 2.9355 2.0059 0.2864
v 3.0137 2.0059 0.2130
v 3.0918 2.0059 0.1386
v 3.1699 2.0059 0.0635
v 3.1718 1.9890 0.0000
v 2.3818 1.9598 0.0000
v 2.3887 1.9277 0.0938
v 2.4668 1.9277 0.1813
v 2.5449 1.9277 0.2633
v 2.6230 1.9277 0.3402
v 2.7012 1.9277 0.4127
v 2.7793 1.9277 0.4333
v 2.8574 1.9277 0.3719
v 2.9355 1.9277 0.2920
v 3.0137 1.9277 0.2128
v 3.0918 1.9277 0.1330
v 3.1699 1.9277 0.0570
v 3.1744 1.9539 0.0000
v 2.3722 1.8976 0.0000
v 2.3887 1.8496 0.0456
v 2.4668 1.8496 0.1192
v 2.5449 1.8496 0.2061
v 2.6230 1.8496 0.2904
v 2.7012 1.8496 0.3680
v 2.7793 1.8496 0.3903
v 2.8574 1.8496 0.3254
v 2.9355 1.8496 0.2399
v 3.0137 1.8496 0.1545
v 3.0918 1.8496 0.0753
v 3.1091 1.8986 0.0000
v 3.1843 1.8948 0.0000
v 2.3704 1.8216 0.0000
v 2.4493 1.8207 0.0000
v 2.4668 1.7715 0.0606
v 2.5449 1.7715 0.1440
v 2.6230 1.7715 0.2332
v 2.7012 1.7715 0.3144
v 2.7793 1.7715 0.3381
v 2.8574 1.7715 0.2707
v 2.9355 1.7715 0.1814
v 3.0137 1.7715 0.0935
v 3.0295 1.8186 0.0000
v 3.1094 1.8209 0.0000
v 2.4525 1.7384 0.0000
v 2.5319 1.7366 0.0000
v 2.5449 1.6934 0.0870
v 2.6230 1.6934 0.1770
v 2.7012 1.6934 0.2642
v 2.7793 1.6934 0.2913
v 2.8574 1.6934 0.2214
v 2.9355 1.6934 0.1276
v 3.0137 1.6934 0.0484
v 3.0266 1.7363 0.0000
v 2.5352 1.6530 0.0000
v 2.5449 1.6152 0.0440
v 2.6230 1.6152 0.1253
v 2.7012 1.6152 0.2172
v 2.7793 1.6152 0.2486
v 2.8574 1.6152 0.1783
v 2.9355 1.6152 0.0848
v 2.9436 1.6498 0.0000
v 3.0236 1.6534 0.0000
v 2.5406 1.5628 0.0000
v 2.6207 1.5561 0.0000
v 2.6230 1.5371 0.0902
v 2.7012 1.5371 0.1844
v 2.7793 1.5371 0.2135
v 2.8574 1.5371 0.1387
v 2.9355 1.5371 0.0510
v 2.9424 1.5691 0.0000
v 2.5386 1.4281 0.0000
v 2.6179 1.4310 0.0000
v 2.6230 1.4590 0.1004
v 2.7012 1.4590 0.1900
v 2.7793 1.4590 0.2024
v 2.8574 1.4590 0.1187
v 2.8574 1.4579 0.0000
v 2.9356 1.4563 0.0000
v 2.5372 1.3470 0.0000
v 2.5449 1.3809 0.0550
v 2.6230 1.3809 0.1420
v 2.7012 1.3809 0.2251
v 2.7793 1.3809 0.2252
v 2.8574 1.3809 0.1408
v 2.9355 1.3809 0.0533
v 2.9439 1.3458 0.0000
v 2.4542 1.2602 0.0000
v 2.5338 1.2626 0.0000
v 2.5449 1.3027 0.0958
v 2.6230 1.3027 0.1882
v 2.7012 1.3027 0.2684
v 2.7793 1.3027 0.2659
v 2.8574 1.3027 0.1832
v 2.9355 1.3027 0.0921
v 2.9474 1.2614 0.0000
v 3.0270 1.2591 0.0000
v 2.3712 1.1753 0.0000
v 2.4514 1.1780 0.0000
v 2.4668 1.2246 0.0608
v 2.5449 1.2246 0.1463
v 2.6230 1.2246 0.2381
v 2.7012 1.2246 0.3147
v 2.7793 1.2246 0.3116
v 2.8574 1.2246 0.2310
v 2.9355 1.2246 0.1421
v 3.0137 1.2246 0.0631
v 3.0296 1.1774 0.0000
v 3.1097 1.1748 0.0000
v 2.3712 1.0973 0.0000
v 2.3887 1.1465 0.0439
v 2.4668 1.1465 0.1161
v 2.5449 1.1465 0.2063
v 2.6230 1.1465 0.2942
v 2.7012 1.1465 0.3668
v 2.7793 1.1465 0.3635
v 2.8574 1.1465 0.2858
v 2.9355 1.1465 0.1996
v 3.0137 1.1465 0.1166
v 3.0918 1.1465 0.0488
v 3.1096 1.0968 0.0000
v 2.3038 1.0366 0.0000
v 2.3765 1.0265 0.0000
v 2.3887 1.0684 0.0942
v 2.4668 1.0684 0.1813
v 2.5449 1.0684 0.2677
v 2.6230 1.0684 0.3504
v 2.7012 1.0684 0.4204
v 2.7793 1.0684 0.4185
v 2.8574 1.0684 0.3440
v 2.9355 1.0684 0.2612
v 3.0137 1.0684 0.1798
v 3.0918 1.0684 0.0994
v 3.1051 1.0259 0.0000
v 3.1771 1.0357 0.0000
v 2.3105 0.9925 0.0000
v 2.3105 0.9902 0.0454
v 2.3887 0.9902 0.1262
v 2.4668 0.9902 0.2149
v 2.5449 0.9902 0.2975
v 2.6230 0.9902 0.3768
v 2.7012 0.9902 0.4468
v 2.7793 0.9902 0.4485
v 2.8574 0.9902 0.3782
v 2.9355 0.9902 0.2978
v 3.0137 0.9902 0.2156
v 3.0918 0.9902 0.1299
v 3.1699 0.9902 0.0513
v 3.1700 0.9925 0.0000
v 2.3027 0.9463 0.0000
v 2.3752 0.9559 0.0000
v 2.3887 0.9121 0.0895
v 2.4668 0.9121 0.1739
v 2.5449 0.9121 0.2561
v 2.6230 0.9121 0.3376
v 2.7012 0.9121 0.4119
v 2.7793 0.9121 0.4176
v 2.8574 0.9121 0.3483
v 2.9355 0.9121 0.2659
v 3.0137 0.9121 0.1801
v 3.0918 0.9121 0.0934
v 3.1057 0.9566 0.0000
v 3.1782 0.9471 0.0000
v 2.3708 0.8837 0.0000
v 2.4083 0.8503 0.0000
v 2.4668 0.8340 0.1073
v 2.5449 0.8340 0.1928
v 2.6230 0.8340 0.2787
v 2.7012 0.8340 0.3558
v 2.7793 0.8340 0.3625
v 2.8574 0.8340 0.2934
v 2.9355 0.8340 0.2089
v 3.0137 0.8340 0.1193
v 3.0918 0.8340 0.0434
v 3.1098 0.8838 0.0000
v 2.4513 0.8026 0.0000
v 2.4668 0.7559 0.0530
v 2.5449 0.7559 0.1324
v 2.6230 0.7559 0.2227
v 2.7012 0.7559 0.3030
v 2.7793 0.7559 0.3081
v 2.8574 0.7559 0.2342
v 2.9355 0.7559 0.1468
v 3.0137 0.7559 0.0623
v 3.0290 0.8024 0.0000
v 3.1095 0.8053 0.0000
v 2.4538 0.7208 0.0000
v 2.5336 0.7182 0.0000
v 2.5449 0.6777 0.0810
v 2.6230 0.6777 0.1730
v 2.7012 0.6777 0.2567
v 2.7793 0.6777 0.2603
v 2.8574 0.6777 0.1799
v 2.9355 0.6777 0.0890
v 2.9467 0.7179 0.0000
v 3.0266 0.7207 0.0000
v 2.5369 0.6341 0.0000
v 2.5449 0.5996 0.0445
v 2.6230 0.5996 0.1266
v 2.7012 0.5996 0.2118
v 2.7793 0.5996 0.2150
v 2.8574 0.5996 0.1315
v 2.9355 0.5996 0.0487
v 2.9435 0.6340 0.0000
v 2.5398 0.5493 0.0000
v 2.6198 0.5437 0.0000
v 2.6230 0.5215 0.0923
v 2.7012 0.5215 0.1784
v 2.7793 0.5215 0.1815
v 2.8574 0.5215 0.0958
v 2.8605 0.5432 0.0000
v 2.9405 0.5490 0.0000
v 2.5384 0.4120 0.0000
v 2.6181 0.4161 0.0000
v 2.6230 0.4434 0.1011
v 2.7012 0.4434 0.1855
v 2.7793 0.4434 0.1873
v 2.8574 0.4434 0.1021
v 2.8622 0.4165 0.0000
v 2.9420 0.4122 0.0000
v 2.5365 0.3300 0.0000
v 2.5449 0.3652 0.0538
v 2.6230 0.3652 0.1435
v 2.7012 0.3652 0.2266
v 2.7793 0.3652 0.2286
v 2.8574 0.3652 0.1461
v 2.9355 0.3652 0.0586
v 2.9438 0.3302 0.0000
v 2.4535 0.2435 0.0000
v 2.5330 0.2456 0.0000
v 2.5449 0.2871 0.0929
v 2.6230 0.2871 0.1881
v 2.7012 0.2871 0.2717
v 2.7793 0.2871 0.2762
v 2.8574 0.2871 0.1973
v 2.9355 0.2871 0.1052
v 2.9473 0.2459 0.0000
v 3.0269 0.2436 0.0000
v 2.3707 0.1591 0.0000
v 2.4507 0.1614 0.0000
v 2.4668 0.2090 0.0588
v 2.5449 0.2090 0.1402
v 2.6230 0.2090 0.2336
v 2.7012 0.2090 0.3164
v 2.7793 0.2090 0.3233
v 2.8574 0.2090 0.2488
v 2.9355 0.2090 0.1590
v 3.0137 0.2090 0.0724
v 3.0296 0.1617 0.0000
v 3.1097 0.1592 0.0000
v 2.3711 0.0814 0.0000
v 2.3887 0.1309 0.0457
v 2.4668 0.1309 0.1122
v 2.5449 0.1309 0.1964
v 2.6230 0.1309 0.2854
v 2.7012 0.1309 0.3664
v 2.7793 0.1309 0.3749
v 2.8574 0.1309 0.3034
v 2.9355 0.1309 0.2156
v 3.0137 0.1309 0.1274
v 3.0918 0.1309 0.0533
v 3.1095 0.0813 0.0000
v 2.3056 0.0253 0.0000
v 2.3784 0.0140 0.0000
v 2.3887 0.0527 0.0923
v 2.4668 0.0527 0.1737
v 2.5449 0.0527 0.2542
v 2.6230 0.0527 0.3362
v 2.7012 0.0527 0.4139
v 2.7793 0.0527 0.4254
v 2.8574 0.0527 0.3576
v 2.9355 0.0527 0.2735
v 3.0137 0.0527 0.1892
v 3.0918 0.0527 0.1073
v 3.1601 0.0462 0.0000
v 3.1786 0.0170 0.0000
v 2.3094 -0.0118 0.0000
v 2.3105 -0.0254 0.0370
v 2.3887 -0.0254 0.1071
v 2.4668 -0.0254 0.1895
v 2.5449 -0.0254 0.2646
v 2.6230 -0.0254 0.3377
v 2.7012 -0.0254 0.4092
v 2.7793 -0.0254 0.4293
v 2.8574 -0.0254 0.3730
v 2.9355 -0.0254 0.2974
v 3.0137 -0.0254 0.2198
v 3.0918 -0.0254 0.1395
v 3.1699 -0.0254 0.0590
v 3.1700 -0.0287 0.0000
v 2.3006 -0.0654 0.0000
v 2.3727 -0.0562 0.0000
v 2.3887 -0.1035 0.0639
v 2.4668 -0.1035 0.1327
v 2.5449 -0.1035 0.2044
v 2.6230 -0.1035 0.2757
v 2.7012 -0.1035 0.3469
v 2.7793 -0.1035 0.3713
v 2.8574 -0.1035 0.3189
v 2.9355 -0.1035 0.2478
v 3.0137 -0.1035 0.1744
v 3.0918 -0.1035 0.1005
v 3.1313 -0.0704 0.0000
v 3.1804 -0.0644 0.0000
v 2.3658 -0.1264 0.0000
v 2.4412 -0.1238 0.0000
v 2.4668 -0.1816 0.0641
v 2.5449 -0.1816 0.1283
v 2.6230 -0.1816 0.2019
v 2.7012 -0.1816 0.2750
v 2.7793 -0.1816 0.2992
v 2.8574 -0.1816 0.2459
v 2.9355 -0.1816 0.1741
v 3.0137 -0.1816 0.1033
v 3.0401 -0.1230 0.0000
v 3.1169 -0.1243 0.0000
v 2.4412 -0.2019 0.0000
v 2.5207 -0.2032 0.0000
v 2.5449 -0.2598 0.0608
v 2.6230 -0.2598 0.1283
v 2.7012 -0.2598 0.2019
v 2.7793 -0.2598 0.2253
v 2.8574 -0.2598 0.1702
v 2.9355 -0.2598 0.0993
v 2.9589 -0.2041 0.0000
v 3.0393 -0.2019 0.0000
v 2.5232 -0.2838 0.0000
v 2.6025 -0.2851 0.0000
v 2.6230 -0.3379 0.0621
v 2.7012 -0.3379 0.1277
v 2.7793 -0.3379 0.1503
v 2.8574 -0.3379 0.0966
v 2.8771 -0.2861 0.0000
v 2.9562 -0.2849 0.0000
v 2.6027 -0.3634 0.0000
v 2.6792 -0.3617 0.0000
v 2.7012 -0.4160 0.0582
v 2.7793 -0.4160 0.0739
v 2.8345 -0.3921 0.0000
v 2.8774 -0.3638 0.0000
v 2.6740 -0.4349 0.0000
v 2.7340 -0.4232 0.0000
v 2.7660 -0.4172 0.0000
v 2.8125 -0.4302 0.0000
v 2.7012 2.3965 -0.0467
v 2.7793 2.3965 -0.0610
v 2.6230 2.3184 -0.0521
v 2.7012 2.3184 -0.1169
v 2.7793 2.3184 -0.1391
v 2.8574 2.3184 -0.0851
v 2.5449 2.2402 -0.0486
v 2.6230 2.2402 -0.1159
v 2.7012 2.2402 -0.1901
v 2.7793 2.2402 -0.2123
v 2.8574 2.2402 -0.1536
v 2.9355 2.2402 -0.0791
v 2.4668 2.1621 -0.0486
v 2.5449 2.1621 -0.1132
v 2.6230 2.1621 -0.1899
v 2.7012 2.1621 -0.2626
v 2.7793 2.1621 -0.2834
v 2.8574 2.1621 -0.2255
v 2.9355 2.1621 -0.1487
v 3.0137 2.1621 -0.0757
v 2.3887 2.0840 -0.0506
v 2.4668 2.0840 -0.1162
v 2.5449 2.0840 -0.1912
v 2.6230 2.0840 -0.2649
v 2.7012 2.0840 -0.3342
v 2.7793 2.0840 -0.3535
v 2.8574 2.0840 -0.2962
v 2.9355 2.0840 -0.2222
v 3.0137 2.0840 -0.1477
v 3.0918 2.0840 -0.0783
v 2.3887 2.0059 -0.1006
v 2.4668 2.0059 -0.1844
v 2.5449 2.0059 -0.2605
v 2.6230 2.0059 -0.3316
v 2.7012 2.0059 -0.3983
v 2.7793 2.0059 -0.4163
v 2.8574 2.0059 -0.3596
v 2.9355 2.0059 -0.2864
v 3.0137 2.0059 -0.2130
v 3.0918 2.0059 -0.1386
v 3.1699 2.0059 -0.0635
v 2.3887 1.9277 -0.0938
v 2.4668 1.9277 -0.1813
v 2.5449 1.9277 -0.2633
v 2.6230 1.9277 -0.3402
v 2.7012 1.9277 -0.4127
v 2.7793 1.9277 -0.4333
v 2.8574 1.9277 -0.3719
v 2.9355 1.9277 -0.2920
v 3.0137 1.9277 -0.2128
v 3.0918 1.9277 -0.1330
v 3.1699 1.9277 -0.0570
v 2.3887 1.8496 -0.0456
v 2.4668 1.8496 -0.1192
v 2.5449 1.8496 -0.2061
v 2.6230 1.8496 -0.2904
v 2.7012 1.8496 -0.3680
v 2.7793 1.8496 -0.3903
v 2.8574 1.8496 -0.3254
v 2.9355 1.8496 -0.2399
v 3.0137 1.8496 -0.1545
v 3.0918 1.8496 -0.0753
v 2.4668 1.7715 -0.0606
v 2.5449 1.7715 -0.1440
v 2.6230 1.7715 -0.2332
v 2.7012 1.7715 -0.3144
v 2.7793 1.7715 -0.3381
v 2.8574 1.7715 -0.2707
v 2.9355 1.7715 -0.1814
v 3.0137 1.7715 -0.0935
v 2.5449 1.6934 -0.0870
v 2.6230 1.6934 -0.1770
v 2.7012 1.6934 -0.2642
v 2.7793 1.6934 -0.2913
v 2.8574 1.6934 -0.2214
v 2.9355 1.6934 -0.1276
v 3.0137 1.6934 -0.0484
v 2.5449 1.6152 -0.0440
v 2.6230 1.6152 -0.1253
v 2.7012 1.6152 -0.2172
v 2.7793 1.6152 -0.2486
v 2.8574 1.6152 -0.1783
v 2.9355 1.6152 -0.0848
v 2.6230 1.5371 -0.0902
v 2.7012 1.5371 -0.1844
v 2.7793 1.5371 -0.2135
v 2.8574 1.5371 -0.1387
v 2.9355 1.5371 -0.0510
v 2.6230 1.4590 -0.1004
v 2.7012 1.4590 -0.1900
v 2.7793 1.4590 -0.2024
v 2.8574 1.4590 -0.1187
v 2.5449 1.3809 -0.0550
v 2.6230 1.3809 -0.1420
v 2.7012 1.3809 -0.2251
v 2.7793 1.3809 -0.2252
v 2.8574 1.3809 -0.1408
v 2.9355 1.3809 -0.0533
v 2.5449 1.3027 -0.0958
v 2.6230 1.3027 -0.1882
v 2.7012 1.3027 -0.2684
v 2.7793 1.3027 -0.2659
v 2.8574 1.3027 -0.1832
v 2.9355 1.3027 -0.0921
v 2.4668 1.2246 -0.0608
v 2.5449 1.2246 -0.1463
v 2.6230 1.2246 -0.2381
v 2.7012 1.2246 -0.3147
v 2.7793 1.2246 -0.3116
v 2.8574 1.2246 -0.2310
v 2.9355 1.2246 -0.1421
v 3.0137 1.2246 -0.0631
v 2.3887 1.1465 -0.0439
v 2.4668 1.1465 -0.1161
v 2.5449 1.1465 -0.2063
v 2.6230 1.1465 -0.2942
v 2.7012 1.1465 -0.3668
v 2.7793 1.1465 -0.3635
v 2.8574 1.1465 -0.2858
v 2.9355 1.1465 -0.1996
v 3.0137 1.1465 -0.1166
v 3.0918 1.1465 -0.0488
v 2.3887 1.0684 -0.0942
v 2.4668 1.0684 -0.1813
v 2.5449 1.0684 -0.2677
v 2.6230 1.0684 -0.3504
v 2.7012 1.0684 -0.4204
v 2.7793 1.0684 -0.4185
v 2.8574 1.0684 -0.3440
v 2.9355 1.0684 -0.2612
v 3.0137 1.0684 -0.1798
v 3.0918 1.0684 -0.0994
v 2.3105 0.9902 -0.0454
v 2.3887 0.9902 -0.1262
v 2.4668 0.9902 -0.2149
v 2.5449 0.9902 -0.2975
v 2.6230 0.9902 -0.3768
v 2.7012 0.9902 -0.4468
v 2.7793 0.9902 -0.4485
v 2.8574 0.9902 -0.3782
v 2.9355 0.9902 -0.2978
v 3.0137 0.9902 -0.2156
v 3.0918 0.9902 -0.1299
v 3.1699 0.9902 -0.0513
v 2.3887 0.9121 -0.0895
v 2.4668 0.9121 -0.1739
v 2.5449 0.9121 -0.2561
v 2.6230 0.9121 -0.3376
v 2.7012 0.9121 -0.4119
v 2.7793 0.9121 -0.4176
v 2.8574 0.9121 -0.3483
v 2.9355 0.9121 -0.2659
v 3.0137 0.9121 -0.1801
v 3.0918 0.9121 -0.0934
v 2.4668 0.8340 -0.1073
v 2.5449 0.8340 -0.1928
v 2.6230 0.8340 -0.2787
v 2.7012 0.8340 -0.3558
v 2.7793 0.8340 -0.3625
v 2.8574 0.8340 -0.2934
v 2.9355 0.8340 -0.2089
v 3.0137 0.8340 -0.1193
v 3.0918 0.8340 -0.0434
v 2.4668 0.7559 -0.0530
v 2.5449 0.7559 -0.1324
v 2.6230 0.7559 -0.2227
v 2.7012 0.7559 -0.3030
v 2.7793 0.7559 -0.3081
v 2.8574 0.7559 -0.2342
v 2.9355 0.7559 -0.1468
v 3.0137 0.7559 -0.0623
v 2.5449 0.6777 -0.0810
v 2.6230 0.6777 -0.1730
v 2.7012 0.6777 -0.2567
v 2.7793 0.6777 -0.2603
v 2.8574 0.6777 -0.1799
v 2.9355 0.6777 -0.0890
v 2.5449 0.5996 -0.0445
v 2.6230 0.5996 -0.1266
v 2.7012 0.5996 -0.2118
v 2.7793 0.5996 -0.2150
v 2.8574 0.5996 -0.1315
v 2.9355 0.5996 -0.0487
v 2.6230 0.5215 -0.0923
v 2.7012 0.5215 -0.1784
v 2.7793 0.5215 -0.1815
v 2.8574 0.5215 -0.0958
v 2.6230 0.4434 -0.1011
v 2.7012 0.4434 -0.1855
v 2.7793 0.4434 -0.1873
v 2.8574 0.4434 -0.1021
v 2.5449 0.3652 -0.0538
v 2.6230 0.3652 -0.1435
v 2.7012 0.3652 -0.2266
v 2.7793 0.3652 -0.2286
v 2.8574 0.3652 -0.1461
v 2.9355 0.3652 -0.0586
v 2.5449 0.2871 -0.0929
v 2.6230 0.2871 -0.1881
v 2.7012 0.2871 -0.2717
v 2.7793 0.2871 -0.2762
v 2.8574 0.2871 -0.1973
v 2.9355 0.2871 -0.1052
v 2.4668 0.2090 -0.0588
v 2.5449 0.2090 -0.1402
v 2.6230 0.2090 -0.2336
v 2.7012 0.2090 -0.3164
v 2.7793 0.2090 -0.3233
v 2.8574 0.2090 -0.2488
v 2.9355 0.2090 -0.1590
v 3.0137 0.2090 -0.0724
v 2.3887 0.1309 -0.0457
v 2.4668 0.1309 -0.1122
v 2.5449 0.1309 -0.1964
v 2.6230 0.1309 -0.2854
v 2.7012 0.1309 -0.3664
v 2.7793 0.1309 -0.3749
v 2.8574 0.1309 -0.3034
v 2.9355 0.1309 -0.2156
v 3.0137 0.1309 -0.1274
v 3.0918 0.1309 -0.0533
v 2.3887 0.0527 -0.0923
v 2.4668 0.0527 -0.1737
v 2.5449 0.0527 -0.2542
v 2.6230 0.0527 -0.3362
v 2.7012 0.0527 -0.4139
v 2.7793 0.0527 -0.4254
v 2.8574 0.0527 -0.3576
v 2.9355 0.0527 -0.2735
v 3.0137 0.0527 -0.1892
v 3.0918 0.0527 -0.1073
v 2.3105 -0.0254 -0.0370
v 2.3887 -0.0254 -0.1071
v 2.4668 -0.0254 -0.1895
v 2.5449 -0.0254 -0.2646
v 2.6230 -0.0254 -0.3377
v 2.7012 -0.0254 -0.4092
v 2.7793 -0.0254 -0.4293
v 2.8574 -0.0254 -0.3730
v 2.9355 -0.0254 -0.2974
v 3.0137 -0.0254 -0.2198
v 3.0918 -0.0254 -0.1395
v 3.1699 -0.0254 -0.0590
v 2.3887 -0.1035 -0.0639
v 2.4668 -0.1035 -0.1327
v 2.5449 -0.1035 -0.2044
v 2.6230 -0.1035 -0.2757
v 2.7012 -0.1035 -0.3469
v 2.7793 -0.1035 -0.3713
v 2.8574 -0.1035 -0.3189
v 2.9355 -0.1035 -0.2478
v 3.0137 -0.1035 -0.1744
v 3.0918 -0.1035 -0.1005
v 2.4668 -0.1816 -0.0641
v 2.5449 -0.1816 -0.1283
v 2.6230 -0.1816 -0.2019
v 2.7012 -0.1816 -0.2750
v 2.7793 -0.1816 -0.2992
v 2.8574 -0.1816 -0.2459
v 2.9355 -0.1816 -0.1741
v 3.0137 -0.1816 -0.1033
v 2.5449 -0.2598 -0.0608
v 2.6230 -0.2598 -0.1283
v 2.7012 -0.2598 -0.2019
v 2.7793 -0.2598 -0.2253
v 2.8574 -0.2598 -0.1702
v 2.9355 -0.2598 -0.0993
v 2.6230 -0.3379 -0.0621
v 2.7012 -0.3379 -0.1277
v 2.7793 -0.3379 -0.1503
v 2.8574 -0.3379 -0.0966
v 2.7012 -0.4160 -0.0582
v 2.7793 -0.4160 -0.0739
v 0.9540 2.4143 0.0000
v 1.0139 2.4031 0.0000
v 1.0513 2.3970 0.0000
v 1.0975 2.4082 0.0000
v 0.8847 2.3447 0.0000
v 0.9601 2.3418 0.0000
v 0.9824 2.3965 0.0427
v 1.0605 2.3965 0.0565
v 1.0871 2.3378 0.0000
v 1.1594 2.3435 0.0000
v 0.8049 2.2648 0.0000
v 0.8845 2.2663 0.0000
v 0.9043 2.3184 0.0474
v 0.9824 2.3184 0.1087
v 1.0605 2.3184 0.1343
v 1.1387 2.3184 0.0854
v 1.1582 2.2667 0.0000
v 1.2370 2.2659 0.0000
v 0.7220 2.1820 0.0000
v 0.8020 2.1837 0.0000
v 0.8262 2.2402 0.0427
v 0.9043 2.2402 0.1068
v 0.9824 2.2402 0.1830
v 1.0605 2.2402 0.2116
v 1.1387 2.2402 0.1571
v 1.2168 2.2402 0.0839
v 1.2392 2.1855 0.0000
v 1.3201 2.1828 0.0000
v 0.6459 2.1057 0.0000
v 0.7216 2.1035 0.0000
v 0.7480 2.1621 0.0446
v 0.8262 2.1621 0.1039
v 0.9043 2.1621 0.1798
v 0.9824 2.1621 0.2550
v 1.0605 2.1621 0.2830
v 1.1387 2.1621 0.2291
v 1.2168 2.1621 0.1535
v 1.2949 2.1621 0.0828
v 1.3212 2.1036 0.0000
v 1.3989 2.1040 0.0000
v 0.6523 2.0345 0.0000
v 0.6699 2.0840 0.0477
v 0.7480 2.0840 0.1088
v 0.8262 2.0840 0.1803
v 0.9043 2.0840 0.2546
v 0.9824 2.0840 0.3268
v 1.0605 2.0840 0.3536
v 1.1387 2.0840 0.3017
v 1.2168 2.0840 0.2297
v 1.2949 2.0840 0.1561
v 1.3730 2.0840 0.0854
v 1.3948 2.0299 0.0000
v 1.4658 2.0384 0.0000
v 0.6669 1.9844 0.0000
v 0.6699 2.0059 0.0960
v 0.7480 2.0059 0.1754
v 0.8262 2.0059 0.2495
v 0.9043 2.0059 0.3225
v 0.9824 2.0059 0.3931
v 1.0605 2.0059 0.4193
v 1.1387 2.0059 0.3689
v 1.2168 2.0059 0.2979
v 1.2949 2.0059 0.2233
v 1.3730 2.0059 0.1456
v 1.4512 2.0059 0.0680
v 1.4531 1.9885 0.0000
v 0.6633 1.9591 0.0000
v 0.6699 1.9277 0.0941
v 0.7480 1.9277 0.1765
v 0.8262 1.9277 0.2566
v 0.9043 1.9277 0.3349
v 0.9824 1.9277 0.4102
v 1.0605 1.9277 0.4391
v 1.1387 1.9277 0.3839
v 1.2168 1.9277 0.3049
v 1.2949 1.9277 0.2234
v 1.3730 1.9277 0.1403
v 1.4512 1.9277 0.0618
v 1.4559 1.9545 0.0000
v 0.6536 1.8975 0.0000
v 0.6699 1.8496 0.0469
v 0.7480 1.8496 0.1184
v 0.8262 1.8496 0.2018
v 0.9043 1.8496 0.2869
v 0.9824 1.8496 0.3675
v 1.0605 1.8496 0.3985
v 1.1387 1.8496 0.3388
v 1.2168 1.8496 0.2523
v 1.2949 1.8496 0.1647
v 1.3730 1.8496 0.0825
v 1.3904 1.8987 0.0000
v 1.4658 1.8952 0.0000
v 0.6517 1.8216 0.0000
v 0.7305 1.8208 0.0000
v 0.7480 1.7715 0.0581
v 0.8262 1.7715 0.1383
v 0.9043 1.7715 0.2294
v 0.9824 1.7715 0.3154
v 1.0605 1.7715 0.3483
v 1.1387 1.7715 0.2853
v 1.2168 1.7715 0.1941
v 1.2949 1.7715 0.1036
v 1.3105 1.8184 0.0000
v 1.3906 1.8208 0.0000
v 0.7336 1.7386 0.0000
v 0.8131 1.7367 0.0000
v 0.8262 1.6934 0.0816
v 0.9043 1.6934 0.1737
v 0.9824 1.6934 0.2654
v 1.0605 1.6934 0.3011
v 1.1387 1.6934 0.2352
v 1.2168 1.6934 0.1388
v 1.2949 1.6934 0.0536
v 1.3077 1.7362 0.0000
v 0.8163 1.6533 0.0000
v 0.8497 1.6271 0.0000
v 0.9043 1.6152 0.1232
v 0.9824 1.6152 0.2155
v 1.0605 1.6152 0.2532
v 1.1387 1.6152 0.1872
v 1.2168 1.6152 0.0902
v 1.2248 1.6497 0.0000
v 1.3048 1.6532 0.0000
v 0.8967 1.5708 0.0000
v 0.9043 1.5371 0.0790
v 0.9824 1.5371 0.1685
v 1.0605 1.5371 0.2078
v 1.1387 1.5371 0.1414
v 1.2168 1.5371 0.0526
v 1.2238 1.5693 0.0000
v 0.8978 1.4902 0.0000
v 0.9043 1.4590 0.0451
v 0.9824 1.4590 0.1265
v 1.0605 1.4590 0.1671
v 1.1387 1.4590 0.1022
v 1.1438 1.4869 0.0000
v 1.2225 1.4883 0.0000
v 0.8996 1.3542 0.0000
v 0.9819 1.3723 0.0000
v 0.9824 1.3809 0.1035
v 1.0605 1.3809 0.1455
v 1.1387 1.3809 0.0853
v 1.1417 1.3595 0.0000
v 1.2288 1.3393 0.0000
v 0.8033 1.2475 0.0000
v 0.8839 1.2501 0.0000
v 0.9043 1.3027 0.0637
v 0.9824 1.3027 0.1371
v 1.0605 1.3027 0.1770
v 1.1387 1.3027 0.1244
v 1.2168 1.3027 0.0535
v 1.2374 1.2498 0.0000
v 1.3182 1.2471 0.0000
v 0.7215 1.1660 0.0000
v 0.8008 1.1670 0.0000
v 0.8262 1.2246 0.0606
v 0.9043 1.2246 0.1314
v 0.9824 1.2246 0.2058
v 1.0605 1.2246 0.2431
v 1.1387 1.2246 0.1945
v 1.2168 1.2246 0.1167
v 1.2949 1.2246 0.0498
v 1.3205 1.1668 0.0000
v 1.3996 1.1659 0.0000
v 0.6486 1.0928 0.0000
v 0.7225 1.0887 0.0000
v 0.7480 1.1465 0.0626
v 0.8262 1.1465 0.1322
v 0.9043 1.1465 0.2065
v 0.9824 1.1465 0.2781
v 1.0605 1.1465 0.3141
v 1.1387 1.1465 0.2680
v 1.2168 1.1465 0.1927
v 1.2949 1.1465 0.1164
v 1.3730 1.1465 0.0531
v 1.3983 1.0890 0.0000
v 1.4719 1.0935 0.0000
v 0.6585 1.0277 0.0000
v 0.6699 1.0684 0.0612
v 0.7480 1.0684 0.1315
v 0.8262 1.0684 0.2059
v 0.9043 1.0684 0.2779
v 0.9824 1.0684 0.3469
v 1.0605 1.0684 0.3820
v 1.1387 1.0684 0.3383
v 1.2168 1.0684 0.2665
v 1.2949 1.0684 0.1929
v 1.3730 1.0684 0.1203
v 1.4512 1.0684 0.0541
v 1.4617 1.0291 0.0000
v 0.6699 0.9926 0.0000
v 0.6699 0.9902 0.0923
v 0.7480 0.9902 0.1742
v 0.8262 0.9902 0.2511
v 0.9043 0.9902 0.3251
v 0.9824 0.9902 0.3971
v 1.0605 0.9902 0.4341
v 1.1387 0.9902 0.3891
v 1.2168 0.9902 0.3151
v 1.2949 0.9902 0.2401
v 1.3730 0.9902 0.1643
v 1.4512 0.9902 0.0827
v 1.4512 0.9925 0.0000
v 0.6589 0.9522 0.0000
v 0.6699 0.9121 0.0623
v 0.7480 0.9121 0.1389
v 0.8262 0.9121 0.2206
v 0.9043 0.9121 0.3018
v 0.9824 0.9121 0.3818
v 1.0605 0.9121 0.4226
v 1.1387 0.9121 0.3728
v 1.2168 0.9121 0.2908
v 1.2949 0.9121 0.2092
v 1.3730 0.9121 0.1296
v 1.4512 0.9121 0.0555
v 1.4616 0.9511 0.0000
v 0.6526 0.8830 0.0000
v 0.7299 0.8841 0.0000
v 0.7480 0.8340 0.0765
v 0.8262 0.8340 0.1594
v 0.9043 0.8340 0.2469
v 0.9824 0.8340 0.3302
v 1.0605 0.8340 0.3716
v 1.1387 0.8340 0.3195
v 1.2168 0.8340 0.2340
v 1.2949 0.8340 0.1470
v 1.3730 0.8340 0.0687
v 1.3912 0.8841 0.0000
v 1.4683 0.8828 0.0000
v 0.7315 0.8040 0.0000
v 0.8119 0.8008 0.0000
v 0.8262 0.7559 0.1007
v 0.9043 0.7559 0.1913
v 0.9824 0.7559 0.2791
v 1.0605 0.7559 0.3216
v 1.1387 0.7559 0.2656
v 1.2168 0.7559 0.1760
v 1.2949 0.7559 0.0882
v 1.3094 0.8011 0.0000
v 1.3899 0.8043 0.0000
v 0.8141 0.7195 0.0000
v 0.8262 0.6777 0.0523
v 0.9043 0.6777 0.1387
v 0.9824 0.6777 0.2318
v 1.0605 0.6777 0.2765
v 1.1387 0.6777 0.2177
v 1.2168 0.6777 0.1231
v 1.2949 0.6777 0.0440
v 1.3072 0.7198 0.0000
v 0.8177 0.6349 0.0000
v 0.8966 0.6335 0.0000
v 0.9043 0.5996 0.0906
v 0.9824 0.5996 0.1858
v 1.0605 0.5996 0.2343
v 1.1387 0.5996 0.1741
v 1.2168 0.5996 0.0794
v 1.2246 0.6336 0.0000
v 1.3035 0.6352 0.0000
v 0.9003 0.5462 0.0000
v 0.9043 0.5215 0.0566
v 0.9824 0.5215 0.1502
v 1.0605 0.5215 0.2032
v 1.1387 0.5215 0.1408
v 1.2168 0.5215 0.0498
v 1.2210 0.5467 0.0000
v 0.8986 0.4141 0.0000
v 0.9043 0.4434 0.0602
v 0.9824 0.4434 0.1532
v 1.0605 0.4434 0.2058
v 1.1387 0.4434 0.1450
v 1.2168 0.4434 0.0538
v 1.2227 0.4137 0.0000
v 0.8172 0.3290 0.0000
v 0.8964 0.3310 0.0000
v 0.9043 0.3652 0.0968
v 0.9824 0.3652 0.1913
v 1.0605 0.3652 0.2407
v 1.1387 0.3652 0.1840
v 1.2168 0.3652 0.0912
v 1.2248 0.3308 0.0000
v 1.3041 0.3286 0.0000
v 0.8136 0.2446 0.0000
v 0.8262 0.2871 0.0590
v 0.9043 0.2871 0.1436
v 0.9824 0.2871 0.2376
v 1.0605 0.2871 0.2856
v 1.1387 0.2871 0.2312
v 1.2168 0.2871 0.1398
v 1.2949 0.2871 0.0534
v 1.3077 0.2443 0.0000
v 0.7309 0.1602 0.0000
v 0.8115 0.1634 0.0000
v 0.8262 0.2090 0.1079
v 0.9043 0.2090 0.1966
v 0.9824 0.2090 0.2871
v 1.0605 0.2090 0.3337
v 1.1387 0.2090 0.2810
v 1.2168 0.2090 0.1933
v 1.2949 0.2090 0.1032
v 1.3099 0.1630 0.0000
v 1.3904 0.1599 0.0000
v 0.6531 0.0825 0.0000
v 0.7299 0.0808 0.0000
v 0.7480 0.1309 0.0887
v 0.8262 0.1309 0.1684
v 0.9043 0.1309 0.2556
v 0.9824 0.1309 0.3431
v 1.0605 0.1309 0.3881
v 1.1387 0.1309 0.3369
v 1.2168 0.1309 0.2513
v 1.2949 0.1309 0.1630
v 1.3730 0.1309 0.0800
v 1.3912 0.0808 0.0000
v 1.4677 0.0828 0.0000
v 0.6609 0.0163 0.0000
v 0.6699 0.0527 0.0718
v 0.7480 0.0527 0.1489
v 0.8262 0.0527 0.2302
v 0.9043 0.0527 0.3140
v 0.9824 0.0527 0.3994
v 1.0605 0.0527 0.4448
v 1.1387 0.0527 0.3950
v 1.2168 0.0527 0.3112
v 1.2949 0.0527 0.2262
v 1.3730 0.0527 0.1421
v 1.4512 0.0527 0.0650
v 1.4596 0.0175 0.0000
v 0.6697 -0.0190 0.0000
v 0.6699 -0.0254 0.0918
v 0.7480 -0.0254 0.1739
v 0.8262 -0.0254 0.2569
v 0.9043 -0.0254 0.3411
v 0.9824 -0.0254 0.4261
v 1.0605 -0.0254 0.4722
v 1.1387 -0.0254 0.4238
v 1.2168 -0.0254 0.3407
v 1.2949 -0.0254 0.2554
v 1.3730 -0.0254 0.1721
v 1.4512 -0.0254 0.0904
v 1.4514 -0.0194 0.0000
v 0.6586 -0.0629 0.0000
v 0.6699 -0.1035 0.0581
v 0.7480 -0.1035 0.1297
v 0.8262 -0.1035 0.2136
v 0.9043 -0.1035 0.3010
v 0.9824 -0.1035 0.3893
v 1.0605 -0.1035 0.4369
v 1.1387 -0.1035 0.3871
v 1.2168 -0.1035 0.3009
v 1.2949 -0.1035 0.2125
v 1.3730 -0.1035 0.1294
v 1.4512 -0.1035 0.0573
v 1.4620 -0.0639 0.0000
v 0.6534 -0.1336 0.0000
v 0.7311 -0.1331 0.0000
v 0.7480 -0.1816 0.0732
v 0.8262 -0.1816 0.1534
v 0.9043 -0.1816 0.2428
v 0.9824 -0.1816 0.3328
v 1.0605 -0.1816 0.3806
v 1.1387 -0.1816 0.3302
v 1.2168 -0.1816 0.2420
v 1.2949 -0.1816 0.1496
v 1.3730 -0.1816 0.0685
v 1.3900 -0.1331 0.0000
v 1.4675 -0.1338 0.0000
v 0.7331 -0.2138 0.0000
v 0.8135 -0.2172 0.0000
v 0.8262 -0.2598 0.0996
v 0.9043 -0.2598 0.1881
v 0.9824 -0.2598 0.2797
v 1.0605 -0.2598 0.3288
v 1.1387 -0.2598 0.2766
v 1.2168 -0.2598 0.1863
v 1.2949 -0.2598 0.0941
v 1.3078 -0.2169 0.0000
v 1.3883 -0.2134 0.0000
v 0.8153 -0.2982 0.0000
v 0.8262 -0.3379 0.0564
v 0.9043 -0.3379 0.1395
v 0.9824 -0.3379 0.2352
v 1.0605 -0.3379 0.2867
v 1.1387 -0.3379 0.2320
v 1.2168 -0.3379 0.1375
v 1.2949 -0.3379 0.0514
v 1.3059 -0.2980 0.0000
v 0.8188 -0.3829 0.0000
v 0.8977 -0.3847 0.0000
v 0.9043 -0.4160 0.0981
v 0.9824 -0.4160 0.1952
v 1.0605 -0.4160 0.2489
v 1.1387 -0.4160 0.1930
v 1.2168 -0.4160 0.0983
v 1.2234 -0.3846 0.0000
v 1.3024 -0.3826 0.0000
v 0.9018 -0.4746 0.0000
v 0.9043 -0.4941 0.0687
v 0.9824 -0.4941 0.1646
v 1.0605 -0.4941 0.2203
v 1.1387 -0.4941 0.1624
v 1.2168 -0.4941 0.0684
v 1.2194 -0.4741 0.0000
v 0.8993 -0.5999 0.0000
v 0.9043 -0.5723 0.0745
v 0.9824 -0.5723 0.1705
v 1.0605 -0.5723 0.2253
v 1.1387 -0.5723 0.1683
v 1.2168 -0.5723 0.0747
v 1.2220 -0.6002 0.0000
v 0.8178 -0.6857 0.0000
v 0.8973 -0.6827 0.0000
v 0.9043 -0.6504 0.1121
v 0.9824 -0.6504 0.2096
v 1.0605 -0.6504 0.2617
v 1.1387 -0.6504 0.2050
v 1.2168 -0.6504 0.1082
v 1.2240 -0.6831 0.0000
v 1.3036 -0.6861 0.0000
v 0.7356 -0.7709 0.0000
v 0.8148 -0.7692 0.0000
v 0.8262 -0.7285 0.0697
v 0.9043 -0.7285 0.1595
v 0.9824 -0.7285 0.2557
v 1.0605 -0.7285 0.3054
v 1.1387 -0.7285 0.2476
v 1.2168 -0.7285 0.1498
v 1.2949 -0.7285 0.0618
v 1.3064 -0.7693 0.0000
v 0.7321 -0.8539 0.0000
v 0.7480 -0.8066 0.0451
v 0.8262 -0.8066 0.1215
v 0.9043 -0.8066 0.2134
v 0.9824 -0.8066 0.3041
v 1.0605 -0.8066 0.3506
v 1.1387 -0.8066 0.2940
v 1.2168 -0.8066 0.2000
v 1.2949 -0.8066 0.1090
v 1.3145 -0.8471 0.0000
v 1.3892 -0.8542 0.0000
v 0.6541 -0.9319 0.0000
v 0.7311 -0.9333 0.0000
v 0.7480 -0.8848 0.0974
v 0.8262 -0.8848 0.1824
v 0.9043 -0.8848 0.2700
v 0.9824 -0.8848 0.3558
v 1.0605 -0.8848 0.3997
v 1.1387 -0.8848 0.3450
v 1.2168 -0.8848 0.2553
v 1.2949 -0.8848 0.1677
v 1.3730 -0.8848 0.0862
v 1.3899 -0.9333 0.0000
v 1.4667 -0.9315 0.0000
v 0.6620 -0.9971 0.0000
v 0.6699 -0.9629 0.0760
v 0.7480 -0.9629 0.1594
v 0.8262 -0.9629 0.2439
v 0.9043 -0.9629 0.3247
v 0.9824 -0.9629 0.4046
v 1.0605 -0.9629 0.4474
v 1.1387 -0.9629 0.3973
v 1.2168 -0.9629 0.3145
v 1.2949 -0.9629 0.2314
v 1.3730 -0.9629 0.1469
v 1.4512 -0.9629 0.0645
v 1.4585 -0.9959 0.0000
v 0.6693 -1.0310 0.0000
v 0.6699 -1.0410 0.0967
v 0.7480 -1.0410 0.1837
v 0.8262 -1.0410 0.2668
v 0.9043 -1.0410 0.3448
v 0.9824 -1.0410 0.4215
v 1.0605 -1.0410 0.4641
v 1.1387 -1.0410 0.4186
v 1.2168 -1.0410 0.3407
v 1.2949 -1.0410 0.2587
v 1.3730 -1.0410 0.1719
v 1.4512 -1.0410 0.0812
v 1.4517 -1.0316 0.0000
v 0.6579 -1.0774 0.0000
v 0.6699 -1.1191 0.0600
v 0.7480 -1.1191 0.1378
v 0.8262 -1.1191 0.2213
v 0.9043 -1.1191 0.3024
v 0.9824 -1.1191 0.3823
v 1.0605 -1.1191 0.4259
v 1.1387 -1.1191 0.3792
v 1.2168 -1.1191 0.2989
v 1.2949 -1.1191 0.2139
v 1.3730 -1.1191 0.1257
v 1.4512 -1.1191 0.0483
v 1.4626 -1.0784 0.0000
v 0.6532 -1.1490 0.0000
v 0.7310 -1.1486 0.0000
v 0.7480 -1.1973 0.0748
v 0.8262 -1.1973 0.1576
v 0.9043 -1.1973 0.2453
v 0.9824 -1.1973 0.3301
v 1.0605 -1.1973 0.3747
v 1.1387 -1.1973 0.3247
v 1.2168 -1.1973 0.2397
v 1.2949 -1.1973 0.1503
v 1.3730 -1.1973 0.0659
v 1.3901 -1.1486 0.0000
v 1.4677 -1.1491 0.0000
v 0.7332 -1.2295 0.0000
v 0.8136 -1.2328 0.0000
v 0.8262 -1.2754 0.0968
v 0.9043 -1.2754 0.1880
v 0.9824 -1.2754 0.2792
v 1.0605 -1.2754 0.3268
v 1.1387 -1.2754 0.2732
v 1.2168 -1.2754 0.1837
v 1.2949 -1.2754 0.0948
v 1.3077 -1.2325 0.0000
v 1.3882 -1.2291 0.0000
v 0.8154 -1.3140 0.0000
v 0.8262 -1.3535 0.0509
v 0.9043 -1.3535 0.1359
v 0.9824 -1.3535 0.2329
v 1.0605 -1.3535 0.2833
v 1.1387 -1.3535 0.2284
v 1.2168 -1.3535 0.1357
v 1.2949 -1.3535 0.0509
v 1.3058 -1.3137 0.0000
v 0.8189 -1.3987 0.0000
v 0.8977 -1.4002 0.0000
v 0.9043 -1.4316 0.0913
v 0.9824 -1.4316 0.1890
v 1.0605 -1.4316 0.2412
v 1.1387 -1.4316 0.1864
v 1.2168 -1.4316 0.0951
v 1.2235 -1.4001 0.0000
v 1.3023 -1.3984 0.0000
v 0.9025 -1.4929 0.0000
v 0.9043 -1.5098 0.0622
v 0.9824 -1.5098 0.1566
v 1.0605 -1.5098 0.2108
v 1.1387 -1.5098 0.1539
v 1.2168 -1.5098 0.0637
v 1.2188 -1.4924 0.0000
v 0.8988 -1.6167 0.0000
v 0.9043 -1.5879 0.0711
v 0.9824 -1.5879 0.1651
v 1.0605 -1.5879 0.2162
v 1.1387 -1.5879 0.1591
v 1.2168 -1.5879 0.0701
v 1.2224 -1.6169 0.0000
v 0.8174 -1.7019 0.0000
v 0.8971 -1.6988 0.0000
v 0.9043 -1.6660 0.1124
v 0.9824 -1.6660 0.2063
v 1.0605 -1.6660 0.2529
v 1.1387 -1.6660 0.1946
v 1.2168 -1.6660 0.1022
v 1.2242 -1.6991 0.0000
v 1.3039 -1.7024 0.0000
v 0.7352 -1.7870 0.0000
v 0.8145 -1.7852 0.0000
v 0.8262 -1.7441 0.0739
v 0.9043 -1.7441 0.1639
v 0.9824 -1.7441 0.2558
v 1.0605 -1.7441 0.2996
v 1.1387 -1.7441 0.2391
v 1.2168 -1.7441 0.1449
v 1.2949 -1.7441 0.0609
v 1.3066 -1.7853 0.0000
v 0.7318 -1.8700 0.0000
v 0.7480 -1.8223 0.0477
v 0.8262 -1.8223 0.1264
v 0.9043 -1.8223 0.2187
v 0.9824 -1.8223 0.3079
v 1.0605 -1.8223 0.3505
v 1.1387 -1.8223 0.2918
v 1.2168 -1.8223 0.1989
v 1.2949 -1.8223 0.1076
v 1.3551 -1.8349 0.0000
v 1.3895 -1.8702 0.0000
v 0.6543 -1.9473 0.0000
v 0.7310 -1.9491 0.0000
v 0.7480 -1.9004 0.0992
v 0.8262 -1.9004 0.1837
v 0.9043 -1.9004 0.2735
v 0.9824 -1.9004 0.3608
v 1.0605 -1.9004 0.4038
v 1.1387 -1.9004 0.3489
v 1.2168 -1.9004 0.2592
v 1.2949 -1.9004 0.1696
v 1.3730 -1.9004 0.0871
v 1.3900 -1.9490 0.0000
v 1.4665 -1.9469 0.0000
v 0.6629 -2.0109 0.0000
v 0.6699 -1.9785 0.0811
v 0.7480 -1.9785 0.1602
v 0.8262 -1.9785 0.2419
v 0.9043 -1.9785 0.3248
v 0.9824 -1.9785 0.4057
v 1.0605 -1.9785 0.4460
v 1.1387 -1.9785 0.3961
v 1.2168 -1.9785 0.3145
v 1.2949 -1.9785 0.2323
v 1.3730 -1.9785 0.1508
v 1.4512 -1.9785 0.0716
v 1.4577 -2.0097 0.0000
v 0.6685 -2.0419 0.0000
v 0.6699 -2.0566 0.0965
v 0.7480 -2.0566 0.1735
v 0.8262 -2.0566 0.2476
v 0.9043 -2.0566 0.3224
v 0.9824 -2.0566 0.3948
v 1.0605 -2.0566 0.4304
v 1.1387 -2.0566 0.3858
v 1.2168 -2.0566 0.3139
v 1.2949 -2.0566 0.2405
v 1.3730 -2.0566 0.1654
v 1.4512 -2.0566 0.0849
v 1.4524 -2.0428 0.0000
v 0.6545 -2.0881 0.0000
v 0.6699 -2.1348 0.0504
v 0.7480 -2.1348 0.1115
v 0.8262 -2.1348 0.1806
v 0.9043 -2.1348 0.2557
v 0.9824 -2.1348 0.3301
v 1.0605 -2.1348 0.3673
v 1.1387 -2.1348 0.3224
v 1.2168 -2.1348 0.2495
v 1.2949 -2.1348 0.1760
v 1.3730 -2.1348 0.1052
v 1.4512 -2.1348 0.0429
v 1.4657 -2.0893 0.0000
v 0.6466 -2.1572 0.0000
v 0.7218 -2.1545 0.0000
v 0.7480 -2.2129 0.0440
v 0.8262 -2.2129 0.1005
v 0.9043 -2.2129 0.1766
v 0.9824 -2.2129 0.2556
v 1.0605 -2.2129 0.2967
v 1.1387 -2.2129 0.2512
v 1.2168 -2.2129 0.1734
v 1.2949 -2.2129 0.0976
v 1.3276 -2.1617 0.0000
v 1.3991 -2.1547 0.0000
v 1.4736 -2.1581 0.0000
v 0.7217 -2.2325 0.0000
v 0.8013 -2.2339 0.0000
v 0.8376 -2.2799 0.0000
v 0.9043 -2.2910 0.0995
v 0.9824 -2.2910 0.1788
v 1.0605 -2.2910 0.2220
v 1.1387 -2.2910 0.1769
v 1.2168 -2.2910 0.1001
v 1.2391 -2.2364 0.0000
v 1.3200 -2.2337 0.0000
v 0.8842 -2.3168 0.0000
v 0.9043 -2.3691 0.0421
v 0.9824 -2.3691 0.1034
v 1.0605 -2.3691 0.1434
v 1.1387 -2.3691 0.1024
v 1.1857 -2.3417 0.0000
v 1.2370 -2.3167 0.0000
v 0.8849 -2.3957 0.0000
v 0.9612 -2.3937 0.0000
v 0.9824 -2.4473 0.0415
v 1.0605 -2.4473 0.0644
v 1.1387 -2.4473 0.0400
v 1.1595 -2.3941 0.0000
v 0.9560 -2.4669 0.0000
v 1.0191 -2.4564 0.0000
v 1.0578 -2.4473 0.0000
v 1.0993 -2.4579 0.0000
v 1.1642 -2.4676 0.0000
v 0.9824 2.3965 -0.0427
v 1.0605 2.3965 -0.0565
v 0.9043 2.3184 -0.0474
v 0.9824 2.3184 -0.1087
v 1.0605 2.3184 -0.1343
v 1.1387 2.3184 -0.0854
v 0.8262 2.2402 -0.0427
v 0.9043 2.2402 -0.1068
v 0.9824 2.2402 -0.1830
v 1.0605 2.2402 -0.2116
v 1.1387 2.2402 -0.1571
v 1.2168 2.2402 -0.0839
v 0.7480 2.1621 -0.0446
v 0.8262 2.1621 -0.1039
v 0.9043 2.1621 -0.1798
v 0.9824 2.1621 -0.2550
v 1.0605 2.1621 -0.2830
v 1.1387 2.1621 -0.2291
v 1.2168 2.1621 -0.1535
v 1.2949 2.1621 -0.0828
v 0.6699 2.0840 -0.0477
v 0.7480 2.0840 -0.1088
v 0.8262 2.0840 -0.1803
v 0.9043 2.0840 -0.2546
v 0.9824 2.0840 -0.3268
v 1.0605 2.0840 -0.3536
v 1.1387 2.0840 -0.3017
v 1.2168 2.0840 -0.2297
v 1.2949 2.0840 -0.1561
v 1.3730 2.0840 -0.0854
v 0.6699 2.0059 -0.0960
v 0.7480 2.0059 -0.1754
v 0.8262 2.0059 -0.2495
v 0.9043 2.0059 -0.3225
v 0.9824 2.0059 -0.3931
v 1.0605 2.0059 -0.4193
v 1.1387 2.0059 -0.3689
v 1.2168 2.0059 -0.2979
v 1.2949 2.0059 -0.2233
v 1.3730 2.0059 -0.1456
v 1.4512 2.0059 -0.0680
v 0.6699 1.9277 -0.0941
v 0.7480 1.9277 -0.1765
v 0.8262 1.9277 -0.2566
v 0.9043 1.9277 -0.3349
v 0.9824 1.9277 -0.4102
v 1.0605 1.9277 -0.4391
v 1.1387 1.9277 -0.3839
v 1.2168 1.9277 -0.3049
v 1.2949 1.9277 -0.2234
v 1.3730 1.9277 -0.1403
v 1.4512 1.9277 -0.0618
v 0.6699 1.8496 -0.0469
v 0.7480 1.8496 -0.1184
v 0.8262 1.8496 -0.2018
v 0.9043 1.8496 -0.2869
v 0.9824 1.8496 -0.3675
v 1.0605 1.8496 -0.3985
v 1.1387 1.8496 -0.3388
v 1.2168 1.8496 -0.2523
v 1.2949 1.8496 -0.1647
v 1.3730 1.8496 -0.0825
v 0.7480 1.7715 -0.0581
v 0.8262 1.7715 -0.1383
v 0.9043 1.7715 -0.2294
v 0.9824 1.7715 -0.3154
v 1.0605 1.7715 -0.3483
v 1.1387 1.7715 -0.2853
v 1.2168 1.7715 -0.1941
v 1.2949 1.7715 -0.1036
v 0.8262 1.6934 -0.0816
v 0.9043 1.6934 -0.1737
v 0.9824 1.6934 -0.2654
v 1.0605 1.6934 -0.3011
v 1.1387 1.6934 -0.2352
v 1.2168 1.6934 -0.1388
v 1.2949 1.6934 -0.0536
v 0.9043 1.6152 -0.1232
v 0.9824 1.6152 -0.2155
v 1.0605 1.6152 -0.2532
v 1.1387 1.6152 -0.1872
v 1.2168 1.6152 -0.0902
v 0.9043 1.5371 -0.0790
v 0.9824 1.5371 -0.1685
v 1.0605 1.5371 -0.2078
v 1.1387 1.5371 -0.1414
v 1.2168 1.5371 -0.0526
v 0.9043 1.4590 -0.0451
v 0.9824 1.4590 -0.1265
v 1.0605 1.4590 -0.1671
v 1.1387 1.4590 -0.1022
v 0.9824 1.3809 -0.1035
v 1.0605 1.3809 -0.1455
v 1.1387 1.3809 -0.0853
v 0.9043 1.3027 -0.0637
v 0.9824 1.3027 -0.1371
v 1.0605 1.3027 -0.1770
v 1.1387 1.3027 -0.1244
v 1.2168 1.3027 -0.0535
v 0.8262 1.2246 -0.0606
v 0.9043 1.2246 -0.1314
v 0.9824 1.2246 -0.2058
v 1.0605 1.2246 -0.2431
v 1.1387 1.2246 -0.1945
v 1.2168 1.2246 -0.1167
v 1.2949 1.2246 -0.0498
v 0.7480 1.1465 -0.0626
v 0.8262 1.1465 -0.1322
v 0.9043 1.1465 -0.2065
v 0.9824 1.1465 -0.2781
v 1.0605 1.1465 -0.3141
v 1.1387 1.1465 -0.2680
v 1.2168 1.1465 -0.1927
v 1.2949 1.1465 -0.1164
v 1.3730 1.1465 -0.0531
v 0.6699 1.0684 -0.0612
v 0.7480 1.0684 -0.1315
v 0.8262 1.0684 -0.2059
v 0.9043 1.0684 -0.2779
v 0.9824 1.0684 -0.3469
v 1.0605 1.0684 -0.3820
v 1.1387 1.0684 -0.3383
v 1.2168 1.0684 -0.2665
v 1.2949 1.0684 -0.1929
v 1.3730 1.0684 -0.1203
v 1.4512 1.0684 -0.0541
v 0.6699 0.9902 -0.0923
v 0.7480 0.9902 -0.1742
v 0.8262 0.9902 -0.2511
v 0.9043 0.9902 -0.3251
v 0.9824 0.9902 -0.3971
v 1.0605 0.9902 -0.4341
v 1.1387 0.9902 -0.3891
v 1.2168 0.9902 -0.3151
v 1.2949 0.9902 -0.2401
v 1.3730 0.9902 -0.1643
v 1.4512 0.9902 -0.0827
v 0.6699 0.9121 -0.0623
v 0.7480 0.9121 -0.1389
v 0.8262 0.9121 -0.2206
v 0.9043 0.9121 -0.3018
v 0.9824 0.9121 -0.3818
v 1.0605 0.9121 -0.4226
v 1.1387 0.9121 -0.3728
v 1.2168 0.9121 -0.2908
v 1.2949 0.9121 -0.2092
v 1.3730 0.9121 -0.1296
v 1.4512 0.9121 -0.0555
v 0.7480 0.8340 -0.0765
v 0.8262 0.8340 -0.1594
v 0.9043 0.8340 -0.2469
v 0.9824 0.8340 -0.3302
v 1.0605 0.8340 -0.3716
v 1.1387 0.8340 -0.3195
v 1.2168 0.8340 -0.2340
v 1.2949 0.8340 -0.1470
v 1.3730 0.8340 -0.0687
v 0.8262 0.7559 -0.1007
v 0.9043 0.7559 -0.1913
v 0.9824 0.7559 -0.2791
v 1.0605 0.7559 -0.3216
v 1.1387 0.7559 -0.2656
v 1.2168 0.7559 -0.1760
v 1.2949 0.7559 -0.0882
v 0.8262 0.6777 -0.0523
v 0.9043 0.6777 -0.1387
v 0.9824 0.6777 -0.2318
v 1.0605 0.6777 -0.2765
v 1.1387 0.6777 -0.2177
v 1.2168 0.6777 -0.1231
v 1.2949 0.6777 -0.0440
v 0.9043 0.5996 -0.0906
v 0.9824 0.5996 -0.1858
v 1.0605 0.5996 -0.2343
v 1.1387 0.5996 -0.1741
v 1.2168 0.5996 -0.0794
v 0.9043 0.5215 -0.0566
v 0.9824 0.5215 -0.1502
v 1.0605 0.5215 -0.2032
v 1.1387 0.5215 -0.1408
v 1.2168 0.5215 -0.0498
v 0.9043 0.4434 -0.0602
v 0.9824 0.4434 -0.1532
v 1.0605 0.4434 -0.2058
v 1.1387 0.4434 -0.1450
v 1.2168 0.4434 -0.0538
v 0.9043 0.3652 -0.0968
v 0.9824 0.3652 -0.1913
v 1.0605 0.3652 -0.2407
v 1.1387 0.3652 -0.1840
v 1.2168 0.3652 -0.0912
v 0.8262 0.2871 -0.0590
v 0.9043 0.2871 -0.1436
v 0.9824 0.2871 -0.2376
v 1.0605 0.2871 -0.2856
v 1.1387 0.2871 -0.2312
v 1.2168 0.2871 -0.1398
v 1.2949 0.2871 -0.0534
v 0.8262 0.2090 -0.1079
v 0.9043 0.2090 -0.1966
v 0.9824 0.2090 -0.2871
v 1.0605 0.2090 -0.3337
v 1.1387 0.2090 -0.2810
v 1.2168 0.2090 -0.1933
v 1.2949 0.2090 -0.1032
v 0.7480 0.1309 -0.0887
v 0.8262 0.1309 -0.1684
v 0.9043 0.1309 -0.2556
v 0.9824 0.1309 -0.3431
v 1.0605 0.1309 -0.3881
v 1.1387 0.1309 -0.3369
v 1.2168 0.1309 -0.2513
v 1.2949 0.1309 -0.1630
v 1.3730 0.1309 -0.0800
v 0.6699 0.0527 -0.0718
v 0.7480 0.0527 -0.1489
v 0.8262 0.0527 -0.2302
v 0.9043 0.0527 -0.3140
v 0.9824 0.0527 -0.3994
v 1.0605 0.0527 -0.4448
v 1.1387 0.0527 -0.3950
v 1.2168 0.0527 -0.3112
v 1.2949 0.0527 -0.2262
v 1.3730 0.0527 -0.1421
v 1.4512 0.0527 -0.0650
v 0.6699 -0.0254 -0.0918
v 0.7480 -0.0254 -0.1739
v 0.8262 -0.0254 -0.2569
v 0.9043 -0.0254 -0.3411
v 0.9824 -0.0254 -0.4261
v 1.0605 -0.0254 -0.4722
v 1.1387 -0.0254 -0.4238
v 1.2168 -0.0254 -0.3407
v 1.2949 -0.0254 -0.2554
v 1.3730 -0.0254 -0.1721
v 1.4512 -0.0254 -0.0904
v 0.6699 -0.1035 -0.0581
v 0.7480 -0.1035 -0.1297
v 0.8262 -0.1035 -0.2136
v 0.9043 -0.1035 -0.3010
v 0.9824 -0.1035 -0.3893
v 1.0605 -0.1035 -0.4369
v 1.1387 -0.1035 -0.3871
v 1.2168 -0.1035 -0.3009
v 1.2949 -0.1035 -0.2125
v 1.3730 -0.1035 -0.1294
v 1.4512 -0.1035 -0.0573
v 0.7480 -0.1816 -0.0732
v 0.8262 -0.1816 -0.1534
v 0.9043 -0.1816 -0.2428
v 0.9824 -0.1816 -0.3328
v 1.0605 -0.1816 -0.3806
v 1.1387 -0.1816 -0.3302
v 1.2168 -0.1816 -0.2420
v 1.2949 -0.1816 -0.1496
v 1.3730 -0.1816 -0.0685
v 0.8262 -0.2598 -0.0996
v 0.9043 -0.2598 -0.1881
v 0.9824 -0.2598 -0.2797
v 1.0605 -0.2598 -0.3288
v 1.1387 -0.2598 -0.2766
v 1.2168 -0.2598 -0.1863
v 1.2949 -0.2598 -0.0941
v 0.8262 -0.3379 -0.0564
v 0.9043 -0.3379 -0.1395
v 0.9824 -0.3379 -0.2352
v 1.0605 -0.3379 -0.2867
v 1.1387 -0.3379 -0.2320
v 1.2168 -0.3379 -0.1375
v 1.2949 -0.3379 -0.0514
v 0.9043 -0.4160 -0.0981
v 0.9824 -0.4160 -0.1952
v 1.0605 -0.4160 -0.2489
v 1.1387 -0.4160 -0.1930
v 1.2168 -0.4160 -0.0983
v 0.9043 -0.4941 -0.0687
v 0.9824 -0.4941 -0.1646
v 1.0605 -0.4941 -0.2203
v 1.1387 -0.4941 -0.1624
v 1.2168 -0.4941 -0.0684
v 0.9043 -0.5723 -0.0745
v 0.9824 -0.5723 -0.1705
v 1.0605 -0.5723 -0.2253
v 1.1387 -0.5723 -0.1683
v 1.2168 -0.5723 -0.0747
v 0.9043 -0.6504 -0.1121
v 0.9824 -0.6504 -0.2096
v 1.0605 -0.6504 -0.2617
v 1.1387 -0.6504 -0.2050
v 1.2168 -0.6504 -0.1082
v 0.8262 -0.7285 -0.0697
v 0.9043 -0.7285 -0.1595
v 0.9824 -0.7285 -0.2557
v 1.0605 -0.7285 -0.3054
v 1.1387 -0.7285 -0.2476
v 1.2168 -0.7285 -0.1498
v 1.2949 -0.7285 -0.0618
v 0.7480 -0.8066 -0.0451
v 0.8262 -0.8066 -0.1215
v 0.9043 -0.8066 -0.2134
v 0.9824 -0.8066 -0.3041
v 1.0605 -0.8066 -0.3506
v 1.1387 -0.8066 -0.2940
v 1.2168 -0.8066 -0.2000
v 1.2949 -0.8066 -0.1090
v 0.7480 -0.8848 -0.0974
v 0.8262 -0.8848 -0.1824
v 0.9043 -0.8848 -0.2700
v 0.9824 -0.8848 -0.3558
v 1.0605 -0.8848 -0.3997
v 1.1387 -0.8848 -0.3450
v 1.2168 -0.8848 -0.2553
v 1.2949 -0.8848 -0.1677
v 1.3730 -0.8848 -0.0862
v 0.6699 -0.9629 -0.0760
v 0.7480 -0.9629 -0.1594
v 0.8262 -0.9629 -0.2439
v 0.9043 -0.9629 -0.3247
v 0.9824 -0.9629 -0.4046
v 1.0605 -0.9629 -0.4474
v 1.1387 -0.9629 -0.3973
v 1.2168 -0.9629 -0.3145
v 1.2949 -0.9629 -0.2314
v 1.3730 -0.9629 -0.1469
v 1.4512 -0.9629 -0.0645
v 0.6699 -1.0410 -0.0967
v 0.7480 -1.0410 -0.1837
v 0.8262 -1.0410 -0.2668
v 0.9043 -1.0410 -0.3448
v 0.9824 -1.0410 -0.4215
v 1.0605 -1.0410 -0.4641
v 1.1387 -1.0410 -0.4186
v 1.2168 -1.0410 -0.3407
v 1.2949 -1.0410 -0.2587
v 1.3730 -1.0410 -0.1719
v 1.4512 -1.0410 -0.0812
v 0.6699 -1.1191 -0.0600
v 0.7480 -1.1191 -0.1378
v 0.8262 -1.1191 -0.2213
v 0.9043 -1.1191 -0.3024
v 0.9824 -1.1191 -0.3823
v 1.0605 -1.1191 -0.4259
v 1.1387 -1.1191 -0.3792
v 1.2168 -1.1191 -0.2989
v 1.2949 -1.1191 -0.2139
v 1.3730 -1.1191 -0.1257
v 1.4512 -1.1191 -0.0483
v 0.7480 -1.1973 -0.0748
v 0.8262 -1.1973 -0.1576
v 0.9043 -1.1973 -0.2453
v 0.9824 -1.1973 -0.3301
v 1.0605 -1.1973 -0.3747
v 1.1387 -1.1973 -0.3247
v 1.2168 -1.1973 -0.2397
v 1.2949 -1.1973 -0.1503
v 1.3730 -1.1973 -0.0659
v 0.8262 -1.2754 -0.0968
v 0.9043 -1.2754 -0.1880
v 0.9824 -1.2754 -0.2792
v 1.0605 -1.2754 -0.3268
v 1.1387 -1.2754 -0.2732
v 1.2168 -1.2754 -0.1837
v 1.2949 -1.2754 -0.0948
v 0.8262 -1.3535 -0.0509
v 0.9043 -1.3535 -0.1359
v 0.9824 -1.3535 -0.2329
v 1.0605 -1.3535 -0.2833
v 1.1387 -1.3535 -0.2284
v 1.2168 -1.3535 -0.1357
v 1.2949 -1.3535 -0.0509
v 0.9043 -1.4316 -0.0913
v 0.9824 -1.4316 -0.1890
v 1.0605 -1.4316 -0.2412
v 1.1387 -1.4316 -0.1864
v 1.2168 -1.4316 -0.0951
v 0.9043 -1.5098 -0.0622
v 0.9824 -1.5098 -0.1566
v 1.0605 -1.5098 -0.2108
v 1.1387 -1.5098 -0.1539
v 1.2168 -1.5098 -0.0637
v 0.9043 -1.5879 -0.0711
v 0.9824 -1.5879 -0.1651
v 1.0605 -1.5879 -0.2162
v 1.1387 -1.5879 -0.1591
v 1.2168 -1.5879 -0.0701
v 0.9043 -1.6660 -0.1124
v 0.9824 -1.6660 -0.2063
v 1.0605 -1.6660 -0.2529
v 1.1387 -1.6660 -0.1946
v 1.2168 -1.6660 -0.1022
v 0.8262 -1.7441 -0.0739
v 0.9043 -1.7441 -0.1639
v 0.9824 -1.7441 -0.2558
v 1.0605 -1.7441 -0.2996
v 1.1387 -1.7441 -0.2391
v 1.2168 -1.7441 -0.1449
v 1.2949 -1.7441 -0.0609
v 0.7480 -1.8223 -0.0477
v 0.8262 -1.8223 -0.1264
v 0.9043 -1.8223 -0.2187
v 0.9824 -1.8223 -0.3079
v 1.0605 -1.8223 -0.3505
v 1.1387 -1.8223 -0.2918
v 1.2168 -1.8223 -0.1989
v 1.2949 -1.8223 -0.1076
v 0.7480 -1.9004 -0.0992
v 0.8262 -1.9004 -0.1837
v 0.9043 -1.9004 -0.2735
v 0.9824 -1.9004 -0.3608
v 1.0605 -1.9004 -0.4038
v 1.1387 -1.9004 -0.3489
v 1.2168 -1.9004 -0.2592
v 1.2949 -1.9004 -0.1696
v 1.3730 -1.9004 -0.0871
v 0.6699 -1.9785 -0.0811
v 0.7480 -1.9785 -0.1602
v 0.8262 -1.9785 -0.2419
v 0.9043 -1.9785 -0.3248
v 0.9824 -1.9785 -0.4057
v 1.0605 -1.9785 -0.4460
v 1.1387 -1.9785 -0.3961
v 1.2168 -1.9785 -0.3145
v 1.2949 -1.9785 -0.2323
v 1.3730 -1.9785 -0.1508
v 1.4512 -1.9785 -0.0716
v 0.6699 -2.0566 -0.0965
v 0.7480 -2.0566 -0.1735
v 0.8262 -2.0566 -0.2476
v 0.9043 -2.0566 -0.3224
v 0.9824 -2.0566 -0.3948
v 1.0605 -2.0566 -0.4304
v 1.1387 -2.0566 -0.3858
v 1.2168 -2.0566 -0.3139
v 1.2949 -2.0566 -0.2405
v 1.3730 -2.0566 -0.1654
v 1.4512 -2.0566 -0.0849
v 0.6699 -2.1348 -0.0504
v 0.7480 -2.1348 -0.1115
v 0.8262 -2.1348 -0.1806
v 0.9043 -2.1348 -0.2557
v 0.9824 -2.1348 -0.3301
v 1.0605 -2.1348 -0.3673
v 1.1387 -2.1348 -0.3224
v 1.2168 -2.1348 -0.2495
v 1.2949 -2.1348 -0.1760
v 1.3730 -2.1348 -0.1052
v 1.4512 -2.1348 -0.0429
v 0.7480 -2.2129 -0.0440
v 0.8262 -2.2129 -0.1005
v 0.9043 -2.2129 -0.1766
v 0.9824 -2.2129 -0.2556
v 1.0605 -2.2129 -0.2967
v 1.1387 -2.2129 -0.2512
v 1.2168 -2.2129 -0.1734
v 1.2949 -2.2129 -0.0976
v 0.9043 -2.2910 -0.0995
v 0.9824 -2.2910 -0.1788
v 1.0605 -2.2910 -0.2220
v 1.1387 -2.2910 -0.1769
v 1.2168 -2.2910 -0.1001
v 0.9043 -2.3691 -0.0421
v 0.9824 -2.3691 -0.1034
v 1.0605 -2.3691 -0.1434
v 1.1387 -2.3691 -0.1024
v 0.9824 -2.4473 -0.0415
v 1.0605 -2.4473 -0.0644
v 1.1387 -2.4473 -0.0400
v -1.0837 2.4096 0.0000
v -1.0346 2.3978 0.0000
v -0.9987 2.4017 0.0000
v -0.9410 2.4133 0.0000
v -1.1474 2.3438 0.0000
v -1.0742 2.3388 0.0000
v -1.0488 2.3965 0.0534
v -0.9707 2.3965 0.0450
v -0.9478 2.3413 0.0000
v -0.8728 2.3446 0.0000
v -1.2254 2.2658 0.0000
v -1.1465 2.2667 0.0000
v -1.1270 2.3184 0.0762
v -1.0488 2.3184 0.1294
v -0.9707 2.3184 0.1126
v -0.8926 2.3184 0.0516
v -0.8728 2.2665 0.0000
v -0.7935 2.2651 0.0000
v -1.3086 2.1826 0.0000
v -1.2278 2.1851 0.0000
v -1.2051 2.2402 0.0728
v -1.1270 2.2402 0.1458
v -1.0488 2.2402 0.2066
v -0.9707 2.2402 0.1868
v -0.8926 2.2402 0.1095
v -0.8145 2.2402 0.0446
v -0.7906 2.1840 0.0000
v -0.7104 2.1821 0.0000
v -1.3870 2.1042 0.0000
v -1.3096 2.1036 0.0000
v -1.2832 2.1621 0.0718
v -1.2051 2.1621 0.1424
v -1.1270 2.1621 0.2198
v -1.0488 2.1621 0.2807
v -0.9707 2.1621 0.2610
v -0.8926 2.1621 0.1839
v -0.8145 2.1621 0.1047
v -0.7363 2.1621 0.0460
v -0.7098 2.1035 0.0000
v -0.6337 2.1053 0.0000
v -1.4533 2.0396 0.0000
v -1.3824 2.0306 0.0000
v -1.3613 2.0840 0.0771
v -1.2832 2.0840 0.1469
v -1.2051 2.0840 0.2196
v -1.1270 2.0840 0.2938
v -1.0488 2.0840 0.3535
v -0.9707 2.0840 0.3360
v -0.8926 2.0840 0.2640
v -0.8145 2.0840 0.1886
v -0.7363 2.0840 0.1161
v -0.6582 2.0840 0.0530
v -0.6397 2.0335 0.0000
v -1.4412 1.9894 0.0000
v -1.4395 2.0059 0.0592
v -1.3613 2.0059 0.1386
v -1.2832 2.0059 0.2154
v -1.2051 2.0059 0.2881
v -1.1270 2.0059 0.3611
v -1.0488 2.0059 0.4198
v -0.9707 2.0059 0.4041
v -0.8926 2.0059 0.3361
v -0.8145 2.0059 0.2635
v -0.7363 2.0059 0.1881
v -0.6582 2.0059 0.1053
v -0.5897 2.0029 0.0000
v -1.4438 1.9535 0.0000
v -1.4395 1.9277 0.0553
v -1.3613 1.9277 0.1343
v -1.2832 1.9277 0.2160
v -1.2051 1.9277 0.2953
v -1.1270 1.9277 0.3743
v -1.0488 1.9277 0.4375
v -0.9707 1.9277 0.4211
v -0.8926 1.9277 0.3483
v -0.8145 1.9277 0.2700
v -0.7363 1.9277 0.1869
v -0.6582 1.9277 0.0985
v -0.6511 1.9603 0.0000
v -1.4538 1.8947 0.0000
v -1.3788 1.8989 0.0000
v -1.3613 1.8496 0.0771
v -1.2832 1.8496 0.1568
v -1.2051 1.8496 0.2424
v -1.1270 1.8496 0.3262
v -1.0488 1.8496 0.3920
v -0.9707 1.8496 0.3751
v -0.8926 1.8496 0.2976
v -0.8145 1.8496 0.2133
v -0.7363 1.8496 0.1263
v -0.6582 1.8496 0.0501
v -0.6418 1.8975 0.0000
v -1.3795 1.8216 0.0000
v -1.2997 1.8195 0.0000
v -1.2832 1.7715 0.0935
v -1.2051 1.7715 0.1833
v -1.1270 1.7715 0.2713
v -1.0488 1.7715 0.3386
v -0.9707 1.7715 0.3201
v -0.8926 1.7715 0.2385
v -0.8145 1.7715 0.1503
v -0.7363 1.7715 0.0666
v -0.7195 1.8199 0.0000
v -0.6404 1.8211 0.0000
v -1.2969 1.7375 0.0000
v -1.2832 1.6934 0.0440
v -1.2051 1.6934 0.1278
v -1.1270 1.6934 0.2215
v -1.0488 1.6934 0.2923
v -0.9707 1.6934 0.2725
v -0.8926 1.6934 0.1848
v -0.8145 1.6934 0.0933
v -0.8022 1.7353 0.0000
v -0.7229 1.7372 0.0000
v -1.2943 1.6553 0.0000
v -1.2141 1.6516 0.0000
v -1.2051 1.6152 0.0810
v -1.1270 1.6152 0.1750
v -1.0488 1.6152 0.2484
v -0.9707 1.6152 0.2283
v -0.8926 1.6152 0.1374
v -0.8145 1.6152 0.0512
v -0.8057 1.6511 0.0000
v -1.2085 1.5599 0.0000
v -1.2815 1.5208 0.0000
v -1.1270 1.5371 0.1414
v -1.0488 1.5371 0.2149
v -0.9707 1.5371 0.1870
v -0.8926 1.5371 0.0944
v -0.8860 1.5684 0.0000
v -0.8075 1.5694 0.0000
v -1.2110 1.4291 0.0000
v -1.2051 1.4590 0.0554
v -1.1270 1.4590 0.1471
v -1.0488 1.4590 0.2117
v -0.9707 1.4590 0.1684
v -0.8926 1.4590 0.0744
v -0.8926 1.4573 0.0000
v -1.2916 1.3455 0.0000
v -1.2125 1.3476 0.0000
v -1.2051 1.3809 0.0858
v -1.1270 1.3809 0.1816
v -1.0488 1.3809 0.2410
v -0.9707 1.3809 0.1930
v -0.8926 1.3809 0.0988
v -0.8849 1.3470 0.0000
v -0.8055 1.3446 0.0000
v -1.2953 1.2610 0.0000
v -1.2832 1.3027 0.0448
v -1.2051 1.3027 0.1257
v -1.1270 1.3027 0.2242
v -1.0488 1.3027 0.2843
v -0.9707 1.3027 0.2384
v -0.8926 1.3027 0.1450
v -0.8145 1.3027 0.0579
v -0.8019 1.2602 0.0000
v -1.3781 1.1762 0.0000
v -1.2975 1.1795 0.0000
v -1.2832 1.2246 0.0868
v -1.2051 1.2246 0.1782
v -1.1270 1.2246 0.2731
v -1.0488 1.2246 0.3319
v -0.9707 1.2246 0.2888
v -0.8926 1.2246 0.1997
v -0.8145 1.2246 0.1093
v -0.7999 1.1792 0.0000
v -0.7194 1.1760 0.0000
v -1.4559 1.0986 0.0000
v -1.3791 1.0969 0.0000
v -1.3613 1.1465 0.0691
v -1.2832 1.1465 0.1490
v -1.2051 1.1465 0.2385
v -1.1270 1.1465 0.3288
v -1.0488 1.1465 0.3852
v -0.9707 1.1465 0.3445
v -0.8926 1.1465 0.2594
v -0.8145 1.1465 0.1723
v -0.7363 1.1465 0.0900
v -0.7181 1.0963 0.0000
v -0.6410 1.0976 0.0000
v -1.4482 1.0324 0.0000
v -1.4395 1.0684 0.0566
v -1.3613 1.0684 0.1339
v -1.2832 1.0684 0.2158
v -1.2051 1.0684 0.2990
v -1.1270 1.0684 0.3840
v -1.0488 1.0684 0.4383
v -0.9707 1.0684 0.3992
v -0.8926 1.0684 0.3178
v -0.8145 1.0684 0.2364
v -0.7363 1.0684 0.1540
v -0.6582 1.0684 0.0724
v -0.6480 1.0298 0.0000
v -1.4395 0.9930 0.0000
v -1.4395 0.9902 0.0825
v -1.3613 0.9902 0.1681
v -1.2832 0.9902 0.2484
v -1.2051 0.9902 0.3280
v -1.1270 0.9902 0.4082
v -1.0488 0.9902 0.4608
v -0.9707 0.9902 0.4245
v -0.8926 0.9902 0.3478
v -0.8145 0.9902 0.2701
v -0.7363 0.9902 0.1882
v -0.6582 0.9902 0.0985
v -0.6581 0.9933 0.0000
v -1.4495 0.9505 0.0000
v -1.4395 0.9121 0.0526
v -1.3613 0.9121 0.1267
v -1.2832 0.9121 0.2061
v -1.2051 0.9121 0.2863
v -1.1270 0.9121 0.3678
v -1.0488 0.9121 0.4225
v -0.9707 0.9121 0.3878
v -0.8926 0.9121 0.3103
v -0.8145 0.9121 0.2309
v -0.7363 0.9121 0.1481
v -0.6582 0.9121 0.0659
v -0.6468 0.9528 0.0000
v -1.4564 0.8826 0.0000
v -1.3795 0.8841 0.0000
v -1.3613 0.8340 0.0655
v -1.2832 0.8340 0.1418
v -1.2051 0.8340 0.2265
v -1.1270 0.8340 0.3119
v -1.0488 0.8340 0.3694
v -0.9707 0.8340 0.3338
v -0.8926 0.8340 0.2525
v -0.8145 0.8340 0.1678
v -0.7363 0.8340 0.0853
v -0.7181 0.8841 0.0000
v -0.6408 0.8832 0.0000
v -1.3783 0.8045 0.0000
v -1.2978 0.8013 0.0000
v -1.2832 0.7559 0.0847
v -1.2051 0.7559 0.1710
v -1.1270 0.7559 0.2613
v -1.0488 0.7559 0.3223
v -0.9707 0.7559 0.2842
v -0.8926 0.7559 0.1978
v -0.8145 0.7559 0.1107
v -0.8003 0.8007 0.0000
v -0.7199 0.8038 0.0000
v -1.2956 0.7199 0.0000
v -1.2770 0.6813 0.0000
v -1.2051 0.6777 0.1211
v -1.1270 0.6777 0.2145
v -1.0488 0.6777 0.2772
v -0.9707 0.6777 0.2380
v -0.8926 0.6777 0.1487
v -0.8145 0.6777 0.0619
v -0.8025 0.7193 0.0000
v -1.2129 0.6337 0.0000
v -1.2051 0.5996 0.0785
v -1.1270 0.5996 0.1688
v -1.0488 0.5996 0.2325
v -0.9707 0.5996 0.1925
v -0.8926 0.5996 0.1033
v -0.8848 0.6335 0.0000
v -0.8061 0.6348 0.0000
v -1.2094 0.5471 0.0000
v -1.2051 0.5215 0.0483
v -1.1270 0.5215 0.1356
v -1.0488 0.5215 0.2021
v -0.9707 0.5215 0.1581
v -0.8926 0.5215 0.0665
v -0.8887 0.5458 0.0000
v -1.2110 0.4134 0.0000
v -1.2051 0.4434 0.0525
v -1.1270 0.4434 0.1417
v -1.0488 0.4434 0.2075
v -0.9707 0.4434 0.1622
v -0.8926 0.4434 0.0687
v -0.8870 0.4144 0.0000
v -1.2924 0.3284 0.0000
v -1.2131 0.3308 0.0000
v -1.2051 0.3652 0.0873
v -1.1270 0.3652 0.1798
v -1.0488 0.3652 0.2422
v -0.9707 0.3652 0.1984
v -0.8926 0.3652 0.1041
v -0.8847 0.3310 0.0000
v -0.8056 0.3291 0.0000
v -1.2960 0.2442 0.0000
v -1.2832 0.2871 0.0480
v -1.2051 0.2871 0.1295
v -1.1270 0.2871 0.2234
v -1.0488 0.2871 0.2839
v -0.9707 0.2871 0.2415
v -0.8926 0.2871 0.1501
v -0.8145 0.2871 0.0642
v -0.8020 0.2447 0.0000
v -1.3788 0.1597 0.0000
v -1.2983 0.1628 0.0000
v -1.2832 0.2090 0.0935
v -1.2051 0.2090 0.1809
v -1.1270 0.2090 0.2717
v -1.0488 0.2090 0.3306
v -0.9707 0.2090 0.2904
v -0.8926 0.2090 0.2040
v -0.8145 0.2090 0.1169
v -0.7467 0.2015 0.0000
v -0.7193 0.1603 0.0000
v -1.4558 0.0830 0.0000
v -1.3794 0.0809 0.0000
v -1.3613 0.1309 0.0773
v -1.2832 0.1309 0.1553
v -1.2051 0.1309 0.2409
v -1.1270 0.1309 0.3283
v -1.0488 0.1309 0.3857
v -0.9707 0.1309 0.3472
v -0.8926 0.1309 0.2629
v -0.8145 0.1309 0.1769
v -0.7363 0.1309 0.0941
v -0.7181 0.0807 0.0000
v -0.6413 0.0823 0.0000
v -1.4475 0.0182 0.0000
v -1.4395 0.0527 0.0622
v -1.3613 0.0527 0.1420
v -1.2832 0.0527 0.2225
v -1.2051 0.0527 0.3029
v -1.1270 0.0527 0.3861
v -1.0488 0.0527 0.4423
v -0.9707 0.0527 0.4045
v -0.8926 0.0527 0.3213
v -0.8145 0.0527 0.2379
v -0.7363 0.0527 0.1558
v -0.6582 0.0527 0.0757
v -0.6489 0.0157 0.0000
v -1.4397 -0.0196 0.0000
v -1.4395 -0.0254 0.0867
v -1.3613 -0.0254 0.1734
v -1.2832 -0.0254 0.2542
v -1.2051 -0.0254 0.3333
v -1.1270 -0.0254 0.4144
v -1.0488 -0.0254 0.4691
v -0.9707 -0.0254 0.4309
v -0.8926 -0.0254 0.3484
v -0.8145 -0.0254 0.2656
v -0.7363 -0.0254 0.1842
v -0.6582 -0.0254 0.0993
v -0.6579 -0.0188 0.0000
v -1.4499 -0.0645 0.0000
v -1.4395 -0.1035 0.0527
v -1.3613 -0.1035 0.1297
v -1.2832 -0.1035 0.2122
v -1.2051 -0.1035 0.2953
v -1.1270 -0.1035 0.3785
v -1.0488 -0.1035 0.4326
v -0.9707 -0.1035 0.3922
v -0.8926 -0.1035 0.3067
v -0.8145 -0.1035 0.2213
v -0.7363 -0.1035 0.1388
v -0.6582 -0.1035 0.0633
v -0.6465 -0.0624 0.0000
v -1.4557 -0.1339 0.0000
v -1.3782 -0.1331 0.0000
v -1.3613 -0.1816 0.0674
v -1.2832 -0.1816 0.1506
v -1.2051 -0.1816 0.2399
v -1.1270 -0.1816 0.3243
v -1.0488 -0.1816 0.3766
v -0.9707 -0.1816 0.3346
v -0.8926 -0.1816 0.2472
v -0.8145 -0.1816 0.1576
v -0.7363 -0.1816 0.0752
v -0.7195 -0.1331 0.0000
v -0.6416 -0.1335 0.0000
v -1.3767 -0.2132 0.0000
v -1.2962 -0.2167 0.0000
v -1.2832 -0.2598 0.0960
v -1.2051 -0.2598 0.1871
v -1.1270 -0.2598 0.2730
v -1.0488 -0.2598 0.3259
v -0.9707 -0.2598 0.2827
v -0.8926 -0.2598 0.1930
v -0.8145 -0.2598 0.1017
v -0.8019 -0.2173 0.0000
v -0.7215 -0.2140 0.0000
v -1.2942 -0.2979 0.0000
v -1.2832 -0.3379 0.0491
v -1.2051 -0.3379 0.1356
v -1.1270 -0.3379 0.2267
v -1.0488 -0.3379 0.2837
v -0.9707 -0.3379 0.2402
v -0.8926 -0.3379 0.1470
v -0.8145 -0.3379 0.0599
v -0.8037 -0.2984 0.0000
v -1.2908 -0.3824 0.0000
v -1.2117 -0.3844 0.0000
v -1.2051 -0.4160 0.0901
v -1.1270 -0.4160 0.1835
v -1.0488 -0.4160 0.2458
v -0.9707 -0.4160 0.2035
v -0.8926 -0.4160 0.1093
v -0.8860 -0.3846 0.0000
v -0.8072 -0.3830 0.0000
v -1.2112 -0.4638 0.0000
v -1.2051 -0.4941 0.0536
v -1.1270 -0.4941 0.1425
v -1.0488 -0.4941 0.2083
v -0.9707 -0.4941 0.1665
v -0.8926 -0.4941 0.0744
v -0.8865 -0.4639 0.0000
v -1.2103 -0.5443 0.0000
v -1.1320 -0.5448 0.0000
v -1.1270 -0.5723 0.1040
v -1.0488 -0.5723 0.1698
v -0.9707 -0.5723 0.1290
v -0.8926 -0.5723 0.0446
v -0.8883 -0.5468 0.0000
v -1.1273 -0.6425 0.0000
v -1.1270 -0.6504 0.0776
v -1.0488 -0.6504 0.1455
v -0.9707 -0.6504 0.1161
v -0.8877 -0.6484 0.0000
v -0.8783 -0.6954 0.0000
v -1.2264 -0.7821 0.0000
v -1.1444 -0.7778 0.0000
v -1.1270 -0.7285 0.0983
v -1.0488 -0.7285 0.1677
v -0.9707 -0.7285 0.1567
v -0.8926 -0.7285 0.0822
v -0.8726 -0.7806 0.0000
v -0.7929 -0.7824 0.0000
v -1.3092 -0.8649 0.0000
v -1.2294 -0.8633 0.0000
v -1.2051 -0.8066 0.0892
v -1.1270 -0.8066 0.1627
v -1.0488 -0.8066 0.2288
v -0.9707 -0.8066 0.2230
v -0.8926 -0.8066 0.1497
v -0.8145 -0.8066 0.0746
v -0.7900 -0.8634 0.0000
v -0.7102 -0.8649 0.0000
v -1.3851 -0.9409 0.0000
v -1.3096 -0.9434 0.0000
v -1.2832 -0.8848 0.0915
v -1.2051 -0.8848 0.1603
v -1.1270 -0.8848 0.2353
v -1.0488 -0.8848 0.3003
v -0.9707 -0.8848 0.2955
v -0.8926 -0.8848 0.2246
v -0.8145 -0.8848 0.1489
v -0.7363 -0.8848 0.0825
v -0.7099 -0.9433 0.0000
v -0.6347 -0.9406 0.0000
v -1.4477 -0.9978 0.0000
v -1.3772 -1.0100 0.0000
v -1.3613 -0.9629 0.0967
v -1.2832 -0.9629 0.1669
v -1.2051 -0.9629 0.2367
v -1.1270 -0.9629 0.3085
v -1.0488 -0.9629 0.3726
v -0.9707 -0.9629 0.3695
v -0.8926 -0.9629 0.3013
v -0.8145 -0.9629 0.2283
v -0.7363 -0.9629 0.1592
v -0.6582 -0.9629 0.0892
v -0.6428 -1.0094 0.0000
v -0.5721 -0.9972 0.0000
v -1.4395 -1.0403 0.0000
v -1.4395 -1.0410 0.0530
v -1.3613 -1.0410 0.1372
v -1.2832 -1.0410 0.2175
v -1.2051 -1.0410 0.2895
v -1.1270 -1.0410 0.3614
v -1.0488 -1.0410 0.4273
v -0.9707 -1.0410 0.4259
v -0.8926 -1.0410 0.3578
v -0.8145 -1.0410 0.2826
v -0.7363 -1.0410 0.2087
v -0.6582 -1.0410 0.1289
v -0.5801 -1.0410 0.0493
v -0.5801 -1.0403 0.0000
v -1.4474 -1.0848 0.0000
v -1.3751 -1.0749 0.0000
v -1.3613 -1.1191 0.1026
v -1.2832 -1.1191 0.1852
v -1.2051 -1.1191 0.2639
v -1.1270 -1.1191 0.3428
v -1.0488 -1.1191 0.4144
v -0.9707 -1.1191 0.4138
v -0.8926 -1.1191 0.3414
v -0.8145 -1.1191 0.2594
v -0.7363 -1.1191 0.1779
v -0.6582 -1.1191 0.0965
v -0.6448 -1.0754 0.0000
v -0.5724 -1.0853 0.0000
v -1.3796 -1.1470 0.0000
v -1.3613 -1.1973 0.0447
v -1.2832 -1.1973 0.1169
v -1.2051 -1.1973 0.2017
v -1.1270 -1.1973 0.2870
v -1.0488 -1.1973 0.3609
v -0.9707 -1.1973 0.3593
v -0.8926 -1.1973 0.2844
v -0.8145 -1.1973 0.1981
v -0.7363 -1.1973 0.1127
v -0.6593 -1.1963 0.0000
v -0.6399 -1.1471 0.0000
v -1.3796 -1.2252 0.0000
v -1.2992 -1.2280 0.0000
v -1.2832 -1.2754 0.0577
v -1.2051 -1.2754 0.1393
v -1.1270 -1.2754 0.2294
v -1.0488 -1.2754 0.3066
v -0.9707 -1.2754 0.3035
v -0.8926 -1.2754 0.2238
v -0.8145 -1.2754 0.1334
v -0.7363 -1.2754 0.0538
v -0.7202 -1.2278 0.0000
v -1.2967 -1.3096 0.0000
v -1.2167 -1.3126 0.0000
v -1.2051 -1.3535 0.0854
v -1.1270 -1.3535 0.1766
v -1.0488 -1.3535 0.2568
v -0.9707 -1.3535 0.2538
v -0.8926 -1.3535 0.1704
v -0.8145 -1.3535 0.0786
v -0.8027 -1.3123 0.0000
v -0.7228 -1.3095 0.0000
v -1.2135 -1.3963 0.0000
v -1.2051 -1.4316 0.0466
v -1.1270 -1.4316 0.1288
v -1.0488 -1.4316 0.2116
v -0.9707 -1.4316 0.2098
v -0.8926 -1.4316 0.1255
v -0.8145 -1.4316 0.0434
v -0.8060 -1.3962 0.0000
v -1.2099 -1.4828 0.0000
v -1.1297 -1.4892 0.0000
v -1.1270 -1.5098 0.0951
v -1.0488 -1.5098 0.1811
v -0.9707 -1.5098 0.1798
v -0.8926 -1.5098 0.0945
v -0.8897 -1.4889 0.0000
v -0.8095 -1.4825 0.0000
v -1.2123 -1.6207 0.0000
v -1.1325 -1.6169 0.0000
v -1.1270 -1.5879 0.1023
v -1.0488 -1.5879 0.1887
v -0.9707 -1.5879 0.1881
v -0.8926 -1.5879 0.1031
v -0.8869 -1.6172 0.0000
v -0.8072 -1.6208 0.0000
v -1.2141 -1.7024 0.0000
v -1.2051 -1.6660 0.0562
v -1.1270 -1.6660 0.1419
v -1.0488 -1.6660 0.2257
v -0.9707 -1.6660 0.2246
v -0.8926 -1.6660 0.1408
v -0.8145 -1.6660 0.0538
v -0.8054 -1.7026 0.0000
v -1.2973 -1.7889 0.0000
v -1.2177 -1.7867 0.0000
v -1.2051 -1.7441 0.0979
v -1.1270 -1.7441 0.1881
v -1.0488 -1.7441 0.2692
v -0.9707 -1.7441 0.2666
v -0.8926 -1.7441 0.1841
v -0.8145 -1.7441 0.0941
v -0.8018 -1.7868 0.0000
v -0.7222 -1.7890 0.0000
v -1.3799 -1.8729 0.0000
v -1.3001 -1.8708 0.0000
v -1.2832 -1.8223 0.0721
v -1.2051 -1.8223 0.1510
v -1.1270 -1.8223 0.2388
v -1.0488 -1.8223 0.3168
v -0.9707 -1.8223 0.3136
v -0.8926 -1.8223 0.2342
v -0.8145 -1.8223 0.1476
v -0.7363 -1.8223 0.0699
v -0.7192 -1.8710 0.0000
v -0.6396 -1.8729 0.0000
v -1.4539 -1.9456 0.0000
v -1.3791 -1.9500 0.0000
v -1.3613 -1.9004 0.0588
v -1.2832 -1.9004 0.1319
v -1.2051 -1.9004 0.2133
v -1.1270 -1.9004 0.2983
v -1.0488 -1.9004 0.3728
v -0.9707 -1.9004 0.3696
v -0.8926 -1.9004 0.2937
v -0.8145 -1.9004 0.2101
v -0.7363 -1.9004 0.1300
v -0.6582 -1.9004 0.0585
v -0.6405 -1.9499 0.0000
v -1.4444 -2.0060 0.0000
v -1.4395 -1.9785 0.0411
v -1.3613 -1.9785 0.1148
v -1.2832 -1.9785 0.1967
v -1.2051 -1.9785 0.2761
v -1.1270 -1.9785 0.3556
v -1.0488 -1.9785 0.4244
v -0.9707 -1.9785 0.4205
v -0.8926 -1.9785 0.3486
v -0.8145 -1.9785 0.2698
v -0.7363 -1.9785 0.1922
v -0.6582 -1.9785 0.1129
v -0.5849 -1.9812 0.0000
v -0.5753 -2.0054 0.0000
v -1.4402 -2.0455 0.0000
v -1.4395 -2.0566 0.0504
v -1.3613 -2.0566 0.1295
v -1.2832 -2.0566 0.2106
v -1.2051 -2.0566 0.2853
v -1.1270 -2.0566 0.3566
v -1.0488 -2.0566 0.4173
v -0.9707 -2.0566 0.4124
v -0.8926 -2.0566 0.3462
v -0.8145 -2.0566 0.2739
v -0.7363 -2.0566 0.2016
v -0.6582 -2.0566 0.1245
v -0.5801 -2.0566 0.0478
v -0.5793 -2.0458 0.0000
v -1.4510 -2.0939 0.0000
v -1.3804 -2.0836 0.0000
v -1.3613 -2.1348 0.0744
v -1.2832 -2.1348 0.1471
v -1.2051 -2.1348 0.2203
v -1.1270 -2.1348 0.2915
v -1.0488 -2.1348 0.3534
v -0.9707 -2.1348 0.3486
v -0.8926 -2.1348 0.2818
v -0.8145 -2.1348 0.2095
v -0.7363 -2.1348 0.1380
v -0.6582 -2.1348 0.0707
v -0.6395 -2.0841 0.0000
v -0.5689 -2.0945 0.0000
v -1.3862 -2.1557 0.0000
v -1.3097 -2.1543 0.0000
v -1.2832 -2.2129 0.0693
v -1.2051 -2.2129 0.1381
v -1.1270 -2.2129 0.2138
v -1.0488 -2.2129 0.2809
v -0.9707 -2.2129 0.2788
v -0.8926 -2.2129 0.2115
v -0.8145 -2.2129 0.1362
v -0.7363 -2.2129 0.0672
v -0.7098 -2.1543 0.0000
v -0.6335 -2.1559 0.0000
v -1.3090 -2.2330 0.0000
v -1.2286 -2.2351 0.0000
v -1.2051 -2.2910 0.0650
v -1.1270 -2.2910 0.1371
v -1.0488 -2.2910 0.2079
v -0.9707 -2.2910 0.2093
v -0.8926 -2.2910 0.1435
v -0.8145 -2.2910 0.0703
v -0.7907 -2.2349 0.0000
v -0.7105 -2.2330 0.0000
v -1.2259 -2.3161 0.0000
v -1.1467 -2.3173 0.0000
v -1.1270 -2.3691 0.0682
v -1.0488 -2.3691 0.1324
v -0.9707 -2.3691 0.1355
v -0.8926 -2.3691 0.0764
v -0.8729 -2.3173 0.0000
v -0.7936 -2.3160 0.0000
v -1.1469 -2.3952 0.0000
v -1.0723 -2.3914 0.0000
v -1.0488 -2.4473 0.0576
v -0.9707 -2.4473 0.0592
v -0.9475 -2.3917 0.0000
v -0.8728 -2.3953 0.0000
v -1.0802 -2.4628 0.0000
v -1.0272 -2.4503 0.0000
v -0.9944 -2.4509 0.0000
v -0.9400 -2.4633 0.0000
v -1.0488 2.3965 -0.0534
v -0.9707 2.3965 -0.0450
v -1.1270 2.3184 -0.0762
v -1.0488 2.3184 -0.1294
v -0.9707 2.3184 -0.1126
v -0.8926 2.3184 -0.0516
v -1.2051 2.2402 -0.0728
v -1.1270 2.2402 -0.1458
v -1.0488 2.2402 -0.2066
v -0.9707 2.2402 -0.1868
v -0.8926 2.2402 -0.1095
v -0.8145 2.2402 -0.0446
v -1.2832 2.1621 -0.0718
v -1.2051 2.1621 -0.1424
v -1.1270 2.1621 -0.2198
v -1.0488 2.1621 -0.2807
v -0.9707 2.1621 -0.2610
v -0.8926 2.1621 -0.1839
v -0.8145 2.1621 -0.1047
v -0.7363 2.1621 -0.0460
v -1.3613 2.0840 -0.0771
v -1.2832 2.0840 -0.1469
v -1.2051 2.0840 -0.2196
v -1.1270 2.0840 -0.2938
v -1.0488 2.0840 -0.3535
v -0.9707 2.0840 -0.3360
v -0.8926 2.0840 -0.2640
v -0.8145 2.0840 -0.1886
v -0.7363 2.0840 -0.1161
v -0.6582 2.0840 -0.0530
v -1.4395 2.0059 -0.0592
v -1.3613 2.0059 -0.1386
v -1.2832 2.0059 -0.2154
v -1.2051 2.0059 -0.2881
v -1.1270 2.0059 -0.3611
v -1.0488 2.0059 -0.4198
v -0.9707 2.0059 -0.4041
v -0.8926 2.0059 -0.3361
v -0.8145 2.0059 -0.2635
v -0.7363 2.0059 -0.1881
v -0.6582 2.0059 -0.1053
v -1.4395 1.9277 -0.0553
v -1.3613 1.9277 -0.1343
v -1.2832 1.9277 -0.2160
v -1.2051 1.9277 -0.2953
v -1.1270 1.9277 -0.3743
v -1.0488 1.9277 -0.4375
v -0.9707 1.9277 -0.4211
v -0.8926 1.9277 -0.3483
v -0.8145 1.9277 -0.2700
v -0.7363 1.9277 -0.1869
v -0.6582 1.9277 -0.0985
v -1.3613 1.8496 -0.0771
v -1.2832 1.8496 -0.1568
v -1.2051 1.8496 -0.2424
v -1.1270 1.8496 -0.3262
v -1.0488 1.8496 -0.3920
v -0.9707 1.8496 -0.3751
v -0.8926 1.8496 -0.2976
v -0.8145 1.8496 -0.2133
v -0.7363 1.8496 -0.1263
v -0.6582 1.8496 -0.0501
v -1.2832 1.7715 -0.0935
v -1.2051 1.7715 -0.1833
v -1.1270 1.7715 -0.2713
v -1.0488 1.7715 -0.3386
v -0.9707 1.7715 -0.3201
v -0.8926 1.7715 -0.2385
v -0.8145 1.7715 -0.1503
v -0.7363 1.7715 -0.0666
v -1.2832 1.6934 -0.0440
v -1.2051 1.6934 -0.1278
v -1.1270 1.6934 -0.2215
v -1.0488 1.6934 -0.2923
v -0.9707 1.6934 -0.2725
v -0.8926 1.6934 -0.1848
v -0.8145 1.6934 -0.0933
v -1.2051 1.6152 -0.0810
v -1.1270 1.6152 -0.1750
v -1.0488 1.6152 -0.2484
v -0.9707 1.6152 -0.2283
v -0.8926 1.6152 -0.1374
v -0.8145 1.6152 -0.0512
v -1.1270 1.5371 -0.1414
v -1.0488 1.5371 -0.2149
v -0.9707 1.5371 -0.1870
v -0.8926 1.5371 -0.0944
v -1.2051 1.4590 -0.0554
v -1.1270 1.4590 -0.1471
v -1.0488 1.4590 -0.2117
v -0.9707 1.4590 -0.1684
v -0.8926 1.4590 -0.0744
v -1.2051 1.3809 -0.0858
v -1.1270 1.3809 -0.1816
v -1.0488 1.3809 -0.2410
v -0.9707 1.3809 -0.1930
v -0.8926 1.3809 -0.0988
v -1.2832 1.3027 -0.0448
v -1.2051 1.3027 -0.1257
v -1.1270 1.3027 -0.2242
v -1.0488 1.3027 -0.2843
v -0.9707 1.3027 -0.2384
v -0.8926 1.3027 -0.1450
v -0.8145 1.3027 -0.0579
v -1.2832 1.2246 -0.0868
v -1.2051 1.2246 -0.1782
v -1.1270 1.2246 -0.2731
v -1.0488 1.2246 -0.3319
v -0.9707 1.2246 -0.2888
v -0.8926 1.2246 -0.1997
v -0.8145 1.2246 -0.1093
v -1.3613 1.1465 -0.0691
v -1.2832 1.1465 -0.1490
v -1.2051 1.1465 -0.2385
v -1.1270 1.1465 -0.3288
v -1.0488 1.1465 -0.3852
v -0.9707 1.1465 -0.3445
v -0.8926 1.1465 -0.2594
v -0.8145 1.1465 -0.1723
v -0.7363 1.1465 -0.0900
v -1.4395 1.0684 -0.0566
v -1.3613 1.0684 -0.1339
v -1.2832 1.0684 -0.2158
v -1.2051 1.0684 -0.2990
v -1.1270 1.0684 -0.3840
v -1.0488 1.0684 -0.4383
v -0.9707 1.0684 -0.3992
v -0.8926 1.0684 -0.3178
v -0.8145 1.0684 -0.2364
v -0.7363 1.0684 -0.1540
v -0.6582 1.0684 -0.0724
v -1.4395 0.9902 -0.0825
v -1.3613 0.9902 -0.1681
v -1.2832 0.9902 -0.2484
v -1.2051 0.9902 -0.3280
v -1.1270 0.9902 -0.4082
v -1.0488 0.9902 -0.4608
v -0.9707 0.9902 -0.4245
v -0.8926 0.9902 -0.3478
v -0.8145 0.9902 -0.2701
v -0.7363 0.9902 -0.1882
v -0.6582 0.9902 -0.0985
v -1.4395 0.9121 -0.0526
v -1.3613 0.9121 -0.1267
v -1.2832 0.9121 -0.2061
v -1.2051 0.9121 -0.2863
v -1.1270 0.9121 -0.3678
v -1.0488 0.9121 -0.4225
v -0.9707 0.9121 -0.3878
v -0.8926 0.9121 -0.3103
v -0.8145 0.9121 -0.2309
v -0.7363 0.9121 -0.1481
v -0.6582 0.9121 -0.0659
v -1.3613 0.8340 -0.0655
v -1.2832 0.8340 -0.1418
v -1.2051 0.8340 -0.2265
v -1.1270 0.8340 -0.3119
v -1.0488 0.8340 -0.3694
v -0.9707 0.8340 -0.3338
v -0.8926 0.8340 -0.2525
v -0.8145 0.8340 -0.1678
v -0.7363 0.8340 -0.0853
v -1.2832 0.7559 -0.0847
v -1.2051 0.7559 -0.1710
v -1.1270 0.7559 -0.2613
v -1.0488 0.7559 -0.3223
v -0.9707 0.7559 -0.2842
v -0.8926 0.7559 -0.1978
v -0.8145 0.7559 -0.1107
v -1.2051 0.6777 -0.1211
v -1.1270 0.6777 -0.2145
v -1.0488 0.6777 -0.2772
v -0.9707 0.6777 -0.2380
v -0.8926 0.6777 -0.1487
v -0.8145 0.6777 -0.0619
v -1.2051 0.5996 -0.0785
v -1.1270 0.5996 -0.1688
v -1.0488 0.5996 -0.2325
v -0.9707 0.5996 -0.1925
v -0.8926 0.5996 -0.1033
v -1.2051 0.5215 -0.0483
v -1.1270 0.5215 -0.1356
v -1.0488 0.5215 -0.2021
v -0.9707 0.5215 -0.1581
v -0.8926 0.5215 -0.0665
v -1.2051 0.4434 -0.0525
v -1.1270 0.4434 -0.1417
v -1.0488 0.4434 -0.2075
v -0.9707 0.4434 -0.1622
v -0.8926 0.4434 -0.0687
v -1.2051 0.3652 -0.0873
v -1.1270 0.3652 -0.1798
v -1.0488 0.3652 -0.2422
v -0.9707 0.3652 -0.1984
v -0.8926 0.3652 -0.1041
v -1.2832 0.2871 -0.0480
v -1.2051 0.2871 -0.1295
v -1.1270 0.2871 -0.2234
v -1.0488 0.2871 -0.2839
v -0.9707 0.2871 -0.2415
v -0.8926 0.2871 -0.1501
v -0.8145 0.2871 -0.0642
v -1.2832 0.2090 -0.0935
v -1.2051 0.2090 -0.1809
v -1.1270 0.2090 -0.2717
v -1.0488 0.2090 -0.3306
v -0.9707 0.2090 -0.2904
v -0.8926 0.2090 -0.2040
v -0.8145 0.2090 -0.1169
v -1.3613 0.1309 -0.0773
v -1.2832 0.1309 -0.1553
v -1.2051 0.1309 -0.2409
v -1.1270 0.1309 -0.3283
v -1.0488 0.1309 -0.3857
v -0.9707 0.1309 -0.3472
v -0.8926 0.1309 -0.2629
v -0.8145 0.1309 -0.1769
v -0.7363 0.1309 -0.0941
v -1.4395 0.0527 -0.0622
v -1.3613 0.0527 -0.1420
v -1.2832 0.0527 -0.2225
v -1.2051 0.0527 -0.3029
v -1.1270 0.0527 -0.3861
v -1.0488 0.0527 -0.4423
v -0.9707 0.0527 -0.4045
v -0.8926 0.0527 -0.3213
v -0.8145 0.0527 -0.2379
v -0.7363 0.0527 -0.1558
v -0.6582 0.0527 -0.0757
v -1.4395 -0.0254 -0.0867
v -1.3613 -0.0254 -0.1734
v -1.2832 -0.0254 -0.2542
v -1.2051 -0.0254 -0.3333
v -1.1270 -0.0254 -0.4144
v -1.0488 -0.0254 -0.4691
v -0.9707 -0.0254 -0.4309
v -0.8926 -0.0254 -0.3484
v -0.8145 -0.0254 -0.2656
v -0.7363 -0.0254 -0.1842
v -0.6582 -0.0254 -0.0993
v -1.4395 -0.1035 -0.0527
v -1.3613 -0.1035 -0.1297
v -1.2832 -0.1035 -0.2122
v -1.2051 -0.1035 -0.2953
v -1.1270 -0.1035 -0.3785
v -1.0488 -0.1035 -0.4326
v -0.9707 -0.1035 -0.3922
v -0.8926 -0.1035 -0.3067
v -0.8145 -0.1035 -0.2213
v -0.7363 -0.1035 -0.1388
v -0.6582 -0.1035 -0.0633
v -1.3613 -0.1816 -0.0674
v -1.2832 -0.1816 -0.1506
v -1.2051 -0.1816 -0.2399
v -1.1270 -0.1816 -0.3243
v -1.0488 -0.1816 -0.3766
v -0.9707 -0.1816 -0.3346
v -0.8926 -0.1816 -0.2472
v -0.8145 -0.1816 -0.1576
v -0.7363 -0.1816 -0.0752
v -1.2832 -0.2598 -0.0960
v -1.2051 -0.2598 -0.1871
v -1.1270 -0.2598 -0.2730
v -1.0488 -0.2598 -0.3259
v -0.9707 -0.2598 -0.2827
v -0.8926 -0.2598 -0.1930
v -0.8145 -0.2598 -0.1017
v -1.2832 -0.3379 -0.0491
v -1.2051 -0.3379 -0.1356
v -1.1270 -0.3379 -0.2267
v -1.0488 -0.3379 -0.2837
v -0.9707 -0.3379 -0.2402
v -0.8926 -0.3379 -0.1470
v -0.8145 -0.3379 -0.0599
v -1.2051 -0.4160 -0.0901
v -1.1270 -0.4160 -0.1835
v -1.0488 -0.4160 -0.2458
v -0.9707 -0.4160 -0.2035
v -0.8926 -0.4160 -0.1093
v -1.2051 -0.4941 -0.0536
v -1.1270 -0.4941 -0.1425
v -1.0488 -0.4941 -0.2083
v -0.9707 -0.4941 -0.1665
v -0.8926 -0.4941 -0.0744
v -1.1270 -0.5723 -0.1040
v -1.0488 -0.5723 -0.1698
v -0.9707 -0.5723 -0.1290
v -0.8926 -0.5723 -0.0446
v -1.1270 -0.6504 -0.0776
v -1.0488 -0.6504 -0.1455
v -0.9707 -0.6504 -0.1161
v -1.1270 -0.7285 -0.0983
v -1.0488 -0.7285 -0.1677
v -0.9707 -0.7285 -0.1567
v -0.8926 -0.7285 -0.0822
v -1.2051 -0.8066 -0.0892
v -1.1270 -0.8066 -0.1627
v -1.0488 -0.8066 -0.2288
v -0.9707 -0.8066 -0.2230
v -0.8926 -0.8066 -0.1497
v -0.8145 -0.8066 -0.0746
v -1.2832 -0.8848 -0.0915
v -1.2051 -0.8848 -0.1603
v -1.1270 -0.8848 -0.2353
v -1.0488 -0.8848 -0.3003
v -0.9707 -0.8848 -0.2955
v -0.8926 -0.8848 -0.2246
v -0.8145 -0.8848 -0.1489
v -0.7363 -0.8848 -0.0825
v -1.3613 -0.9629 -0.0967
v -1.2832 -0.9629 -0.1669
v -1.2051 -0.9629 -0.2367
v -1.1270 -0.9629 -0.3085
v -1.0488 -0.9629 -0.3726
v -0.9707 -0.9629 -0.3695
v -0.8926 -0.9629 -0.3013
v -0.8145 -0.9629 -0.2283
v -0.7363 -0.9629 -0.1592
v -0.6582 -0.9629 -0.0892
v -1.4395 -1.0410 -0.0530
v -1.3613 -1.0410 -0.1372
v -1.2832 -1.0410 -0.2175
v -1.2051 -1.0410 -0.2895
v -1.1270 -1.0410 -0.3614
v -1.0488 -1.0410 -0.4273
v -0.9707 -1.0410 -0.4259
v -0.8926 -1.0410 -0.3578
v -0.8145 -1.0410 -0.2826
v -0.7363 -1.0410 -0.2087
v -0.6582 -1.0410 -0.1289
v -0.5801 -1.0410 -0.0493
v -1.3613 -1.1191 -0.1026
v -1.2832 -1.1191 -0.1852
v -1.2051 -1.1191 -0.2639
v -1.1270 -1.1191 -0.3428
v -1.0488 -1.1191 -0.4144
v -0.9707 -1.1191 -0.4138
v -0.8926 -1.1191 -0.3414
v -0.8145 -1.1191 -0.2594
v -0.7363 -1.1191 -0.1779
v -0.6582 -1.1191 -0.0965
v -1.3613 -1.1973 -0.0447
v -1.2832 -1.1973 -0.1169
v -1.2051 -1.1973 -0.2017
v -1.1270 -1.1973 -0.2870
v -1.0488 -1.1973 -0.3609
v -0.9707 -1.1973 -0.3593
v -0.8926 -1.1973 -0.2844
v -0.8145 -1.1973 -0.1981
v -0.7363 -1.1973 -0.1127
v -1.2832 -1.2754 -0.0577
v -1.2051 -1.2754 -0.1393
v -1.1270 -1.2754 -0.2294
v -1.0488 -1.2754 -0.3066
v -0.9707 -1.2754 -0.3035
v -0.8926 -1.2754 -0.2238
v -0.8145 -1.2754 -0.1334
v -0.7363 -1.2754 -0.0538
v -1.2051 -1.3535 -0.0854
v -1.1270 -1.3535 -0.1766
v -1.0488 -1.3535 -0.2568
v -0.9707 -1.3535 -0.2538
v -0.8926 -1.3535 -0.1704
v -0.8145 -1.3535 -0.0786
v -1.2051 -1.4316 -0.0466
v -1.1270 -1.4316 -0.1288
v -1.0488 -1.4316 -0.2116
v -0.9707 -1.4316 -0.2098
v -0.8926 -1.4316 -0.1255
v -0.8145 -1.4316 -0.0434
v -1.1270 -1.5098 -0.0951
v -1.0488 -1.5098 -0.1811
v -0.9707 -1.5098 -0.1798
v -0.8926 -1.5098 -0.0945
v -1.1270 -1.5879 -0.1023
v -1.0488 -1.5879 -0.1887
v -0.9707 -1.5879 -0.1881
v -0.8926 -1.5879 -0.1031
v -1.2051 -1.6660 -0.0562
v -1.1270 -1.6660 -0.1419
v -1.0488 -1.6660 -0.2257
v -0.9707 -1.6660 -0.2246
v -0.8926 -1.6660 -0.1408
v -0.8145 -1.6660 -0.0538
v -1.2051 -1.7441 -0.0979
v -1.1270 -1.7441 -0.1881
v -1.0488 -1.7441 -0.2692
v -0.9707 -1.7441 -0.2666
v -0.8926 -1.7441 -0.1841
v -0.8145 -1.7441 -0.0941
v -1.2832 -1.8223 -0.0721
v -1.2051 -1.8223 -0.1510
v -1.1270 -1.8223 -0.2388
v -1.0488 -1.8223 -0.3168
v -0.9707 -1.8223 -0.3136
v -0.8926 -1.8223 -0.2342
v -0.8145 -1.8223 -0.1476
v -0.7363 -1.8223 -0.0699
v -1.3613 -1.9004 -0.0588
v -1.2832 -1.9004 -0.1319
v -1.2051 -1.9004 -0.2133
v -1.1270 -1.9004 -0.2983
v -1.0488 -1.9004 -0.3728
v -0.9707 -1.9004 -0.3696
v -0.8926 -1.9004 -0.2937
v -0.8145 -1.9004 -0.2101
v -0.7363 -1.9004 -0.1300
v -0.6582 -1.9004 -0.0585
v -1.4395 -1.9785 -0.0411
v -1.3613 -1.9785 -0.1148
v -1.2832 -1.9785 -0.1967
v -1.2051 -1.9785 -0.2761
v -1.1270 -1.9785 -0.3556
v -1.0488 -1.9785 -0.4244
v -0.9707 -1.9785 -0.4205
v -0.8926 -1.9785 -0.3486
v -0.8145 -1.9785 -0.2698
v -0.7363 -1.9785 -0.1922
v -0.6582 -1.9785 -0.1129
v -1.4395 -2.0566 -0.0504
v -1.3613 -2.0566 -0.1295
v -1.2832 -2.0566 -0.2106
v -1.2051 -2.0566 -0.2853
v -1.1270 -2.0566 -0.3566
v -1.0488 -2.0566 -0.4173
v -0.9707 -2.0566 -0.4124
v -0.8926 -2.0566 -0.3462
v -0.8145 -2.0566 -0.2739
v -0.7363 -2.0566 -0.2016
v -0.6582 -2.0566 -0.1245
v -0.5801 -2.0566 -0.0478
v -1.3613 -2.1348 -0.0744
v -1.2832 -2.1348 -0.1471
v -1.2051 -2.1348 -0.2203
v -1.1270 -2.1348 -0.2915
v -1.0488 -2.1348 -0.3534
v -0.9707 -2.1348 -0.3486
v -0.8926 -2.1348 -0.2818
v -0.8145 -2.1348 -0.2095
v -0.7363 -2.1348 -0.1380
v -0.6582 -2.1348 -0.0707
v -1.2832 -2.2129 -0.0693
v -1.2051 -2.2129 -0.1381
v -1.1270 -2.2129 -0.2138
v -1.0488 -2.2129 -0.2809
v -0.9707 -2.2129 -0.2788
v -0.8926 -2.2129 -0.2115
v -0.8145 -2.2129 -0.1362
v -0.7363 -2.2129 -0.0672
v -1.2051 -2.2910 -0.0650
v -1.1270 -2.2910 -0.1371
v -1.0488 -2.2910 -0.2079
v -0.9707 -2.2910 -0.2093
v -0.8926 -2.2910 -0.1435
v -0.8145 -2.2910 -0.0703
v -1.1270 -2.3691 -0.0682
v -1.0488 -2.3691 -0.1324
v -0.9707 -2.3691 -0.1355
v -0.8926 -2.3691 -0.0764
v -1.0488 -2.4473 -0.0576
v -0.9707 -2.4473 -0.0592
v -2.8019 2.4099 0.0000
v -2.7519 2.3981 0.0000
v -2.7164 2.4013 0.0000
v -2.6594 2.4130 0.0000
v -2.8661 2.3439 0.0000
v -2.7927 2.3391 0.0000
v -2.7676 2.3965 0.0557
v -2.6895 2.3965 0.0484
v -2.6664 2.3411 0.0000
v -2.5915 2.3445 0.0000
v -2.9442 2.2657 0.0000
v -2.8653 2.2667 0.0000
v -2.8457 2.3184 0.0746
v -2.7676 2.3184 0.1309
v -2.6895 2.3184 0.1166
v -2.6113 2.3184 0.0546
v -2.5916 2.2665 0.0000
v -2.5123 2.2652 0.0000
v -3.0274 2.1825 0.0000
v -2.9467 2.1850 0.0000
v -2.9238 2.2402 0.0690
v -2.8457 2.2402 0.1436
v -2.7676 2.2402 0.2064
v -2.6895 2.2402 0.1892
v -2.6113 2.2402 0.1152
v -2.5332 2.2402 0.0507
v -2.5094 2.1841 0.0000
v -2.4292 2.1821 0.0000
v -3.1056 2.1043 0.0000
v -3.0284 2.1035 0.0000
v -3.0020 2.1621 0.0680
v -2.9238 2.1621 0.1393
v -2.8457 2.1621 0.2187
v -2.7676 2.1621 0.2796
v -2.6895 2.1621 0.2615
v -2.6113 2.1621 0.1888
v -2.5332 2.1621 0.1171
v -2.4551 2.1621 0.0559
v -2.4286 2.1035 0.0000
v -2.3524 2.1052 0.0000
v -3.1718 2.0400 0.0000
v -3.1009 2.0309 0.0000
v -3.0801 2.0840 0.0722
v -3.0020 2.0840 0.1414
v -2.9238 2.0840 0.2169
v -2.8457 2.0840 0.2931
v -2.7676 2.0840 0.3513
v -2.6895 2.0840 0.3339
v -2.6113 2.0840 0.2665
v -2.5332 2.0840 0.1988
v -2.4551 2.0840 0.1300
v -2.3770 2.0840 0.0621
v -2.3582 2.0332 0.0000
v -2.2873 2.0431 0.0000
v -3.1599 1.9897 0.0000
v -3.1582 2.0059 0.0555
v -3.0801 2.0059 0.1320
v -3.0020 2.0059 0.2100
v -2.9238 2.0059 0.2853
v -2.8457 2.0059 0.3602
v -2.7676 2.0059 0.4178
v -2.6895 2.0059 0.4018
v -2.6113 2.0059 0.3370
v -2.5332 2.0059 0.2688
v -2.4551 2.0059 0.1958
v -2.3770 2.0059 0.1154
v -2.2988 2.0059 0.0395
v -2.2975 1.9917 0.0000
v -3.1625 1.9532 0.0000
v -3.1582 1.9277 0.0511
v -3.0801 1.9277 0.1282
v -3.0020 1.9277 0.2111
v -2.9238 1.9277 0.2923
v -2.8457 1.9277 0.3737
v -2.7676 1.9277 0.4370
v -2.6895 1.9277 0.4208
v -2.6113 1.9277 0.3475
v -2.5332 1.9277 0.2694
v -2.4551 1.9277 0.1885
v -2.3770 1.9277 0.1048
v -2.3696 1.9607 0.0000
v -2.2955 1.9504 0.0000
v -3.1723 1.8944 0.0000
v -3.0975 1.8988 0.0000
v -3.0801 1.8496 0.0728
v -3.0020 1.8496 0.1526
v -2.9238 1.8496 0.2383
v -2.8457 1.8496 0.3239
v -2.7676 1.8496 0.3910
v -2.6895 1.8496 0.3750
v -2.6113 1.8496 0.2958
v -2.5332 1.8496 0.2099
v -2.4551 1.8496 0.1245
v -2.3770 1.8496 0.0520
v -2.3604 1.8977 0.0000
v -3.0983 1.8216 0.0000
v -3.0186 1.8197 0.0000
v -3.0020 1.7715 0.0904
v -2.9238 1.7715 0.1755
v -2.8457 1.7715 0.2627
v -2.7676 1.7715 0.3333
v -2.6895 1.7715 0.3195
v -2.6113 1.7715 0.2392
v -2.5332 1.7715 0.1499
v -2.4551 1.7715 0.0667
v -2.4384 1.8198 0.0000
v -2.3591 1.8211 0.0000
v -3.0157 1.7376 0.0000
v -3.0023 1.6932 0.0000
v -2.9238 1.6934 0.1186
v -2.8457 1.6934 0.2100
v -2.7676 1.6934 0.2861
v -2.6895 1.6934 0.2733
v -2.6113 1.6934 0.1883
v -2.5332 1.6934 0.0958
v -2.5210 1.7352 0.0000
v -2.4417 1.7371 0.0000
v -2.9329 1.6517 0.0000
v -2.9238 1.6152 0.0745
v -2.8457 1.6152 0.1671
v -2.7676 1.6152 0.2460
v -2.6895 1.6152 0.2313
v -2.6113 1.6152 0.1411
v -2.5332 1.6152 0.0530
v -2.5245 1.6510 0.0000
v -2.9273 1.5602 0.0000
v -2.9544 1.5305 0.0000
v -2.8457 1.5371 0.1342
v -2.7676 1.5371 0.2141
v -2.6895 1.5371 0.1915
v -2.6113 1.5371 0.0975
v -2.6048 1.5684 0.0000
v -2.5262 1.5694 0.0000
v -2.9298 1.4290 0.0000
v -2.9238 1.4590 0.0495
v -2.8457 1.4590 0.1395
v -2.7676 1.4590 0.2103
v -2.6895 1.4590 0.1716
v -2.6113 1.4590 0.0757
v -2.6113 1.4574 0.0000
v -3.0105 1.3454 0.0000
v -2.9313 1.3476 0.0000
v -2.9238 1.3809 0.0821
v -2.8457 1.3809 0.1760
v -2.7676 1.3809 0.2382
v -2.6895 1.3809 0.1942
v -2.6113 1.3809 0.0994
v -2.6036 1.3471 0.0000
v -2.5243 1.3447 0.0000
v -3.0141 1.2609 0.0000
v -3.0020 1.3027 0.0472
v -2.9238 1.3027 0.1285
v -2.8457 1.3027 0.2216
v -2.7676 1.3027 0.2826
v -2.6895 1.3027 0.2421
v -2.6113 1.3027 0.1495
v -2.5332 1.3027 0.0606
v -2.5207 1.2603 0.0000
v -3.0970 1.1761 0.0000
v -3.0164 1.1794 0.0000
v -3.0020 1.2246 0.0963
v -2.9238 1.2246 0.1826
v -2.8457 1.2246 0.2707
v -2.7676 1.2246 0.3307
v -2.6895 1.2246 0.2950
v -2.6113 1.2246 0.2085
v -2.5332 1.2246 0.1150
v -2.4855 1.2030 0.0000
v -2.4382 1.1761 0.0000
v -3.1745 1.0987 0.0000
v -3.0978 1.0969 0.0000
v -3.0801 1.1465 0.0735
v -3.0020 1.1465 0.1557
v -2.9238 1.1465 0.2409
v -2.8457 1.1465 0.3246
v -2.7676 1.1465 0.3822
v -2.6895 1.1465 0.3492
v -2.6113 1.1465 0.2679
v -2.5332 1.1465 0.1781
v -2.4551 1.1465 0.0910
v -2.4368 1.0963 0.0000
v -2.3597 1.0975 0.0000
v -3.1668 1.0327 0.0000
v -3.1582 1.0684 0.0557
v -3.0801 1.0684 0.1349
v -3.0020 1.0684 0.2197
v -2.9238 1.0684 0.3011
v -2.8457 1.0684 0.3808
v -2.7676 1.0684 0.4352
v -2.6895 1.0684 0.4016
v -2.6113 1.0684 0.3233
v -2.5332 1.0684 0.2403
v -2.4551 1.0684 0.1550
v -2.3770 1.0684 0.0720
v -2.3666 1.0294 0.0000
v -3.1582 0.9929 0.0000
v -3.1582 0.9902 0.0793
v -3.0801 0.9902 0.1662
v -3.0020 0.9902 0.2513
v -2.9238 0.9902 0.3322
v -2.8457 0.9902 0.4093
v -2.7676 0.9902 0.4610
v -2.6895 0.9902 0.4269
v -2.6113 0.9902 0.3509
v -2.5332 0.9902 0.2718
v -2.4551 0.9902 0.1892
v -2.3770 0.9902 0.1007
v -2.3769 0.9933 0.0000
v -3.1681 0.9502 0.0000
v -3.1582 0.9121 0.0501
v -3.0801 0.9121 0.1238
v -3.0020 0.9121 0.2078
v -2.9238 0.9121 0.2909
v -2.8457 0.9121 0.3703
v -2.7676 0.9121 0.4230
v -2.6895 0.9121 0.3895
v -2.6113 0.9121 0.3129
v -2.5332 0.9121 0.2338
v -2.4551 0.9121 0.1515
v -2.3770 0.9121 0.0701
v -2.3653 0.9531 0.0000
v -3.1751 0.8825 0.0000
v -3.0982 0.8841 0.0000
v -3.0801 0.8340 0.0629
v -3.0020 0.8340 0.1405
v -2.9238 0.8340 0.2272
v -2.8457 0.8340 0.3103
v -2.7676 0.8340 0.3659
v -2.6895 0.8340 0.3337
v -2.6113 0.8340 0.2564
v -2.5332 0.8340 0.1736
v -2.4551 0.8340 0.0906
v -2.4368 0.8841 0.0000
v -2.3595 0.8832 0.0000
v -3.0972 0.8046 0.0000
v -3.0166 0.8014 0.0000
v -3.0020 0.7559 0.0824
v -2.9238 0.7559 0.1688
v -2.8457 0.7559 0.2574
v -2.7676 0.7559 0.3175
v -2.6895 0.7559 0.2842
v -2.6113 0.7559 0.2024
v -2.5332 0.7559 0.1157
v -2.5192 0.8005 0.0000
v -2.4387 0.8037 0.0000
v -3.0144 0.7200 0.0000
v -2.9568 0.7038 0.0000
v -2.9238 0.6777 0.1186
v -2.8457 0.6777 0.2114
v -2.7676 0.6777 0.2739
v -2.6895 0.6777 0.2379
v -2.6113 0.6777 0.1504
v -2.5332 0.6777 0.0634
v -2.5213 0.7193 0.0000
v -2.9317 0.6337 0.0000
v -2.9238 0.5996 0.0756
v -2.8457 0.5996 0.1657
v -2.7676 0.5996 0.2288
v -2.6895 0.5996 0.1906
v -2.6113 0.5996 0.1021
v -2.6036 0.6335 0.0000
v -2.5249 0.6347 0.0000
v -2.9282 0.5473 0.0000
v -2.9748 0.5081 0.0000
v -2.8457 0.5215 0.1309
v -2.7676 0.5215 0.1972
v -2.6895 0.5215 0.1575
v -2.6113 0.5215 0.0686
v -2.6075 0.5456 0.0000
v -2.9299 0.4133 0.0000
v -2.9238 0.4434 0.0494
v -2.8457 0.4434 0.1385
v -2.7676 0.4434 0.2057
v -2.6895 0.4434 0.1659
v -2.6113 0.4434 0.0744
v -2.6058 0.4145 0.0000
v -3.0113 0.3282 0.0000
v -2.9319 0.3307 0.0000
v -2.9238 0.3652 0.0846
v -2.8457 0.3652 0.1794
v -2.7676 0.3652 0.2446
v -2.6895 0.3652 0.2055
v -2.6113 0.3652 0.1119
v -2.6035 0.3310 0.0000
v -2.5244 0.3292 0.0000
v -3.0148 0.2442 0.0000
v -3.0020 0.2871 0.0455
v -2.9238 0.2871 0.1283
v -2.8457 0.2871 0.2242
v -2.7676 0.2871 0.2879
v -2.6895 0.2871 0.2480
v -2.6113 0.2871 0.1535
v -2.5332 0.2871 0.0633
v -2.5207 0.2448 0.0000
v -2.4413 0.2429 0.0000
v -3.0976 0.1597 0.0000
v -3.0171 0.1627 0.0000
v -3.0020 0.2090 0.0911
v -2.9238 0.2090 0.1796
v -2.8457 0.2090 0.2711
v -2.7676 0.2090 0.3326
v -2.6895 0.2090 0.2932
v -2.6113 0.2090 0.2025
v -2.5332 0.2090 0.1105
v -2.4551 0.2090 0.0390
v -2.4382 0.1604 0.0000
v -3.1854 0.0716 0.0000
v -3.0981 0.0809 0.0000
v -3.0801 0.1309 0.0721
v -3.0020 0.1309 0.1502
v -2.9238 0.1309 0.2363
v -2.8457 0.1309 0.3245
v -2.7676 0.1309 0.3846
v -2.6895 0.1309 0.3480
v -2.6113 0.1309 0.2619
v -2.5332 0.1309 0.1743
v -2.4551 0.1309 0.0899
v -2.4369 0.0807 0.0000
v -2.3599 0.0822 0.0000
v -3.1669 0.0168 0.0000
v -3.1582 0.0527 0.0562
v -3.0801 0.0527 0.1319
v -3.0020 0.0527 0.2124
v -2.9238 0.0527 0.2937
v -2.8457 0.0527 0.3784
v -2.7676 0.0527 0.4379
v -2.6895 0.0527 0.4042
v -2.6113 0.0527 0.3234
v -2.5332 0.0527 0.2423
v -2.4551 0.0527 0.1600
v -2.3770 0.0527 0.0770
v -2.3674 0.0153 0.0000
v -3.1584 -0.0193 0.0000
v -3.1582 -0.0254 0.0766
v -3.0801 -0.0254 0.1601
v -3.0020 -0.0254 0.2411
v -2.9238 -0.0254 0.3218
v -2.8457 -0.0254 0.4046
v -2.7676 -0.0254 0.4628
v -2.6895 -0.0254 0.4308
v -2.6113 -0.0254 0.3534
v -2.5332 -0.0254 0.2746
v -2.4551 -0.0254 0.1930
v -2.3770 -0.0254 0.1039
v -2.3767 -0.0187 0.0000
v -3.1685 -0.0647 0.0000
v -3.1582 -0.1035 0.0479
v -3.0801 -0.1035 0.1186
v -3.0020 -0.1035 0.1997
v -2.9238 -0.1035 0.2833
v -2.8457 -0.1035 0.3690
v -2.7676 -0.1035 0.4284
v -2.6895 -0.1035 0.3954
v -2.6113 -0.1035 0.3150
v -2.5332 -0.1035 0.2323
v -2.4551 -0.1035 0.1490
v -2.3770 -0.1035 0.0677
v -2.3651 -0.0621 0.0000
v -3.1744 -0.1340 0.0000
v -3.0970 -0.1331 0.0000
v -3.0801 -0.1816 0.0618
v -3.0020 -0.1816 0.1385
v -2.9238 -0.1816 0.2268
v -2.8457 -0.1816 0.3158
v -2.7676 -0.1816 0.3760
v -2.6895 -0.1816 0.3420
v -2.6113 -0.1816 0.2580
v -2.5332 -0.1816 0.1687
v -2.4551 -0.1816 0.0844
v -2.4382 -0.1332 0.0000
v -2.3604 -0.1335 0.0000
v -3.0956 -0.2131 0.0000
v -3.0150 -0.2166 0.0000
v -3.0020 -0.2598 0.0837
v -2.9238 -0.2598 0.1735
v -2.8457 -0.2598 0.2656
v -2.7676 -0.2598 0.3271
v -2.6895 -0.2598 0.2905
v -2.6113 -0.2598 0.2023
v -2.5332 -0.2598 0.1098
v -2.5157 -0.2206 0.0000
v -2.4403 -0.2141 0.0000
v -3.0130 -0.2978 0.0000
v -3.0020 -0.3379 0.0432
v -2.9238 -0.3379 0.1258
v -2.8457 -0.3379 0.2230
v -2.7676 -0.3379 0.2862
v -2.6895 -0.3379 0.2454
v -2.6113 -0.3379 0.1500
v -2.5332 -0.3379 0.0605
v -2.5225 -0.2985 0.0000
v -3.0096 -0.3823 0.0000
v -2.9305 -0.3844 0.0000
v -2.9238 -0.4160 0.0857
v -2.8457 -0.4160 0.1839
v -2.7676 -0.4160 0.2493
v -2.6895 -0.4160 0.2061
v -2.6113 -0.4160 0.1066
v -2.6048 -0.3848 0.0000
v -2.5259 -0.3831 0.0000
v -2.9266 -0.4736 0.0000
v -2.9238 -0.4941 0.0574
v -2.8457 -0.4941 0.1534
v -2.7676 -0.4941 0.2232
v -2.6895 -0.4941 0.1795
v -2.6113 -0.4941 0.0791
v -2.6090 -0.4751 0.0000
v -2.9291 -0.6005 0.0000
v -2.9238 -0.5723 0.0640
v -2.8457 -0.5723 0.1588
v -2.7676 -0.5723 0.2277
v -2.6895 -0.5723 0.1863
v -2.6113 -0.5723 0.0873
v -2.6064 -0.5996 0.0000
v -3.0108 -0.6864 0.0000
v -2.9310 -0.6832 0.0000
v -2.9238 -0.6504 0.0987
v -2.8457 -0.6504 0.1942
v -2.7676 -0.6504 0.2587
v -2.6895 -0.6504 0.2189
v -2.6113 -0.6504 0.1227
v -2.5300 -0.6490 0.0000
v -2.5250 -0.6853 0.0000
v -3.0135 -0.7694 0.0000
v -3.0020 -0.7285 0.0567
v -2.9238 -0.7285 0.1435
v -2.8457 -0.7285 0.2370
v -2.7676 -0.7285 0.2979
v -2.6895 -0.7285 0.2586
v -2.6113 -0.7285 0.1679
v -2.5332 -0.7285 0.0780
v -2.5219 -0.7690 0.0000
v -2.4427 -0.7707 0.0000
v -3.0964 -0.8544 0.0000
v -3.0160 -0.8514 0.0000
v -3.0020 -0.8066 0.1047
v -2.9238 -0.8066 0.1964
v -2.8457 -0.8066 0.2858
v -2.7676 -0.8066 0.3431
v -2.6895 -0.8066 0.3053
v -2.6113 -0.8066 0.2212
v -2.5332 -0.8066 0.1337
v -2.4551 -0.8066 0.0531
v -2.4393 -0.8537 0.0000
v -3.1735 -0.9312 0.0000
v -3.0969 -0.9332 0.0000
v -3.0801 -0.8848 0.0792
v -3.0020 -0.8848 0.1625
v -2.9238 -0.8848 0.2521
v -2.8457 -0.8848 0.3401
v -2.7676 -0.8848 0.3967
v -2.6895 -0.8848 0.3596
v -2.6113 -0.8848 0.2777
v -2.5332 -0.8848 0.1931
v -2.4551 -0.8848 0.1074
v -2.4381 -0.9333 0.0000
v -2.3609 -0.9322 0.0000
v -3.1651 -0.9949 0.0000
v -3.1582 -0.9629 0.0586
v -3.0801 -0.9629 0.1373
v -3.0020 -0.9629 0.2223
v -2.9238 -0.9629 0.3086
v -2.8457 -0.9629 0.3945
v -2.7676 -0.9629 0.4509
v -2.6895 -0.9629 0.4149
v -2.6113 -0.9629 0.3348
v -2.5332 -0.9629 0.2523
v -2.4551 -0.9629 0.1659
v -2.3770 -0.9629 0.0795
v -2.3686 -0.9981 0.0000
v -3.1587 -1.0320 0.0000
v -3.1582 -1.0410 0.0752
v -3.0801 -1.0410 0.1601
v -3.0020 -1.0410 0.2448
v -2.9238 -1.0410 0.3307
v -2.8457 -1.0410 0.4157
v -2.7676 -1.0410 0.4719
v -2.6895 -1.0410 0.4374
v -2.6113 -1.0410 0.3578
v -2.5332 -1.0410 0.2744
v -2.4551 -1.0410 0.1874
v -2.3770 -1.0410 0.0975
v -2.3763 -1.0306 0.0000
v -3.1692 -1.0792 0.0000
v -3.1582 -1.1191 0.0445
v -3.0801 -1.1191 0.1155
v -3.0020 -1.1191 0.2000
v -2.9238 -1.1191 0.2868
v -2.8457 -1.1191 0.3739
v -2.7676 -1.1191 0.4326
v -2.6895 -1.1191 0.3979
v -2.6113 -1.1191 0.3142
v -2.5332 -1.1191 0.2265
v -2.4551 -1.1191 0.1387
v -2.3770 -1.1191 0.0601
v -2.3644 -1.0767 0.0000
v -3.1747 -1.1493 0.0000
v -3.0971 -1.1485 0.0000
v -3.0801 -1.1973 0.0597
v -3.0020 -1.1973 0.1389
v -2.9238 -1.1973 0.2273
v -2.8457 -1.1973 0.3151
v -2.7676 -1.1973 0.3748
v -2.6895 -1.1973 0.3398
v -2.6113 -1.1973 0.2535
v -2.5332 -1.1973 0.1613
v -2.4551 -1.1973 0.0751
v -2.4381 -1.1487 0.0000
v -2.3602 -1.1489 0.0000
v -3.0955 -1.2288 0.0000
v -3.0149 -1.2323 0.0000
v -3.0020 -1.2754 0.0846
v -2.9238 -1.2754 0.1714
v -2.8457 -1.2754 0.2606
v -2.7676 -1.2754 0.3216
v -2.6895 -1.2754 0.2842
v -2.6113 -1.2754 0.1948
v -2.5332 -1.2754 0.1023
v -2.5207 -1.2330 0.0000
v -2.4404 -1.2299 0.0000
v -3.0130 -1.3135 0.0000
v -3.0005 -1.3527 0.0000
v -2.9238 -1.3535 0.1239
v -2.8457 -1.3535 0.2171
v -2.7676 -1.3535 0.2795
v -2.6895 -1.3535 0.2392
v -2.6113 -1.3535 0.1450
v -2.5332 -1.3535 0.0581
v -2.5226 -1.3142 0.0000
v -2.9305 -1.4000 0.0000
v -2.9238 -1.4316 0.0868
v -2.8457 -1.4316 0.1796
v -2.7676 -1.4316 0.2429
v -2.6895 -1.4316 0.2006
v -2.6113 -1.4316 0.1047
v -2.6048 -1.4003 0.0000
v -2.5260 -1.3989 0.0000
v -2.9259 -1.4919 0.0000
v -2.9238 -1.5098 0.0598
v -2.8457 -1.5098 0.1534
v -2.7676 -1.5098 0.2189
v -2.6895 -1.5098 0.1743
v -2.6113 -1.5098 0.0774
v -2.6096 -1.4934 0.0000
v -2.9295 -1.6172 0.0000
v -2.9238 -1.5879 0.0704
v -2.8457 -1.5879 0.1650
v -2.7676 -1.5879 0.2295
v -2.6895 -1.5879 0.1848
v -2.6113 -1.5879 0.0875
v -2.6059 -1.6164 0.0000
v -2.5270 -1.6184 0.0000
v -3.0111 -1.7027 0.0000
v -2.9313 -1.6993 0.0000
v -2.9238 -1.6660 0.1051
v -2.8457 -1.6660 0.2010
v -2.7676 -1.6660 0.2642
v -2.6895 -1.6660 0.2214
v -2.6113 -1.6660 0.1258
v -2.5332 -1.6660 0.0437
v -2.5246 -1.7016 0.0000
v -3.0138 -1.7854 0.0000
v -3.0020 -1.7441 0.0575
v -2.9238 -1.7441 0.1453
v -2.8457 -1.7441 0.2404
v -2.7676 -1.7441 0.3027
v -2.6895 -1.7441 0.2625
v -2.6113 -1.7441 0.1719
v -2.5332 -1.7441 0.0835
v -2.5216 -1.7851 0.0000
v -2.4424 -1.7868 0.0000
v -3.0966 -1.8704 0.0000
v -3.0164 -1.8675 0.0000
v -3.0020 -1.8223 0.1048
v -2.9238 -1.8223 0.1977
v -2.8457 -1.8223 0.2884
v -2.7676 -1.8223 0.3469
v -2.6895 -1.8223 0.3089
v -2.6113 -1.8223 0.2239
v -2.5332 -1.8223 0.1349
v -2.4551 -1.8223 0.0531
v -2.4390 -1.8697 0.0000
v -3.1732 -1.9465 0.0000
v -3.0970 -1.9489 0.0000
v -3.0801 -1.9004 0.0807
v -3.0020 -1.9004 0.1659
v -2.9238 -1.9004 0.2566
v -2.8457 -1.9004 0.3439
v -2.7676 -1.9004 0.4000
v -2.6895 -1.9004 0.3631
v -2.6113 -1.9004 0.2796
v -2.5332 -1.9004 0.1919
v -2.4551 -1.9004 0.1051
v -2.4196 -1.9343 0.0000
v -2.3611 -1.9476 0.0000
v -3.1643 -2.0088 0.0000
v -3.1582 -1.9785 0.0600
v -3.0801 -1.9785 0.1401
v -3.0020 -1.9785 0.2263
v -2.9238 -1.9785 0.3103
v -2.8457 -1.9785 0.3908
v -2.7676 -1.9785 0.4447
v -2.6895 -1.9785 0.4108
v -2.6113 -1.9785 0.3312
v -2.5332 -1.9785 0.2479
v -2.4551 -1.9785 0.1641
v -2.3770 -1.9785 0.0829
v -2.3694 -2.0120 0.0000
v -3.1593 -2.0434 0.0000
v -3.1582 -2.0566 0.0712
v -3.0801 -2.0566 0.1529
v -3.0020 -2.0566 0.2324
v -2.9238 -2.0566 0.3070
v -2.8457 -2.0566 0.3788
v -2.7676 -2.0566 0.4287
v -2.6895 -2.0566 0.3995
v -2.6113 -2.0566 0.3284
v -2.5332 -2.0566 0.2533
v -2.4551 -2.0566 0.1766
v -2.3770 -2.0566 0.0971
v -2.3754 -2.0411 0.0000
v -3.1721 -2.0903 0.0000
v -3.1040 -2.0835 0.0000
v -3.0801 -2.1348 0.0932
v -3.0020 -2.1348 0.1658
v -2.9238 -2.1348 0.2384
v -2.8457 -2.1348 0.3100
v -2.7676 -2.1348 0.3602
v -2.6895 -2.1348 0.3324
v -2.6113 -2.1348 0.2635
v -2.5332 -2.1348 0.1907
v -2.4551 -2.1348 0.1178
v -2.3770 -2.1348 0.0527
v -2.3608 -2.0872 0.0000
v -3.1059 -2.1549 0.0000
v -3.0283 -2.1544 0.0000
v -3.0020 -2.2129 0.0874
v -2.9238 -2.2129 0.1596
v -2.8457 -2.2129 0.2342
v -2.7676 -2.2129 0.2861
v -2.6895 -2.2129 0.2568
v -2.6113 -2.2129 0.1857
v -2.5332 -2.2129 0.1128
v -2.4551 -2.2129 0.0495
v -2.4288 -2.1544 0.0000
v -2.3536 -2.1572 0.0000
v -3.0272 -2.2335 0.0000
v -2.9464 -2.2361 0.0000
v -2.9238 -2.2910 0.0876
v -2.8457 -2.2910 0.1623
v -2.7676 -2.2910 0.2150
v -2.6895 -2.2910 0.1830
v -2.6113 -2.2910 0.1090
v -2.5332 -2.2910 0.0462
v -2.5086 -2.2341 0.0000
v -2.4289 -2.2326 0.0000
v -2.9442 -2.3166 0.0000
v -2.8652 -2.3175 0.0000
v -2.8457 -2.3691 0.0937
v -2.7676 -2.3691 0.1416
v -2.6895 -2.3691 0.1108
v -2.6113 -2.3691 0.0488
v -2.5913 -2.3169 0.0000
v -2.5115 -2.3152 0.0000
v -2.8663 -2.3944 0.0000
v -2.7938 -2.3889 0.0000
v -2.7676 -2.4473 0.0630
v -2.6895 -2.4473 0.0456
v -2.6678 -2.3933 0.0000
v -2.5919 -2.3957 0.0000
v -2.8044 -2.4591 0.0000
v -2.7604 -2.4476 0.0000
v -2.7237 -2.4552 0.0000
v -2.6623 -2.4662 0.0000
v -2.7676 2.3965 -0.0557
v -2.6895 2.3965 -0.0484
v -2.8457 2.3184 -0.0746
v -2.7676 2.3184 -0.1309
v -2.6895 2.3184 -0.1166
v -2.6113 2.3184 -0.0546
v -2.9238 2.2402 -0.0690
v -2.8457 2.2402 -0.1436
v -2.7676 2.2402 -0.2064
v -2.6895 2.2402 -0.1892
v -2.6113 2.2402 -0.1152
v -2.5332 2.2402 -0.0507
v -3.0020 2.1621 -0.0680
v -2.9238 2.1621 -0.1393
v -2.8457 2.1621 -0.2187
v -2.7676 2.1621 -0.2796
v -2.6895 2.1621 -0.2615
v -2.6113 2.1621 -0.1888
v -2.5332 2.1621 -0.1171
v -2.4551 2.1621 -0.0559
v -3.0801 2.0840 -0.0722
v -3.0020 2.0840 -0.1414
v -2.9238 2.0840 -0.2169
v -2.8457 2.0840 -0.2931
v -2.7676 2.0840 -0.3513
v -2.6895 2.0840 -0.3339
v -2.6113 2.0840 -0.2665
v -2.5332 2.0840 -0.1988
v -2.4551 2.0840 -0.1300
v -2.3770 2.0840 -0.0621
v -3.1582 2.0059 -0.0555
v -3.0801 2.0059 -0.1320
v -3.0020 2.0059 -0.2100
v -2.9238 2.0059 -0.2853
v -2.8457 2.0059 -0.3602
v -2.7676 2.0059 -0.4178
v -2.6895 2.0059 -0.4018
v -2.6113 2.0059 -0.3370
v -2.5332 2.0059 -0.2688
v -2.4551 2.0059 -0.1958
v -2.3770 2.0059 -0.1154
v -2.2988 2.0059 -0.0395
v -3.1582 1.9277 -0.0511
v -3.0801 1.9277 -0.1282
v -3.0020 1.9277 -0.2111
v -2.9238 1.9277 -0.2923
v -2.8457 1.9277 -0.3737
v -2.7676 1.9277 -0.4370
v -2.6895 1.9277 -0.4208
v -2.6113 1.9277 -0.3475
v -2.5332 1.9277 -0.2694
v -2.4551 1.9277 -0.1885
v -2.3770 1.9277 -0.1048
v -3.0801 1.8496 -0.0728
v -3.0020 1.8496 -0.1526
v -2.9238 1.8496 -0.2383
v -2.8457 1.8496 -0.3239
v -2.7676 1.8496 -0.3910
v -2.6895 1.8496 -0.3750
v -2.6113 1.8496 -0.2958
v -2.5332 1.8496 -0.2099
v -2.4551 1.8496 -0.1245
v -2.3770 1.8496 -0.0520
v -3.0020 1.7715 -0.0904
v -2.9238 1.7715 -0.1755
v -2.8457 1.7715 -0.2627
v -2.7676 1.7715 -0.3333
v -2.6895 1.7715 -0.3195
v -2.6113 1.7715 -0.2392
v -2.5332 1.7715 -0.1499
v -2.4551 1.7715 -0.0667
v -2.9238 1.6934 -0.1186
v -2.8457 1.6934 -0.2100
v -2.7676 1.6934 -0.2861
v -2.6895 1.6934 -0.2733
v -2.6113 1.6934 -0.1883
v -2.5332 1.6934 -0.0958
v -2.9238 1.6152 -0.0745
v -2.8457 1.6152 -0.1671
v -2.7676 1.6152 -0.2460
v -2.6895 1.6152 -0.2313
v -2.6113 1.6152 -0.1411
v -2.5332 1.6152 -0.0530
v -2.8457 1.5371 -0.1342
v -2.7676 1.5371 -0.2141
v -2.6895 1.5371 -0.1915
v -2.6113 1.5371 -0.0975
v -2.9238 1.4590 -0.0495
v -2.8457 1.4590 -0.1395
v -2.7676 1.4590 -0.2103
v -2.6895 1.4590 -0.1716
v -2.6113 1.4590 -0.0757
v -2.9238 1.3809 -0.0821
v -2.8457 1.3809 -0.1760
v -2.7676 1.3809 -0.2382
v -2.6895 1.3809 -0.1942
v -2.6113 1.3809 -0.0994
v -3.0020 1.3027 -0.0472
v -2.9238 1.3027 -0.1285
v -2.8457 1.3027 -0.2216
v -2.7676 1.3027 -0.2826
v -2.6895 1.3027 -0.2421
v -2.6113 1.3027 -0.1495
v -2.5332 1.3027 -0.0606
v -3.0020 1.2246 -0.0963
v -2.9238 1.2246 -0.1826
v -2.8457 1.2246 -0.2707
v -2.7676 1.2246 -0.3307
v -2.6895 1.2246 -0.2950
v -2.6113 1.2246 -0.2085
v -2.5332 1.2246 -0.1150
v -3.0801 1.1465 -0.0735
v -3.0020 1.1465 -0.1557
v -2.9238 1.1465 -0.2409
v -2.8457 1.1465 -0.3246
v -2.7676 1.1465 -0.3822
v -2.6895 1.1465 -0.3492
v -2.6113 1.1465 -0.2679
v -2.5332 1.1465 -0.1781
v -2.4551 1.1465 -0.0910
v -3.1582 1.0684 -0.0557
v -3.0801 1.0684 -0.1349
v -3.0020 1.0684 -0.2197
v -2.9238 1.0684 -0.3011
v -2.8457 1.0684 -0.3808
v -2.7676 1.0684 -0.4352
v -2.6895 1.0684 -0.4016
v -2.6113 1.0684 -0.3233
v -2.5332 1.0684 -0.2403
v -2.4551 1.0684 -0.1550
v -2.3770 1.0684 -0.0720
v -3.1582 0.9902 -0.0793
v -3.0801 0.9902 -0.1662
v -3.0020 0.9902 -0.2513
v -2.9238 0.9902 -0.3322
v -2.8457 0.9902 -0.4093
v -2.7676 0.9902 -0.4610
v -2.6895 0.9902 -0.4269
v -2.6113 0.9902 -0.3509
v -2.5332 0.9902 -0.2718
v -2.4551 0.9902 -0.1892
v -2.3770 0.9902 -0.1007
v -3.1582 0.9121 -0.0501
v -3.0801 0.9121 -0.1238
v -3.0020 0.9121 -0.2078
v -2.9238 0.9121 -0.2909
v -2.8457 0.9121 -0.3703
v -2.7676 0.9121 -0.4230
v -2.6895 0.9121 -0.3895
v -2.6113 0.9121 -0.3129
v -2.5332 0.9121 -0.2338
v -2.4551 0.9121 -0.1515
v -2.3770 0.9121 -0.0701
v -3.0801 0.8340 -0.0629
v -3.0020 0.8340 -0.1405
v -2.9238 0.8340 -0.2272
v -2.8457 0.8340 -0.3103
v -2.7676 0.8340 -0.3659
v -2.6895 0.8340 -0.3337
v -2.6113 0.8340 -0.2564
v -2.5332 0.8340 -0.1736
v -2.4551 0.8340 -0.0906
v -3.0020 0.7559 -0.0824
v -2.9238 0.7559 -0.1688
v -2.8457 0.7559 -0.2574
v -2.7676 0.7559 -0.3175
v -2.6895 0.7559 -0.2842
v -2.6113 0.7559 -0.2024
v -2.5332 0.7559 -0.1157
v -2.9238 0.6777 -0.1186
v -2.8457 0.6777 -0.2114
v -2.7676 0.6777 -0.2739
v -2.6895 0.6777 -0.2379
v -2.6113 0.6777 -0.1504
v -2.5332 0.6777 -0.0634
v -2.9238 0.5996 -0.0756
v -2.8457 0.5996 -0.1657
v -2.7676 0.5996 -0.2288
v -2.6895 0.5996 -0.1906
v -2.6113 0.5996 -0.1021
v -2.8457 0.5215 -0.1309
v -2.7676 0.5215 -0.1972
v -2.6895 0.5215 -0.1575
v -2.6113 0.5215 -0.0686
v -2.9238 0.4434 -0.0494
v -2.8457 0.4434 -0.1385
v -2.7676 0.4434 -0.2057
v -2.6895 0.4434 -0.1659
v -2.6113 0.4434 -0.0744
v -2.9238 0.3652 -0.0846
v -2.8457 0.3652 -0.1794
v -2.7676 0.3652 -0.2446
v -2.6895 0.3652 -0.2055
v -2.6113 0.3652 -0.1119
v -3.0020 0.2871 -0.0455
v -2.9238 0.2871 -0.1283
v -2.8457 0.2871 -0.2242
v -2.7676 0.2871 -0.2879
v -2.6895 0.2871 -0.2480
v -2.6113 0.2871 -0.1535
v -2.5332 0.2871 -0.0633
v -3.0020 0.2090 -0.0911
v -2.9238 0.2090 -0.1796
v -2.8457 0.2090 -0.2711
v -2.7676 0.2090 -0.3326
v -2.6895 0.2090 -0.2932
v -2.6113 0.2090 -0.2025
v -2.5332 0.2090 -0.1105
v -2.4551 0.2090 -0.0390
v -3.0801 0.1309 -0.0721
v -3.0020 0.1309 -0.1502
v -2.9238 0.1309 -0.2363
v -2.8457 0.1309 -0.3245
v -2.7676 0.1309 -0.3846
v -2.6895 0.1309 -0.3480
v -2.6113 0.1309 -0.2619
v -2.5332 0.1309 -0.1743
v -2.4551 0.1309 -0.0899
v -3.1582 0.0527 -0.0562
v -3.0801 0.0527 -0.1319
v -3.0020 0.0527 -0.2124
v -2.9238 0.0527 -0.2937
v -2.8457 0.0527 -0.3784
v -2.7676 0.0527 -0.4379
v -2.6895 0.0527 -0.4042
v -2.6113 0.0527 -0.3234
v -2.5332 0.0527 -0.2423
v -2.4551 0.0527 -0.1600
v -2.3770 0.0527 -0.0770
v -3.1582 -0.0254 -0.0766
v -3.0801 -0.0254 -0.1601
v -3.0020 -0.0254 -0.2411
v -2.9238 -0.0254 -0.3218
v -2.8457 -0.0254 -0.4046
v -2.7676 -0.0254 -0.4628
v -2.6895 -0.0254 -0.4308
v -2.6113 -0.0254 -0.3534
v -2.5332 -0.0254 -0.2746
v -2.4551 -0.0254 -0.1930
v -2.3770 -0.0254 -0.1039
v -3.1582 -0.1035 -0.0479
v -3.0801 -0.1035 -0.1186
v -3.0020 -0.1035 -0.1997
v -2.9238 -0.1035 -0.2833
v -2.8457 -0.1035 -0.3690
v -2.7676 -0.1035 -0.4284
v -2.6895 -0.1035 -0.3954
v -2.6113 -0.1035 -0.3150
v -2.5332 -0.1035 -0.2323
v -2.4551 -0.1035 -0.1490
v -2.3770 -0.1035 -0.0677
v -3.0801 -0.1816 -0.0618
v -3.0020 -0.1816 -0.1385
v -2.9238 -0.1816 -0.2268
v -2.8457 -0.1816 -0.3158
v -2.7676 -0.1816 -0.3760
v -2.6895 -0.1816 -0.3420
v -2.6113 -0.1816 -0.2580
v -2.5332 -0.1816 -0.1687
v -2.4551 -0.1816 -0.0844
v -3.0020 -0.2598 -0.0837
v -2.9238 -0.2598 -0.1735
v -2.8457 -0.2598 -0.2656
v -2.7676 -0.2598 -0.3271
v -2.6895 -0.2598 -0.2905
v -2.6113 -0.2598 -0.2023
v -2.5332 -0.2598 -0.1098
v -3.0020 -0.3379 -0.0432
v -2.9238 -0.3379 -0.1258
v -2.8457 -0.3379 -0.2230
v -2.7676 -0.3379 -0.2862
v -2.6895 -0.3379 -0.2454
v -2.6113 -0.3379 -0.1500
v -2.5332 -0.3379 -0.0605
v -2.9238 -0.4160 -0.0857
v -2.8457 -0.4160 -0.1839
v -2.7676 -0.4160 -0.2493
v -2.6895 -0.4160 -0.2061
v -2.6113 -0.4160 -0.1066
v -2.9238 -0.4941 -0.0574
v -2.8457 -0.4941 -0.1534
v -2.7676 -0.4941 -0.2232
v -2.6895 -0.4941 -0.1795
v -2.6113 -0.4941 -0.0791
v -2.9238 -0.5723 -0.0640
v -2.8457 -0.5723 -0.1588
v -2.7676 -0.5723 -0.2277
v -2.6895 -0.5723 -0.1863
v -2.6113 -0.5723 -0.0873
v -2.9238 -0.6504 -0.0987
v -2.8457 -0.6504 -0.1942
v -2.7676 -0.6504 -0.2587
v -2.6895 -0.6504 -0.2189
v -2.6113 -0.6504 -0.1227
v -3.0020 -0.7285 -0.0567
v -2.9238 -0.7285 -0.1435
v -2.8457 -0.7285 -0.2370
v -2.7676 -0.7285 -0.2979
v -2.6895 -0.7285 -0.2586
v -2.6113 -0.7285 -0.1679
v -2.5332 -0.7285 -0.0780
v -3.0020 -0.8066 -0.1047
v -2.9238 -0.8066 -0.1964
v -2.8457 -0.8066 -0.2858
v -2.7676 -0.8066 -0.3431
v -2.6895 -0.8066 -0.3053
v -2.6113 -0.8066 -0.2212
v -2.5332 -0.8066 -0.1337
v -2.4551 -0.8066 -0.0531
v -3.0801 -0.8848 -0.0792
v -3.0020 -0.8848 -0.1625
v -2.9238 -0.8848 -0.2521
v -2.8457 -0.8848 -0.3401
v -2.7676 -0.8848 -0.3967
v -2.6895 -0.8848 -0.3596
v -2.6113 -0.8848 -0.2777
v -2.5332 -0.8848 -0.1931
v -2.4551 -0.8848 -0.1074
v -3.1582 -0.9629 -0.0586
v -3.0801 -0.9629 -0.1373
v -3.0020 -0.9629 -0.2223
v -2.9238 -0.9629 -0.3086
v -2.8457 -0.9629 -0.3945
v -2.7676 -0.9629 -0.4509
v -2.6895 -0.9629 -0.4149
v -2.6113 -0.9629 -0.3348
v -2.5332 -0.9629 -0.2523
v -2.4551 -0.9629 -0.1659
v -2.3770 -0.9629 -0.0795
v -3.1582 -1.0410 -0.0752
v -3.0801 -1.0410 -0.1601
v -3.0020 -1.0410 -0.2448
v -2.9238 -1.0410 -0.3307
v -2.8457 -1.0410 -0.4157
v -2.7676 -1.0410 -0.4719
v -2.6895 -1.0410 -0.4374
v -2.6113 -1.0410 -0.3578
v -2.5332 -1.0410 -0.2744
v -2.4551 -1.0410 -0.1874
v -2.3770 -1.0410 -0.0975
v -3.1582 -1.1191 -0.0445
v -3.0801 -1.1191 -0.1155
v -3.0020 -1.1191 -0.2000
v -2.9238 -1.1191 -0.2868
v -2.8457 -1.1191 -0.3739
v -2.7676 -1.1191 -0.4326
v -2.6895 -1.1191 -0.3979
v -2.6113 -1.1191 -0.3142
v -2.5332 -1.1191 -0.2265
v -2.4551 -1.1191 -0.1387
v -2.3770 -1.1191 -0.0601
v -3.0801 -1.1973 -0.0597
v -3.0020 -1.1973 -0.1389
v -2.9238 -1.1973 -0.2273
v -2.8457 -1.1973 -0.3151
v -2.7676 -1.1973 -0.3748
v -2.6895 -1.1973 -0.3398
v -2.6113 -1.1973 -0.2535
v -2.5332 -1.1973 -0.1613
v -2.4551 -1.1973 -0.0751
v -3.0020 -1.2754 -0.0846
v -2.9238 -1.2754 -0.1714
v -2.8457 -1.2754 -0.2606
v -2.7676 -1.2754 -0.3216
v -2.6895 -1.2754 -0.2842
v -2.6113 -1.2754 -0.1948
v -2.5332 -1.2754 -0.1023
v -2.9238 -1.3535 -0.1239
v -2.8457 -1.3535 -0.2171
v -2.7676 -1.3535 -0.2795
v -2.6895 -1.3535 -0.2392
v -2.6113 -1.3535 -0.1450
v -2.5332 -1.3535 -0.0581
v -2.9238 -1.4316 -0.0868
v -2.8457 -1.4316 -0.1796
v -2.7676 -1.4316 -0.2429
v -2.6895 -1.4316 -0.2006
v -2.6113 -1.4316 -0.1047
v -2.9238 -1.5098 -0.0598
v -2.8457 -1.5098 -0.1534
v -2.7676 -1.5098 -0.2189
v -2.6895 -1.5098 -0.1743
v -2.6113 -1.5098 -0.0774
v -2.9238 -1.5879 -0.0704
v -2.8457 -1.5879 -0.1650
v -2.7676 -1.5879 -0.2295
v -2.6895 -1.5879 -0.1848
v -2.6113 -1.5879 -0.0875
v -2.9238 -1.6660 -0.1051
v -2.8457 -1.6660 -0.2010
v -2.7676 -1.6660 -0.2642
v -2.6895 -1.6660 -0.2214
v -2.6113 -1.6660 -0.1258
v -2.5332 -1.6660 -0.0437
v -3.0020 -1.7441 -0.0575
v -2.9238 -1.7441 -0.1453
v -2.8457 -1.7441 -0.2404
v -2.7676 -1.7441 -0.3027
v -2.6895 -1.7441 -0.2625
v -2.6113 -1.7441 -0.1719
v -2.5332 -1.7441 -0.0835
v -3.0020 -1.8223 -0.1048
v -2.9238 -1.8223 -0.1977
v -2.8457 -1.8223 -0.2884
v -2.7676 -1.8223 -0.3469
v -2.6895 -1.8223 -0.3089
v -2.6113 -1.8223 -0.2239
v -2.5332 -1.8223 -0.1349
v -2.4551 -1.8223 -0.0531
v -3.0801 -1.9004 -0.0807
v -3.0020 -1.9004 -0.1659
v -2.9238 -1.9004 -0.2566
v -2.8457 -1.9004 -0.3439
v -2.7676 -1.9004 -0.4000
v -2.6895 -1.9004 -0.3631
v -2.6113 -1.9004 -0.2796
v -2.5332 -1.9004 -0.1919
v -2.4551 -1.9004 -0.1051
v -3.1582 -1.9785 -0.0600
v -3.0801 -1.9785 -0.1401
v -3.0020 -1.9785 -0.2263
v -2.9238 -1.9785 -0.3103
v -2.8457 -1.9785 -0.3908
v -2.7676 -1.9785 -0.4447
v -2.6895 -1.9785 -0.4108
v -2.6113 -1.9785 -0.3312
v -2.5332 -1.9785 -0.2479
v -2.4551 -1.9785 -0.1641
v -2.3770 -1.9785 -0.0829
v -3.1582 -2.0566 -0.0712
v -3.0801 -2.0566 -0.1529
v -3.0020 -2.0566 -0.2324
v -2.9238 -2.0566 -0.3070
v -2.8457 -2.0566 -0.3788
v -2.7676 -2.0566 -0.4287
v -2.6895 -2.0566 -0.3995
v -2.6113 -2.0566 -0.3284
v -2.5332 -2.0566 -0.2533
v -2.4551 -2.0566 -0.1766
v -2.3770 -2.0566 -0.0971
v -3.0801 -2.1348 -0.0932
v -3.0020 -2.1348 -0.1658
v -2.9238 -2.1348 -0.2384
v -2.8457 -2.1348 -0.3100
v -2.7676 -2.1348 -0.3602
v -2.6895 -2.1348 -0.3324
v -2.6113 -2.1348 -0.2635
v -2.5332 -2.1348 -0.1907
v -2.4551 -2.1348 -0.1178
v -2.3770 -2.1348 -0.0527
v -3.0020 -2.2129 -0.0874
v -2.9238 -2.2129 -0.1596
v -2.8457 -2.2129 -0.2342
v -2.7676 -2.2129 -0.2861
v -2.6895 -2.2129 -0.2568
v -2.6113 -2.2129 -0.1857
v -2.5332 -2.2129 -0.1128
v -2.4551 -2.2129 -0.0495
v -2.9238 -2.2910 -0.0876
v -2.8457 -2.2910 -0.1623
v -2.7676 -2.2910 -0.2150
v -2.6895 -2.2910 -0.1830
v -2.6113 -2.2910 -0.1090
v -2.5332 -2.2910 -0.0462
v -2.8457 -2.3691 -0.0937
v -2.7676 -2.3691 -0.1416
v -2.6895 -2.3691 -0.1108
v -2.6113 -2.3691 -0.0488
v -2.7676 -2.4473 -0.0630
v -2.6895 -2.4473 -0.0456
v -4.9161 2.4069 0.0000
v -4.8728 2.3966 0.0000
v -4.8334 2.4046 0.0000
v -4.7714 2.4152 0.0000
v -4.9768 2.3425 0.0000
v -4.9049 2.3366 0.0000
v -4.8770 2.3965 0.0598
v -4.7988 2.3965 0.0405
v -4.7770 2.3424 0.0000
v -4.7012 2.3448 0.0000
v -5.0538 2.2655 0.0000
v -4.9754 2.2658 0.0000
v -4.9551 2.3184 0.0956
v -4.8770 2.3184 0.1393
v -4.7988 2.3184 0.1046
v -4.7207 2.3184 0.0431
v -4.7008 2.2662 0.0000
v -5.1358 2.1835 0.0000
v -5.0552 2.1859 0.0000
v -5.0332 2.2402 0.0932
v -4.9551 2.2402 0.1692
v -4.8770 2.2402 0.2156
v -4.7988 2.2402 0.1759
v -4.7207 2.2402 0.0994
v -4.6991 2.1863 0.0000
v -4.6181 2.1834 0.0000
v -5.2149 2.1044 0.0000
v -5.1369 2.1043 0.0000
v -5.1113 2.1621 0.0861
v -5.0332 2.1621 0.1638
v -4.9551 2.1621 0.2413
v -4.8770 2.1621 0.2858
v -4.7988 2.1621 0.2460
v -4.7207 2.1621 0.1694
v -4.6426 2.1621 0.0945
v -4.5886 2.1352 0.0000
v -4.5381 2.1036 0.0000
v -4.4627 2.1062 0.0000
v -5.2830 2.0373 0.0000
v -5.2116 2.0295 0.0000
v -5.1895 2.0840 0.0874
v -5.1113 2.0840 0.1598
v -5.0332 2.0840 0.2365
v -4.9551 2.0840 0.3093
v -4.8770 2.0840 0.3526
v -4.7988 2.0840 0.3158
v -4.7207 2.0840 0.2447
v -4.6426 2.0840 0.1732
v -4.5645 2.0840 0.1037
v -4.4863 2.0840 0.0439
v -4.4695 2.0355 0.0000
v -5.2698 1.9875 0.0000
v -5.2676 2.0059 0.0702
v -5.1895 2.0059 0.1484
v -5.1113 2.0059 0.2252
v -5.0332 2.0059 0.3005
v -4.9551 2.0059 0.3718
v -4.8770 2.0059 0.4160
v -4.7988 2.0059 0.3828
v -4.7207 2.0059 0.3145
v -4.6426 2.0059 0.2444
v -4.5645 2.0059 0.1724
v -4.4863 2.0059 0.0936
v -4.4837 1.9856 0.0000
v -5.2728 1.9558 0.0000
v -5.2676 1.9277 0.0625
v -5.1895 1.9277 0.1419
v -5.1113 1.9277 0.2238
v -5.0332 1.9277 0.3047
v -4.9551 1.9277 0.3839
v -4.8770 1.9277 0.4352
v -4.7988 1.9277 0.4003
v -4.7207 1.9277 0.3242
v -4.6426 1.9277 0.2475
v -4.5645 1.9277 0.1705
v -4.4863 1.9277 0.0896
v -4.4804 1.9576 0.0000
v -5.2828 1.8960 0.0000
v -5.2073 1.8993 0.0000
v -5.1895 1.8496 0.0851
v -5.1113 1.8496 0.1663
v -5.0332 1.8496 0.2516
v -4.9551 1.8496 0.3368
v -4.8770 1.8496 0.3921
v -4.7988 1.8496 0.3542
v -4.7207 1.8496 0.2714
v -4.6426 1.8496 0.1888
v -4.5645 1.8496 0.1098
v -4.5230 1.8796 0.0000
v -4.4706 1.8966 0.0000
v -5.2074 1.8214 0.0000
v -5.1430 1.8069 0.0000
v -5.1113 1.7715 0.1066
v -5.0332 1.7715 0.1936
v -4.9551 1.7715 0.2820
v -4.8770 1.7715 0.3396
v -4.7988 1.7715 0.2994
v -4.7207 1.7715 0.2129
v -4.6426 1.7715 0.1265
v -4.5645 1.7715 0.0519
v -4.5472 1.8204 0.0000
v -5.1248 1.7371 0.0000
v -5.1113 1.6934 0.0568
v -5.0332 1.6934 0.1391
v -4.9551 1.6934 0.2318
v -4.8770 1.6934 0.2925
v -4.7988 1.6934 0.2512
v -4.7207 1.6934 0.1603
v -4.6426 1.6934 0.0736
v -4.6301 1.7357 0.0000
v -4.5505 1.7379 0.0000
v -5.1218 1.6544 0.0000
v -5.0418 1.6509 0.0000
v -5.0332 1.6152 0.0913
v -4.9551 1.6152 0.1847
v -4.8770 1.6152 0.2473
v -4.7988 1.6152 0.2061
v -4.7207 1.6152 0.1137
v -4.7130 1.6490 0.0000
v -4.6334 1.6520 0.0000
v -5.0362 1.5584 0.0000
v -5.0332 1.5371 0.0600
v -4.9551 1.5371 0.1503
v -4.8770 1.5371 0.2113
v -4.7988 1.5371 0.1644
v -4.7207 1.5371 0.0733
v -4.7140 1.5687 0.0000
v -5.0389 1.4298 0.0000
v -5.0332 1.4590 0.0672
v -4.9551 1.4590 0.1566
v -4.8770 1.4590 0.2050
v -4.7988 1.4590 0.1449
v -4.7207 1.4590 0.0554
v -4.7207 1.4570 0.0000
v -5.1194 1.3462 0.0000
v -5.0405 1.3479 0.0000
v -5.0332 1.3809 0.1026
v -4.9551 1.3809 0.1929
v -4.8770 1.3809 0.2317
v -4.7988 1.3809 0.1680
v -4.7207 1.3809 0.0764
v -4.7128 1.3465 0.0000
v -4.6333 1.3438 0.0000
v -5.1231 1.2616 0.0000
v -5.1113 1.3027 0.0615
v -5.0332 1.3027 0.1464
v -4.9551 1.3027 0.2359
v -4.8770 1.3027 0.2744
v -4.7988 1.3027 0.2137
v -4.7207 1.3027 0.1222
v -4.6426 1.3027 0.0444
v -4.6297 1.2597 0.0000
v -5.2058 1.1768 0.0000
v -5.1516 1.1984 0.0000
v -5.1113 1.2246 0.1079
v -5.0332 1.2246 0.1966
v -4.9551 1.2246 0.2828
v -4.8770 1.2246 0.3215
v -4.7988 1.2246 0.2642
v -4.7207 1.2246 0.1768
v -4.6426 1.2246 0.0905
v -4.6276 1.1785 0.0000
v -4.5470 1.1754 0.0000
v -5.2845 1.0979 0.0000
v -5.2073 1.0968 0.0000
v -5.1895 1.1465 0.0842
v -5.1113 1.1465 0.1666
v -5.0332 1.1465 0.2543
v -4.9551 1.1465 0.3373
v -4.8770 1.1465 0.3731
v -4.7988 1.1465 0.3178
v -4.7207 1.1465 0.2356
v -4.6426 1.1465 0.1516
v -4.5645 1.1465 0.0726
v -4.5463 1.0964 0.0000
v -4.4697 1.0983 0.0000
v -5.2776 1.0300 0.0000
v -5.2676 1.0684 0.0713
v -5.1895 1.0684 0.1490
v -5.1113 1.0684 0.2319
v -5.0332 1.0684 0.3161
v -4.9551 1.0684 0.3952
v -4.8770 1.0684 0.4271
v -4.7988 1.0684 0.3717
v -4.7207 1.0684 0.2940
v -4.6426 1.0684 0.2173
v -4.5645 1.0684 0.1364
v -4.4863 1.0684 0.0573
v -4.4774 1.0322 0.0000
v -5.2676 0.9933 0.0000
v -5.2676 0.9902 0.0996
v -5.1895 0.9902 0.1860
v -5.1113 0.9902 0.2695
v -5.0332 0.9902 0.3510
v -4.9551 0.9902 0.4267
v -4.8770 0.9902 0.4571
v -4.7988 0.9902 0.4014
v -4.7207 0.9902 0.3252
v -4.6426 0.9902 0.2512
v -4.5645 0.9902 0.1709
v -4.4863 0.9902 0.0821
v -4.4863 0.9929 0.0000
v -5.2790 0.9528 0.0000
v -5.2676 0.9121 0.0669
v -5.1895 0.9121 0.1463
v -5.1113 0.9121 0.2317
v -5.0332 0.9121 0.3164
v -4.9551 0.9121 0.3956
v -4.8770 0.9121 0.4284
v -4.7988 0.9121 0.3709
v -4.7207 0.9121 0.2888
v -4.6426 0.9121 0.2101
v -4.5645 0.9121 0.1304
v -4.4863 0.9121 0.0532
v -4.4762 0.9505 0.0000
v -5.2850 0.8832 0.0000
v -5.2077 0.8841 0.0000
v -5.1895 0.8340 0.0816
v -5.1113 0.8340 0.1655
v -5.0332 0.8340 0.2563
v -4.9551 0.8340 0.3417
v -4.8770 0.8340 0.3773
v -4.7988 0.8340 0.3176
v -4.7207 0.8340 0.2296
v -4.6426 0.8340 0.1446
v -4.5645 0.8340 0.0686
v -4.5463 0.8841 0.0000
v -4.4693 0.8826 0.0000
v -5.2059 0.8038 0.0000
v -5.1255 0.8007 0.0000
v -5.1113 0.7559 0.1028
v -5.0332 0.7559 0.1945
v -4.9551 0.7559 0.2857
v -4.8770 0.7559 0.3252
v -4.7988 0.7559 0.2629
v -4.7207 0.7559 0.1714
v -4.6426 0.7559 0.0871
v -4.6280 0.8013 0.0000
v -4.5474 0.8045 0.0000
v -5.1234 0.7194 0.0000
v -5.1113 0.6777 0.0551
v -5.0332 0.6777 0.1392
v -4.9551 0.6777 0.2339
v -4.8770 0.6777 0.2763
v -4.7988 0.6777 0.2139
v -4.7207 0.6777 0.1201
v -4.6436 0.6783 0.0000
v -4.6302 0.7200 0.0000
v -5.1197 0.6348 0.0000
v -5.0409 0.6335 0.0000
v -5.0332 0.5996 0.0956
v -4.9551 0.5996 0.1892
v -4.8770 0.5996 0.2318
v -4.7988 0.5996 0.1675
v -4.7207 0.5996 0.0754
v -4.7129 0.6336 0.0000
v -5.0371 0.5458 0.0000
v -5.0332 0.5215 0.0657
v -4.9551 0.5215 0.1586
v -4.8770 0.5215 0.2013
v -4.7988 0.5215 0.1310
v -4.7207 0.5215 0.0441
v -4.7164 0.5471 0.0000
v -5.0388 0.4144 0.0000
v -5.0332 0.4434 0.0704
v -4.9551 0.4434 0.1640
v -4.8770 0.4434 0.2056
v -4.7988 0.4434 0.1341
v -4.7207 0.4434 0.0459
v -4.7147 0.4134 0.0000
v -5.1202 0.3291 0.0000
v -5.0411 0.3310 0.0000
v -5.0332 0.3652 0.1051
v -4.9551 0.3652 0.2009
v -4.8770 0.3652 0.2424
v -4.7988 0.3652 0.1752
v -4.7207 0.3652 0.0784
v -4.7127 0.3308 0.0000
v -4.6333 0.3284 0.0000
v -5.1239 0.2447 0.0000
v -5.1113 0.2871 0.0607
v -5.0332 0.2871 0.1490
v -4.9551 0.2871 0.2451
v -4.8770 0.2871 0.2881
v -4.7988 0.2871 0.2246
v -4.7207 0.2871 0.1272
v -4.6426 0.2871 0.0463
v -4.6298 0.2443 0.0000
v -5.2065 0.1603 0.0000
v -5.1747 0.1985 0.0000
v -5.1113 0.2090 0.1083
v -5.0332 0.2090 0.1997
v -4.9551 0.2090 0.2903
v -4.8770 0.2090 0.3319
v -4.7988 0.2090 0.2724
v -4.7207 0.2090 0.1800
v -4.6426 0.2090 0.0908
v -4.6275 0.1628 0.0000
v -4.5470 0.1598 0.0000
v -5.2845 0.0823 0.0000
v -5.2076 0.0807 0.0000
v -5.1895 0.1309 0.0855
v -5.1113 0.1309 0.1690
v -5.0332 0.1309 0.2564
v -4.9551 0.1309 0.3400
v -4.8770 0.1309 0.3783
v -4.7988 0.1309 0.3225
v -4.7207 0.1309 0.2359
v -4.6426 0.1309 0.1498
v -4.5645 0.1309 0.0731
v -4.5464 0.0809 0.0000
v -4.4699 0.0829 0.0000
v -5.2756 0.0182 0.0000
v -5.2676 0.0527 0.0669
v -5.1895 0.0527 0.1469
v -5.1113 0.0527 0.2305
v -5.0332 0.0527 0.3113
v -4.9551 0.0527 0.3882
v -4.8770 0.0527 0.4250
v -4.7988 0.0527 0.3740
v -4.7207 0.0527 0.2938
v -4.6426 0.0527 0.2144
v -4.5645 0.0527 0.1357
v -4.4863 0.0527 0.0612
v -4.4764 0.0147 0.0000
v -5.2695 -0.0080 0.0000
v -5.2676 -0.0254 0.0813
v -5.1895 -0.0254 0.1651
v -5.1113 -0.0254 0.2431
v -5.0332 -0.0254 0.3157
v -4.9551 -0.0254 0.3844
v -4.8770 -0.0254 0.4234
v -4.7988 -0.0254 0.3846
v -4.7207 -0.0254 0.3151
v -4.6426 -0.0254 0.2443
v -4.5645 -0.0254 0.1697
v -4.4863 -0.0254 0.0888
v -4.4862 -0.0289 0.0000
v -5.2811 -0.0596 0.0000
v -5.2676 -0.1035 0.0457
v -5.1895 -0.1035 0.1093
v -5.1113 -0.1035 0.1816
v -5.0332 -0.1035 0.2528
v -4.9551 -0.1035 0.3218
v -4.8770 -0.1035 0.3640
v -4.7988 -0.1035 0.3285
v -4.7207 -0.1035 0.2615
v -4.6426 -0.1035 0.1941
v -4.5645 -0.1035 0.1247
v -4.4863 -0.1035 0.0575
v -4.4731 -0.0600 0.0000
v -5.2889 -0.1280 0.0000
v -5.2145 -0.1243 0.0000
v -5.1895 -0.1816 0.0448
v -5.1113 -0.1816 0.1041
v -5.0332 -0.1816 0.1786
v -4.9551 -0.1816 0.2531
v -4.8770 -0.1816 0.2969
v -4.7988 -0.1816 0.2579
v -4.7207 -0.1816 0.1847
v -4.6426 -0.1816 0.1145
v -4.5645 -0.1816 0.0547
v -4.5384 -0.1234 0.0000
v -4.4639 -0.1269 0.0000
v -5.2153 -0.2017 0.0000
v -5.1362 -0.2026 0.0000
v -5.1113 -0.2598 0.0430
v -5.0332 -0.2598 0.1094
v -4.9551 -0.2598 0.1866
v -4.8770 -0.2598 0.2308
v -4.7988 -0.2598 0.1878
v -4.7207 -0.2598 0.1087
v -4.6426 -0.2598 0.0467
v -4.6175 -0.2024 0.0000
v -4.5381 -0.2012 0.0000
v -5.1339 -0.2829 0.0000
v -5.0540 -0.2848 0.0000
v -5.0332 -0.3379 0.0487
v -4.9551 -0.3379 0.1174
v -4.8770 -0.3379 0.1600
v -4.7988 -0.3379 0.1177
v -4.7207 -0.3379 0.0497
v -4.7005 -0.2854 0.0000
v -4.6203 -0.2833 0.0000
v -5.0535 -0.3635 0.0000
v -4.9762 -0.3626 0.0000
v -4.9551 -0.4160 0.0484
v -4.8770 -0.4160 0.0795
v -4.7988 -0.4160 0.0522
v -4.7780 -0.3629 0.0000
v -4.7013 -0.3644 0.0000
v -4.9797 -0.4372 0.0000
v -4.9133 -0.4282 0.0000
v -4.8722 -0.4162 0.0000
v -4.8364 -0.4257 0.0000
v -4.7731 -0.4362 0.0000
v -4.8770 2.3965 -0.0598
v -4.7988 2.3965 -0.0405
v -4.9551 2.3184 -0.0956
v -4.8770 2.3184 -0.1393
v -4.7988 2.3184 -0.1046
v -4.7207 2.3184 -0.0431
v -5.0332 2.2402 -0.0932
v -4.9551 2.2402 -0.1692
v -4.8770 2.2402 -0.2156
v -4.7988 2.2402 -0.1759
v -4.7207 2.2402 -0.0994
v -5.1113 2.1621 -0.0861
v -5.0332 2.1621 -0.1638
v -4.9551 2.1621 -0.2413
v -4.8770 2.1621 -0.2858
v -4.7988 2.1621 -0.2460
v -4.7207 2.1621 -0.1694
v -4.6426 2.1621 -0.0945
v -5.1895 2.0840 -0.0874
v -5.1113 2.0840 -0.1598
v -5.0332 2.0840 -0.2365
v -4.9551 2.0840 -0.3093
v -4.8770 2.0840 -0.3526
v -4.7988 2.0840 -0.3158
v -4.7207 2.0840 -0.2447
v -4.6426 2.0840 -0.1732
v -4.5645 2.0840 -0.1037
v -4.4863 2.0840 -0.0439
v -5.2676 2.0059 -0.0702
v -5.1895 2.0059 -0.1484
v -5.1113 2.0059 -0.2252
v -5.0332 2.0059 -0.3005
v -4.9551 2.0059 -0.3718
v -4.8770 2.0059 -0.4160
v -4.7988 2.0059 -0.3828
v -4.7207 2.0059 -0.3145
v -4.6426 2.0059 -0.2444
v -4.5645 2.0059 -0.1724
v -4.4863 2.0059 -0.0936
v -5.2676 1.9277 -0.0625
v -5.1895 1.9277 -0.1419
v -5.1113 1.9277 -0.2238
v -5.0332 1.9277 -0.3047
v -4.9551 1.9277 -0.3839
v -4.8770 1.9277 -0.4352
v -4.7988 1.9277 -0.4003
v -4.7207 1.9277 -0.3242
v -4.6426 1.9277 -0.2475
v -4.5645 1.9277 -0.1705
v -4.4863 1.9277 -0.0896
v -5.1895 1.8496 -0.0851
v -5.1113 1.8496 -0.1663
v -5.0332 1.8496 -0.2516
v -4.9551 1.8496 -0.3368
v -4.8770 1.8496 -0.3921
v -4.7988 1.8496 -0.3542
v -4.7207 1.8496 -0.2714
v -4.6426 1.8496 -0.1888
v -4.5645 1.8496 -0.1098
v -5.1113 1.7715 -0.1066
v -5.0332 1.7715 -0.1936
v -4.9551 1.7715 -0.2820
v -4.8770 1.7715 -0.3396
v -4.7988 1.7715 -0.2994
v -4.7207 1.7715 -0.2129
v -4.6426 1.7715 -0.1265
v -4.5645 1.7715 -0.0519
v -5.1113 1.6934 -0.0568
v -5.0332 1.6934 -0.1391
v -4.9551 1.6934 -0.2318
v -4.8770 1.6934 -0.2925
v -4.7988 1.6934 -0.2512
v -4.7207 1.6934 -0.1603
v -4.6426 1.6934 -0.0736
v -5.0332 1.6152 -0.0913
v -4.9551 1.6152 -0.1847
v -4.8770 1.6152 -0.2473
v -4.7988 1.6152 -0.2061
v -4.7207 1.6152 -0.1137
v -5.0332 1.5371 -0.0600
v -4.9551 1.5371 -0.1503
v -4.8770 1.5371 -0.2113
v -4.7988 1.5371 -0.1644
v -4.7207 1.5371 -0.0733
v -5.0332 1.4590 -0.0672
v -4.9551 1.4590 -0.1566
v -4.8770 1.4590 -0.2050
v -4.7988 1.4590 -0.1449
v -4.7207 1.4590 -0.0554
v -5.0332 1.3809 -0.1026
v -4.9551 1.3809 -0.1929
v -4.8770 1.3809 -0.2317
v -4.7988 1.3809 -0.1680
v -4.7207 1.3809 -0.0764
v -5.1113 1.3027 -0.0615
v -5.0332 1.3027 -0.1464
v -4.9551 1.3027 -0.2359
v -4.8770 1.3027 -0.2744
v -4.7988 1.3027 -0.2137
v -4.7207 1.3027 -0.1222
v -4.6426 1.3027 -0.0444
v -5.1113 1.2246 -0.1079
v -5.0332 1.2246 -0.1966
v -4.9551 1.2246 -0.2828
v -4.8770 1.2246 -0.3215
v -4.7988 1.2246 -0.2642
v -4.7207 1.2246 -0.1768
v -4.6426 1.2246 -0.0905
v -5.1895 1.1465 -0.0842
v -5.1113 1.1465 -0.1666
v -5.0332 1.1465 -0.2543
v -4.9551 1.1465 -0.3373
v -4.8770 1.1465 -0.3731
v -4.7988 1.1465 -0.3178
v -4.7207 1.1465 -0.2356
v -4.6426 1.1465 -0.1516
v -4.5645 1.1465 -0.0726
v -5.2676 1.0684 -0.0713
v -5.1895 1.0684 -0.1490
v -5.1113 1.0684 -0.2319
v -5.0332 1.0684 -0.3161
v -4.9551 1.0684 -0.3952
v -4.8770 1.0684 -0.4271
v -4.7988 1.0684 -0.3717
v -4.7207 1.0684 -0.2940
v -4.6426 1.0684 -0.2173
v -4.5645 1.0684 -0.1364
v -4.4863 1.0684 -0.0573
v -5.2676 0.9902 -0.0996
v -5.1895 0.9902 -0.1860
v -5.1113 0.9902 -0.2695
v -5.0332 0.9902 -0.3510
v -4.9551 0.9902 -0.4267
v -4.8770 0.9902 -0.4571
v -4.7988 0.9902 -0.4014
v -4.7207 0.9902 -0.3252
v -4.6426 0.9902 -0.2512
v -4.5645 0.9902 -0.1709
v -4.4863 0.9902 -0.0821
v -5.2676 0.9121 -0.0669
v -5.1895 0.9121 -0.1463
v -5.1113 0.9121 -0.2317
v -5.0332 0.9121 -0.3164
v -4.9551 0.9121 -0.3956
v -4.8770 0.9121 -0.4284
v -4.7988 0.9121 -0.3709
v -4.7207 0.9121 -0.2888
v -4.6426 0.9121 -0.2101
v -4.5645 0.9121 -0.1304
v -4.4863 0.9121 -0.0532
v -5.1895 0.8340 -0.0816
v -5.1113 0.8340 -0.1655
v -5.0332 0.8340 -0.2563
v -4.9551 0.8340 -0.3417
v -4.8770 0.8340 -0.3773
v -4.7988 0.8340 -0.3176
v -4.7207 0.8340 -0.2296
v -4.6426 0.8340 -0.1446
v -4.5645 0.8340 -0.0686
v -5.1113 0.7559 -0.1028
v -5.0332 0.7559 -0.1945
v -4.9551 0.7559 -0.2857
v -4.8770 0.7559 -0.3252
v -4.7988 0.7559 -0.2629
v -4.7207 0.7559 -0.1714
v -4.6426 0.7559 -0.0871
v -5.1113 0.6777 -0.0551
v -5.0332 0.6777 -0.1392
v -4.9551 0.6777 -0.2339
v -4.8770 0.6777 -0.2763
v -4.7988 0.6777 -0.2139
v -4.7207 0.6777 -0.1201
v -5.0332 0.5996 -0.0956
v -4.9551 0.5996 -0.1892
v -4.8770 0.5996 -0.2318
v -4.7988 0.5996 -0.1675
v -4.7207 0.5996 -0.0754
v -5.0332 0.5215 -0.0657
v -4.9551 0.5215 -0.1586
v -4.8770 0.5215 -0.2013
v -4.7988 0.5215 -0.1310
v -4.7207 0.5215 -0.0441
v -5.0332 0.4434 -0.0704
v -4.9551 0.4434 -0.1640
v -4.8770 0.4434 -0.2056
v -4.7988 0.4434 -0.1341
v -4.7207 0.4434 -0.0459
v -5.0332 0.3652 -0.1051
v -4.9551 0.3652 -0.2009
v -4.8770 0.3652 -0.2424
v -4.7988 0.3652 -0.1752
v -4.7207 0.3652 -0.0784
v -5.1113 0.2871 -0.0607
v -5.0332 0.2871 -0.1490
v -4.9551 0.2871 -0.2451
v -4.8770 0.2871 -0.2881
v -4.7988 0.2871 -0.2246
v -4.7207 0.2871 -0.1272
v -4.6426 0.2871 -0.0463
v -5.1113 0.2090 -0.1083
v -5.0332 0.2090 -0.1997
v -4.9551 0.2090 -0.2903
v -4.8770 0.2090 -0.3319
v -4.7988 0.2090 -0.2724
v -4.7207 0.2090 -0.1800
v -4.6426 0.2090 -0.0908
v -5.1895 0.1309 -0.0855
v -5.1113 0.1309 -0.1690
v -5.0332 0.1309 -0.2564
v -4.9551 0.1309 -0.3400
v -4.8770 0.1309 -0.3783
v -4.7988 0.1309 -0.3225
v -4.7207 0.1309 -0.2359
v -4.6426 0.1309 -0.1498
v -4.5645 0.1309 -0.0731
v -5.2676 0.0527 -0.0669
v -5.1895 0.0527 -0.1469
v -5.1113 0.0527 -0.2305
v -5.0332 0.0527 -0.3113
v -4.9551 0.0527 -0.3882
v -4.8770 0.0527 -0.4250
v -4.7988 0.0527 -0.3740
v -4.7207 0.0527 -0.2938
v -4.6426 0.0527 -0.2144
v -4.5645 0.0527 -0.1357
v -4.4863 0.0527 -0.0612
v -5.2676 -0.0254 -0.0813
v -5.1895 -0.0254 -0.1651
v -5.1113 -0.0254 -0.2431
v -5.0332 -0.0254 -0.3157
v -4.9551 -0.0254 -0.3844
v -4.8770 -0.0254 -0.4234
v -4.7988 -0.0254 -0.3846
v -4.7207 -0.0254 -0.3151
v -4.6426 -0.0254 -0.2443
v -4.5645 -0.0254 -0.1697
v -4.4863 -0.0254 -0.0888
v -5.2676 -0.1035 -0.0457
v -5.1895 -0.1035 -0.1093
v -5.1113 -0.1035 -0.1816
v -5.0332 -0.1035 -0.2528
v -4.9551 -0.1035 -0.3218
v -4.8770 -0.1035 -0.3640
v -4.7988 -0.1035 -0.3285
v -4.7207 -0.1035 -0.2615
v -4.6426 -0.1035 -0.1941
v -4.5645 -0.1035 -0.1247
v -4.4863 -0.1035 -0.0575
v -5.1895 -0.1816 -0.0448
v -5.1113 -0.1816 -0.1041
v -5.0332 -0.1816 -0.1786
v -4.9551 -0.1816 -0.2531
v -4.8770 -0.1816 -0.2969
v -4.7988 -0.1816 -0.2579
v -4.7207 -0.1816 -0.1847
v -4.6426 -0.1816 -0.1145
v -4.5645 -0.1816 -0.0547
v -5.1113 -0.2598 -0.0430
v -5.0332 -0.2598 -0.1094
v -4.9551 -0.2598 -0.1866
v -4.8770 -0.2598 -0.2308
v -4.7988 -0.2598 -0.1878
v -4.7207 -0.2598 -0.1087
v -4.6426 -0.2598 -0.0467
v -5.0332 -0.3379 -0.0487
v -4.9551 -0.3379 -0.1174
v -4.8770 -0.3379 -0.1600
v -4.7988 -0.3379 -0.1177
v -4.7207 -0.3379 -0.0497
v -4.9551 -0.4160 -0.0484
v -4.8770 -0.4160 -0.0795
v -4.7988 -0.4160 -0.0522
v -0.1341 2.7319 0.0000
v -0.0651 2.7241 0.0000
v -0.0223 2.7097 0.0000
v 0.0067 2.7190 0.0000
v 0.0699 2.7299 0.0000
v -0.2091 2.6572 0.0000
v -0.1311 2.6570 0.0000
v -0.1113 2.7090 0.0516
v -0.0332 2.7090 0.0906
v 0.0449 2.7090 0.0698
v 0.0654 2.6563 0.0000
v 0.1425 2.6574 0.0000
v -0.2914 2.5746 0.0000
v -0.2105 2.5776 0.0000
v -0.1895 2.6309 0.0500
v -0.1113 2.6309 0.1177
v -0.0332 2.6309 0.1709
v 0.0449 2.6309 0.1401
v 0.1230 2.6309 0.0695
v 0.1435 2.5782 0.0000
v 0.2239 2.5758 0.0000
v -0.3722 2.4941 0.0000
v -0.2934 2.4947 0.0000
v -0.2676 2.5527 0.0465
v -0.1895 2.5527 0.1111
v -0.1113 2.5527 0.1913
v -0.0332 2.5527 0.2459
v 0.0449 2.5527 0.2131
v 0.1230 2.5527 0.1354
v 0.2012 2.5527 0.0666
v 0.2264 2.4952 0.0000
v 0.3058 2.4941 0.0000
v -0.4433 2.4230 0.0000
v -0.3703 2.4177 0.0000
v -0.3457 2.4746 0.0502
v -0.2676 2.4746 0.1094
v -0.1895 2.4746 0.1842
v -0.1113 2.4746 0.2631
v -0.0332 2.4746 0.3175
v 0.0449 2.4746 0.2854
v 0.1230 2.4746 0.2087
v 0.2012 2.4746 0.1365
v 0.2793 2.4746 0.0740
v 0.3050 2.4166 0.0000
v 0.3790 2.4207 0.0000
v -0.4325 2.3607 0.0000
v -0.4238 2.3965 0.0507
v -0.3457 2.3965 0.1170
v -0.2676 2.3965 0.1877
v -0.1895 2.3965 0.2595
v -0.1113 2.3965 0.3324
v -0.0332 2.3965 0.3840
v 0.0449 2.3965 0.3541
v 0.1230 2.3965 0.2812
v 0.2012 2.3965 0.2115
v 0.2793 2.3965 0.1444
v 0.3574 2.3965 0.0737
v 0.3688 2.3559 0.0000
v -0.4241 2.3247 0.0000
v -0.4238 2.3184 0.0751
v -0.3457 2.3184 0.1531
v -0.2676 2.3184 0.2241
v -0.1895 2.3184 0.2933
v -0.1113 2.3184 0.3631
v -0.0332 2.3184 0.4125
v 0.0449 2.3184 0.3851
v 0.1230 2.3184 0.3163
v 0.2012 2.3184 0.2468
v 0.2793 2.3184 0.1759
v 0.3574 2.3184 0.0964
v 0.3578 2.3262 0.0000
v -0.4359 2.2819 0.0000
v -0.4238 2.2402 0.0424
v -0.3457 2.2402 0.1041
v -0.2676 2.2402 0.1715
v -0.1895 2.2402 0.2419
v -0.1113 2.2402 0.3144
v -0.0332 2.2402 0.3668
v 0.0449 2.2402 0.3407
v 0.1230 2.2402 0.2716
v 0.2012 2.2402 0.1985
v 0.2793 2.2402 0.1243
v 0.3574 2.2402 0.0572
v 0.3723 2.2861 0.0000
v -0.4450 2.2156 0.0000
v -0.3711 2.2197 0.0000
v -0.3136 2.1985 0.0000
v -0.2676 2.1621 0.0933
v -0.1895 2.1621 0.1646
v -0.1113 2.1621 0.2416
v -0.0332 2.1621 0.2973
v 0.0449 2.1621 0.2713
v 0.1230 2.1621 0.1994
v 0.2012 2.1621 0.1233
v 0.2793 2.1621 0.0560
v 0.3055 2.2205 0.0000
v 0.3803 2.2174 0.0000
v -0.2931 2.1417 0.0000
v -0.2125 2.1394 0.0000
v -0.1895 2.0840 0.0919
v -0.1113 2.0840 0.1680
v -0.0332 2.0840 0.2243
v 0.0449 2.0840 0.1976
v 0.1230 2.0840 0.1249
v 0.2012 2.0840 0.0558
v 0.2260 2.1411 0.0000
v 0.3056 2.1424 0.0000
v -0.2100 2.0587 0.0000
v -0.1474 2.0430 0.0000
v -0.1113 2.0059 0.0963
v -0.0332 2.0059 0.1490
v 0.0449 2.0059 0.1227
v 0.1230 2.0059 0.0588
v 0.1431 2.0582 0.0000
v 0.2231 2.0601 0.0000
v -0.1315 1.9801 0.0000
v -0.1113 1.9277 0.0382
v -0.0332 1.9277 0.0697
v 0.0449 1.9277 0.0535
v 0.0662 1.9813 0.0000
v 0.1425 1.9793 0.0000
v -0.1354 1.9060 0.0000
v -0.0679 1.9146 0.0000
v -0.0238 1.9272 0.0000
v 0.0100 1.9195 0.0000
v 0.0715 1.9083 0.0000
v -0.1113 2.7090 -0.0516
v -0.0332 2.7090 -0.0906
v 0.0449 2.7090 -0.0698
v -0.1895 2.6309 -0.0500
v -0.1113 2.6309 -0.1177
v -0.0332 2.6309 -0.1709
v 0.0449 2.6309 -0.1401
v 0.1230 2.6309 -0.0695
v -0.2676 2.5527 -0.0465
v -0.1895 2.5527 -0.1111
v -0.1113 2.5527 -0.1913
v -0.0332 2.5527 -0.2459
v 0.0449 2.5527 -0.2131
v 0.1230 2.5527 -0.1354
v 0.2012 2.5527 -0.0666
v -0.3457 2.4746 -0.0502
v -0.2676 2.4746 -0.1094
v -0.1895 2.4746 -0.1842
v -0.1113 2.4746 -0.2631
v -0.0332 2.4746 -0.3175
v 0.0449 2.4746 -0.2854
v 0.1230 2.4746 -0.2087
v 0.2012 2.4746 -0.1365
v 0.2793 2.4746 -0.0740
v -0.4238 2.3965 -0.0507
v -0.3457 2.3965 -0.1170
v -0.2676 2.3965 -0.1877
v -0.1895 2.3965 -0.2595
v -0.1113 2.3965 -0.3324
v -0.0332 2.3965 -0.3840
v 0.0449 2.3965 -0.3541
v 0.1230 2.3965 -0.2812
v 0.2012 2.3965 -0.2115
v 0.2793 2.3965 -0.1444
v 0.3574 2.3965 -0.0737
v -0.4238 2.3184 -0.0751
v -0.3457 2.3184 -0.1531
v -0.2676 2.3184 -0.2241
v -0.1895 2.3184 -0.2933
v -0.1113 2.3184 -0.3631
v -0.0332 2.3184 -0.4125
v 0.0449 2.3184 -0.3851
v 0.1230 2.3184 -0.3163
v 0.2012 2.3184 -0.2468
v 0.2793 2.3184 -0.1759
v 0.3574 2.3184 -0.0964
v -0.4238 2.2402 -0.0424
v -0.3457 2.2402 -0.1041
v -0.2676 2.2402 -0.1715
v -0.1895 2.2402 -0.2419
v -0.1113 2.2402 -0.3144
v -0.0332 2.2402 -0.3668
v 0.0449 2.2402 -0.3407
v 0.1230 2.2402 -0.2716
v 0.2012 2.2402 -0.1985
v 0.2793 2.2402 -0.1243
v 0.3574 2.2402 -0.0572
v -0.2676 2.1621 -0.0933
v -0.1895 2.1621 -0.1646
v -0.1113 2.1621 -0.2416
v -0.0332 2.1621 -0.2973
v 0.0449 2.1621 -0.2713
v 0.1230 2.1621 -0.1994
v 0.2012 2.1621 -0.1233
v 0.2793 2.1621 -0.0560
v -0.1895 2.0840 -0.0919
v -0.1113 2.0840 -0.1680
v -0.0332 2.0840 -0.2243
v 0.0449 2.0840 -0.1976
v 0.1230 2.0840 -0.1249
v 0.2012 2.0840 -0.0558
v -0.1113 2.0059 -0.0963
v -0.0332 2.0059 -0.1490
v 0.0449 2.0059 -0.1227
v 0.1230 2.0059 -0.0588
v -0.1113 1.9277 -0.0382
v -0.0332 1.9277 -0.0697
v 0.0449 1.9277 -0.0535
vn -0.7300 0.6835 0.0000
vn 0.0770 0.9970 -0.0000
vn 0.4629 0.8864 0.0000
vn 0.0000 0.0000 0.0000
vn -0.6748 0.7380 0.0000
vn -0.6965 0.7175 0.0000
vn -0.4465 0.7135 0.5399
vn 0.3991 0.8746 0.2755
vn 0.7627 0.6467 0.0000
vn 0.0000 0.0000 -0.0000
vn -0.8516 0.5242 0.0000
vn -0.6359 0.6069 0.4767
vn -0.3786 0.6707 0.6378
vn 0.1579 0.6795 0.7165
vn 0.6650 0.7124 0.2242
vn 0.7009 0.7133 0.0000
vn 0.0000 0.0000 0.0000
vn -0.7286 0.6850 -0.0000
vn -0.5541 0.8324 0.0000
vn -0.7118 0.7024 0.0000
vn -0.6891 0.4972 0.5272
vn -0.3908 0.6275 0.6734
vn 0.1598 0.6809 0.7147
vn 0.5401 0.5693 0.6199
vn 0.7076 0.6904 0.1506
vn 0.7065 0.7077 0.0000
vn 0.0000 0.0000 -0.0000
vn -0.7367 0.6763 0.0000
vn -0.6678 0.7443 0.0000
vn -0.5943 0.6380 0.4897
vn -0.5010 0.6850 0.5289
vn -0.5781 0.5733 0.5806
vn -0.3928 0.6286 0.6712
vn 0.1592 0.6725 0.7228
vn 0.5443 0.5784 0.6076
vn 0.5691 0.5639 0.5984
vn 0.6914 0.7074 0.1469
vn 0.7156 0.6986 0.0000
vn 0.0000 0.0000 -0.0000
vn -0.9976 -0.0688 0.0000
vn -0.6274 0.6230 0.4672
vn -0.5728 0.5776 0.5815
vn -0.5572 0.5575 0.6155
vn -0.5738 0.5490 0.6077
vn -0.3916 0.6035 0.6945
vn 0.1615 0.6393 0.7518
vn 0.5406 0.5563 0.6311
vn 0.5732 0.5575 0.6005
vn 0.5501 0.5651 0.6148
vn 0.6970 0.6855 0.2106
vn 0.6694 0.7429 0.0000
vn 0.0000 0.0000 0.0000
vn -0.9953 -0.0970 0.0000
vn -0.8664 0.1363 0.4803
vn -0.6549 0.2705 0.7056
vn -0.6469 0.2912 0.7048
vn -0.6466 0.2825 0.7086
vn -0.4273 0.2944 0.8548
vn 0.1822 0.2898 0.9396
vn 0.6129 0.2576 0.7470
vn 0.6544 0.2565 0.7113
vn 0.6522 0.2666 0.7096
vn 0.6607 0.2557 0.7058
vn 0.8761 0.4062 0.2597
vn 0.9367 0.3502 0.0000
vn -0.9996 0.0284 -0.0000
vn -0.8719 -0.1882 0.4521
vn -0.6671 -0.2786 0.6909
vn -0.6558 -0.2693 0.7053
vn -0.6456 -0.2646 0.7164
vn -0.4151 -0.3023 0.8581
vn 0.1934 -0.3219 0.9268
vn 0.6083 -0.3050 0.7328
vn 0.6427 -0.3082 0.7014
vn 0.6373 -0.3100 0.7055
vn 0.7001 -0.3148 0.6409
vn 0.7431 -0.4840 0.4621
vn 0.9963 0.0859 0.0000
vn -0.9998 -0.0203 0.0000
vn -0.8151 -0.5545 0.1677
vn -0.5618 -0.5851 0.5849
vn -0.5739 -0.5551 0.6021
vn -0.5700 -0.5472 0.6129
vn -0.3623 -0.6086 0.7059
vn 0.1943 -0.6421 0.7416
vn 0.5451 -0.5643 0.6200
vn 0.5626 -0.5657 0.6029
vn 0.5722 -0.6029 0.5561
vn 0.6448 -0.6632 0.3799
vn 0.7148 -0.6994 -0.0000
vn 0.6953 -0.7187 0.0000
vn 0.0000 0.0000 0.0000
vn -0.8600 -0.5103 0.0000
vn -0.6494 -0.7605 0.0000
vn -0.5994 -0.6297 0.4941
vn -0.5718 -0.5632 0.5966
vn -0.3605 -0.6330 0.6851
vn 0.2026 -0.6619 0.7217
vn 0.5540 -0.5639 0.6124
vn 0.5969 -0.5879 0.5460
vn 0.6338 -0.6593 0.4046
vn 0.6742 -0.7385 -0.0000
vn 0.7354 -0.6777 -0.0000
vn 0.0000 0.0000 0.0000
vn -0.7278 -0.6858 0.0000
vn -0.6367 -0.5454 0.5451
vn -0.3659 -0.6372 0.6783
vn 0.1928 -0.6640 0.7225
vn 0.5840 -0.5798 0.5681
vn 0.6668 -0.6297 0.3986
vn 0.7146 -0.6995 -0.0000
vn 0.7232 -0.6907 -0.0000
vn -0.6779 -0.7351 0.0000
vn -0.7457 -0.6479 0.1555
vn -0.3407 -0.6302 0.6977
vn 0.1961 -0.7298 0.6549
vn 0.6480 -0.6585 0.3827
vn 0.7419 -0.6705 -0.0000
vn 0.6883 -0.7255 0.0000
vn 0.0000 0.0000 0.0000
vn -0.7333 -0.6799 0.0000
vn -0.4552 -0.8658 0.2078
vn 0.4032 -0.7630 0.5053
vn 0.6585 -0.7526 -0.0000
vn 0.6793 -0.7339 -0.0000
vn 0.0000 0.0000 0.0000
vn -0.2002 -0.9798 0.0000
vn -0.0748 -0.9972 0.0000
vn 0.7591 -0.6510 0.0000
vn -0.4465 0.7135 -0.5399
vn 0.3991 0.8746 -0.2755
vn -0.6359 0.6069 -0.4767
vn -0.3786 0.6707 -0.6378
vn 0.1579 0.6795 -0.7165
vn 0.6650 0.7124 -0.2242
vn -0.6891 0.4972 -0.5272
vn -0.3908 0.6275 -0.6734
vn 0.1598 0.6809 -0.7147
vn 0.5401 0.5693 -0.6199
vn 0.7076 0.6904 -0.1506
vn -0.5943 0.6380 -0.4897
vn -0.5010 0.6850 -0.5289
vn -0.5781 0.5733 -0.5806
vn -0.3928 0.6286 -0.6712
vn 0.1592 0.6725 -0.7228
vn 0.5443 0.5784 -0.6076
vn 0.5691 0.5639 -0.5984
vn 0.6914 0.7074 -0.1469
vn -0.6274 0.6230 -0.4672
vn -0.5728 0.5776 -0.5815
vn -0.5572 0.5575 -0.6155
vn -0.5738 0.5490 -0.6077
vn -0.3916 0.6035 -0.6945
vn 0.1615 0.6393 -0.7518
vn 0.5406 0.5563 -0.6311
vn 0.5732 0.5575 -0.6005
vn 0.5501 0.5651 -0.6148
vn 0.6970 0.6855 -0.2106
vn -0.8664 0.1363 -0.4803
vn -0.6549 0.2705 -0.7056
vn -0.6469 0.2912 -0.7048
vn -0.6466 0.2825 -0.7086
vn -0.4273 0.2944 -0.8548
vn 0.1822 0.2898 -0.9396
vn 0.6129 0.2576 -0.7470
vn 0.6544 0.2565 -0.7113
vn 0.6522 0.2666 -0.7096
vn 0.6607 0.2557 -0.7058
vn 0.8761 0.4062 -0.2597
vn -0.8719 -0.1882 -0.4521
vn -0.6671 -0.2786 -0.6909
vn -0.6558 -0.2693 -0.7053
vn -0.6456 -0.2646 -0.7164
vn -0.4151 -0.3023 -0.8581
vn 0.1934 -0.3219 -0.9268
vn 0.6083 -0.3050 -0.7328
vn 0.6427 -0.3082 -0.7014
vn 0.6373 -0.3100 -0.7055
vn 0.7001 -0.3148 -0.6409
vn 0.7431 -0.4840 -0.4621
vn -0.8151 -0.5545 -0.1677
vn -0.5618 -0.5851 -0.5849
vn -0.5739 -0.5551 -0.6021
vn -0.5700 -0.5472 -0.6129
vn -0.3623 -0.6086 -0.7059
vn 0.1943 -0.6421 -0.7416
vn 0.5451 -0.5643 -0.6200
vn 0.5626 -0.5657 -0.6029
vn 0.5722 -0.6029 -0.5561
vn 0.6448 -0.6632 -0.3799
vn -0.5994 -0.6297 -0.4941
vn -0.5718 -0.5632 -0.5966
vn -0.3605 -0.6330 -0.6851
vn 0.2026 -0.6619 -0.7217
vn 0.5540 -0.5639 -0.6124
vn 0.5969 -0.5879 -0.5460
vn 0.6338 -0.6593 -0.4046
vn -0.6367 -0.5454 -0.5451
vn -0.3659 -0.6372 -0.6783
vn 0.1928 -0.6640 -0.7225
vn 0.5840 -0.5798 -0.5681
vn 0.6668 -0.6297 -0.3986
vn -0.7457 -0.6479 -0.1555
vn -0.3407 -0.6302 -0.6977
vn 0.1961 -0.7298 -0.6549
vn 0.6480 -0.6585 -0.3827
vn -0.4552 -0.8658 -0.2078
vn 0.4032 -0.7630 -0.5053
vn -0.3403 0.9403 0.0000
vn 0.1241 0.9923 -0.0000
vn 0.0276 0.9996 0.0000
vn 0.0166 0.9999 0.0000
vn 0.0000 0.0000 0.0000
vn -0.9019 0.4319 0.0000
vn -0.7068 0.7074 0.0000
vn -0.3752 0.8051 0.4594
vn 0.1649 0.8650 0.4739
vn 0.5527 0.8147 0.1753
vn 0.5265 0.8502 0.0000
vn -0.7015 0.7127 0.0000
vn -0.7280 0.6855 0.0000
vn -0.7723 0.5027 0.3884
vn -0.3443 0.6551 0.6725
vn 0.2310 0.6596 0.7153
vn 0.5878 0.5542 0.5894
vn 0.7919 0.6107 -0.0000
vn 0.0000 0.0000 0.0000
vn -0.6040 0.7970 0.0000
vn -0.6923 0.7216 0.0000
vn -0.6723 0.6665 0.3222
vn -0.6026 0.5938 0.5332
vn -0.3264 0.6453 0.6907
vn 0.2346 0.6592 0.7144
vn 0.5514 0.5645 0.6142
vn 0.6606 0.5900 0.4642
vn 0.6767 0.7363 0.0000
vn 0.5798 0.8147 0.0000
vn 0.0000 0.0000 0.0000
vn -0.8447 0.5352 0.0000
vn -0.6988 0.7153 -0.0000
vn -0.5694 0.7409 0.3563
vn -0.6077 0.5971 0.5237
vn -0.5669 0.5667 0.5979
vn -0.3156 0.6402 0.7004
vn 0.2394 0.6531 0.7184
vn 0.5437 0.5720 0.6141
vn 0.5573 0.5737 0.6003
vn 0.5330 0.6729 0.5130
vn 0.6164 0.7738 0.1460
vn 0.6876 0.7261 0.0000
vn 0.0000 0.0000 -0.0000
vn -0.5630 0.8264 0.0000
vn -0.8403 0.5422 -0.0000
vn -0.7622 0.5053 0.4046
vn -0.6486 0.4479 0.6154
vn -0.6271 0.4149 0.6592
vn -0.6142 0.3929 0.6844
vn -0.3440 0.4278 0.8359
vn 0.2552 0.4443 0.8588
vn 0.5892 0.4102 0.6961
vn 0.6109 0.4176 0.6726
vn 0.6130 0.4168 0.6712
vn 0.6217 0.3793 0.6853
vn 0.8660 0.4611 0.1934
vn 0.9891 0.1475 0.0000
vn -0.8656 -0.5008 0.0000
vn -0.9043 -0.0446 0.4245
vn -0.7620 -0.0164 0.6474
vn -0.6852 -0.0989 0.7216
vn -0.6682 -0.1154 0.7350
vn -0.6442 -0.1360 0.7527
vn -0.3571 -0.1617 0.9200
vn 0.2466 -0.1562 0.9564
vn 0.6230 -0.1307 0.7712
vn 0.6626 -0.1214 0.7391
vn 0.6706 -0.1257 0.7311
vn 0.7425 -0.1593 0.6506
vn 0.7328 -0.4392 0.5198
vn 0.7749 0.6321 0.0000
vn 0.0000 0.0000 0.0000
vn -0.6380 -0.7701 -0.0000
vn -0.7223 -0.6484 0.2405
vn -0.5784 -0.5118 0.6352
vn -0.5750 -0.5231 0.6290
vn -0.5594 -0.5195 0.6459
vn -0.3218 -0.5819 0.7469
vn 0.2231 -0.5975 0.7702
vn 0.5394 -0.5284 0.6556
vn 0.5745 -0.5237 0.6290
vn 0.6061 -0.5598 0.5650
vn 0.6722 -0.6522 0.3504
vn 0.7915 -0.6111 -0.0000
vn 0.9998 0.0185 -0.0000
vn 0.0000 0.0000 0.0000
vn -0.7103 -0.7039 -0.0000
vn -0.6908 -0.7042 0.1640
vn -0.5591 -0.5610 0.6105
vn -0.5598 -0.5557 0.6147
vn -0.3161 -0.6229 0.7156
vn 0.2283 -0.6422 0.7318
vn 0.5355 -0.5692 0.6239
vn 0.5942 -0.5953 0.5409
vn 0.6495 -0.6768 0.3465
vn 0.6779 -0.7352 0.0000
vn 0.7337 -0.6795 -0.0000
vn 0.0000 0.0000 0.0000
vn -0.7076 -0.7067 0.0000
vn -0.7062 -0.6902 0.1575
vn -0.5700 -0.5386 0.6205
vn -0.3159 -0.6279 0.7113
vn 0.2426 -0.6455 0.7242
vn 0.5768 -0.5961 0.5585
vn 0.6717 -0.6532 0.3496
vn 0.7025 -0.7117 0.0000
vn 0.7239 -0.6899 -0.0000
vn 0.0000 0.0000 0.0000
vn -0.6995 -0.7147 -0.0000
vn -0.6901 -0.6928 0.2090
vn -0.2900 -0.6530 0.6996
vn 0.2756 -0.7171 0.6402
vn 0.6666 -0.6606 0.3453
vn 0.7303 -0.6831 0.0000
vn 0.6926 -0.7213 0.0000
vn 0.0000 0.0000 0.0000
vn -0.7365 -0.6764 0.0000
vn -0.4086 -0.8764 0.2551
vn 0.4924 -0.7509 0.4401
vn 0.6981 -0.7160 -0.0000
vn 0.6787 -0.7344 -0.0000
vn 0.0000 0.0000 0.0000
vn -0.3039 -0.9527 0.0000
vn -0.0838 -0.9965 -0.0000
vn 0.7129 -0.7013 0.0000
vn -0.3752 0.8051 -0.4594
vn 0.1649 0.8650 -0.4739
vn 0.5527 0.8147 -0.1753
vn -0.7723 0.5027 -0.3884
vn -0.3443 0.6551 -0.6725
vn 0.2310 0.6596 -0.7153
vn 0.5878 0.5542 -0.5894
vn -0.6723 0.6665 -0.3222
vn -0.6026 0.5938 -0.5332
vn -0.3264 0.6453 -0.6907
vn 0.2346 0.6592 -0.7144
vn 0.5514 0.5645 -0.6142
vn 0.6606 0.5900 -0.4642
vn -0.5694 0.7409 -0.3563
vn -0.6077 0.5971 -0.5237
vn -0.5669 0.5667 -0.5979
vn -0.3156 0.6402 -0.7004
vn 0.2394 0.6531 -0.7184
vn 0.5437 0.5720 -0.6141
vn 0.5573 0.5737 -0.6003
vn 0.5330 0.6729 -0.5130
vn 0.6164 0.7738 -0.1460
vn -0.7622 0.5053 -0.4046
vn -0.6486 0.4479 -0.6154
vn -0.6271 0.4149 -0.6592
vn -0.6142 0.3929 -0.6844
vn -0.3440 0.4278 -0.8359
vn 0.2552 0.4443 -0.8588
vn 0.5892 0.4102 -0.6961
vn 0.6109 0.4176 -0.6726
vn 0.6130 0.4168 -0.6712
vn 0.6217 0.3793 -0.6853
vn 0.8660 0.4611 -0.1934
vn -0.9043 -0.0446 -0.4245
vn -0.7620 -0.0164 -0.6474
vn -0.6852 -0.0989 -0.7216
vn -0.6682 -0.1154 -0.7350
vn -0.6442 -0.1360 -0.7527
vn -0.3571 -0.1617 -0.9200
vn 0.2466 -0.1562 -0.9564
vn 0.6230 -0.1307 -0.7712
vn 0.6626 -0.1214 -0.7391
vn 0.6706 -0.1257 -0.7311
vn 0.7425 -0.1593 -0.6506
vn 0.7328 -0.4392 -0.5198
vn -0.7223 -0.6484 -0.2405
vn -0.5784 -0.5118 -0.6352
vn -0.5750 -0.5231 -0.6290
vn -0.5594 -0.5195 -0.6459
vn -0.3218 -0.5819 -0.7469
vn 0.2231 -0.5975 -0.7702
vn 0.5394 -0.5284 -0.6556
vn 0.5745 -0.5237 -0.6290
vn 0.6061 -0.5598 -0.5650
vn 0.6722 -0.6522 -0.3504
vn -0.6908 -0.7042 -0.1640
vn -0.5591 -0.5610 -0.6105
vn -0.5598 -0.5557 -0.6147
vn -0.3161 -0.6229 -0.7156
vn 0.2283 -0.6422 -0.7318
vn 0.5355 -0.5692 -0.6239
vn 0.5942 -0.5953 -0.5409
vn 0.6495 -0.6768 -0.3465
vn -0.7062 -0.6902 -0.1575
vn -0.5700 -0.5386 -0.6205
vn -0.3159 -0.6279 -0.7113
vn 0.2426 -0.6455 -0.7242
vn 0.5768 -0.5961 -0.5585
vn 0.6717 -0.6532 -0.3496
vn -0.6901 -0.6928 -0.2090
vn -0.2900 -0.6530 -0.6996
vn 0.2756 -0.7171 -0.6402
vn 0.6666 -0.6606 -0.3453
vn -0.4086 -0.8764 -0.2551
vn 0.4924 -0.7509 -0.4401
vn -0.6825 0.7309 0.0000
vn 0.1792 0.9838 0.0000
vn 0.1196 0.9928 0.0000
vn 0.0062 1.0000 0.0000
vn 0.0000 0.0000 -0.0000
vn -0.6855 0.7281 0.0000
vn -0.7328 0.6804 -0.0000
vn -0.5967 0.6969 0.3978
vn 0.0595 0.8715 0.4867
vn 0.4791 0.8529 0.2073
vn 0.7061 0.7081 0.0000
vn 0.0000 0.0000 -0.0000
vn -0.7104 0.7038 -0.0000
vn -0.7273 0.6863 -0.0000
vn -0.6760 0.6412 0.3632
vn -0.4715 0.6412 0.6054
vn 0.0616 0.6818 0.7289
vn 0.4857 0.5828 0.6514
vn 0.7037 0.6918 0.1617
vn 0.7044 0.7098 0.0000
vn 0.0000 0.0000 0.0000
vn -0.7308 0.6825 0.0000
vn -0.6857 0.7279 0.0000
vn -0.6543 0.6555 0.3770
vn -0.6016 0.5805 0.5487
vn -0.4505 0.5969 0.6639
vn 0.0519 0.6715 0.7392
vn 0.4974 0.5910 0.6350
vn 0.5589 0.5561 0.6151
vn 0.6945 0.7054 0.1417
vn 0.7146 0.6996 0.0000
vn 0.0000 0.0000 -0.0000
vn -0.7280 0.6856 0.0000
vn -0.6849 0.7287 -0.0000
vn -0.6416 0.6733 0.3673
vn -0.5894 0.5928 0.5488
vn -0.5661 0.5564 0.6083
vn -0.4462 0.5981 0.6658
vn 0.0430 0.6675 0.7434
vn 0.4806 0.5965 0.6428
vn 0.5529 0.5811 0.5972
vn 0.5350 0.5836 0.6109
vn 0.6882 0.7049 0.1719
vn 0.6963 0.7178 -0.0000
vn 0.0000 0.0000 0.0000
vn -0.9883 -0.1522 0.0000
vn -0.7086 0.5719 0.4133
vn -0.6563 0.4377 0.6146
vn -0.6147 0.4131 0.6719
vn -0.6159 0.4081 0.6739
vn -0.4871 0.4431 0.7526
vn 0.0391 0.4877 0.8721
vn 0.5147 0.4467 0.7318
vn 0.5987 0.4324 0.6743
vn 0.6048 0.4366 0.6660
vn 0.6194 0.4125 0.6679
vn 0.8655 0.4476 0.2247
vn 0.9898 0.1425 -0.0000
vn -0.9948 -0.1018 -0.0000
vn -0.8743 -0.0856 0.4778
vn -0.6798 -0.1066 0.7256
vn -0.6730 -0.1048 0.7322
vn -0.6733 -0.0969 0.7330
vn -0.5302 -0.0929 0.8428
vn 0.0370 -0.0918 0.9951
vn 0.5581 -0.0957 0.8243
vn 0.6572 -0.1024 0.7468
vn 0.6666 -0.1115 0.7371
vn 0.6849 -0.1041 0.7212
vn 0.8760 -0.0321 0.4813
vn 0.9943 0.1065 -0.0000
vn -1.0000 -0.0066 -0.0000
vn -0.8475 -0.4962 0.1888
vn -0.5736 -0.4900 0.6564
vn -0.5858 -0.5094 0.6303
vn -0.5975 -0.4948 0.6309
vn -0.4795 -0.5241 0.7039
vn 0.0426 -0.5811 0.8127
vn 0.5044 -0.5287 0.6827
vn 0.5770 -0.5249 0.6258
vn 0.5922 -0.5631 0.5764
vn 0.4317 -0.7590 0.4874
vn 0.6154 -0.6119 0.4968
vn 0.9830 0.1835 -0.0000
vn 0.0000 0.0000 0.0000
vn -0.7094 -0.7048 -0.0000
vn -0.6946 -0.7065 0.1353
vn -0.5476 -0.5571 0.6243
vn -0.5802 -0.5575 0.5938
vn -0.4635 -0.5972 0.6546
vn 0.0525 -0.6688 0.7416
vn 0.5045 -0.5921 0.6285
vn 0.5980 -0.6093 0.5207
vn 0.5944 -0.7315 0.3341
vn 0.6961 -0.7180 -0.0000
vn 0.2242 -0.9745 -0.0000
vn 0.8858 -0.4641 0.0000
vn 0.0000 0.0000 0.0000
vn -0.7121 -0.7021 0.0000
vn -0.7045 -0.7009 0.1110
vn -0.5720 -0.5400 0.6175
vn -0.4661 -0.6042 0.6463
vn 0.0580 -0.6795 0.7314
vn 0.5376 -0.5986 0.5938
vn 0.7616 -0.5407 0.3573
vn 0.7091 -0.7052 -0.0000
vn 0.6214 -0.7835 -0.0000
vn 0.0000 0.0000 0.0000
vn -0.7008 -0.7134 -0.0000
vn -0.7080 -0.6937 0.1323
vn -0.4394 -0.6060 0.6631
vn 0.0446 -0.6900 0.7224
vn 0.6997 -0.4818 0.5276
vn 0.7130 -0.7012 -0.0000
vn 0.8552 -0.5182 -0.0000
vn 0.0000 0.0000 0.0000
vn -0.7133 -0.7008 -0.0000
vn -0.4698 -0.8599 0.1997
vn -0.0065 -0.8806 0.4738
vn 0.5486 -0.6656 0.5060
vn 0.9496 -0.3134 -0.0000
vn 0.0000 0.0000 0.0000
vn -0.0922 -0.9957 0.0000
vn -0.0817 -0.9967 0.0000
vn -0.0968 -0.9953 0.0000
vn 0.6982 -0.7159 0.0000
vn -0.5967 0.6969 -0.3978
vn 0.0595 0.8715 -0.4867
vn 0.4791 0.8529 -0.2073
vn -0.6760 0.6412 -0.3632
vn -0.4715 0.6412 -0.6054
vn 0.0616 0.6818 -0.7289
vn 0.4857 0.5828 -0.6514
vn 0.7037 0.6918 -0.1617
vn -0.6543 0.6555 -0.3770
vn -0.6016 0.5805 -0.5487
vn -0.4505 0.5969 -0.6639
vn 0.0519 0.6715 -0.7392
vn 0.4974 0.5910 -0.6350
vn 0.5589 0.5561 -0.6151
vn 0.6945 0.7054 -0.1417
vn -0.6416 0.6733 -0.3673
vn -0.5894 0.5928 -0.5488
vn -0.5661 0.5564 -0.6083
vn -0.4462 0.5981 -0.6658
vn 0.0430 0.6675 -0.7434
vn 0.4806 0.5965 -0.6428
vn 0.5529 0.5811 -0.5972
vn 0.5350 0.5836 -0.6109
vn 0.6882 0.7049 -0.1719
vn -0.7086 0.5719 -0.4133
vn -0.6563 0.4377 -0.6146
vn -0.6147 0.4131 -0.6719
vn -0.6159 0.4081 -0.6739
vn -0.4871 0.4431 -0.7526
vn 0.0391 0.4877 -0.8721
vn 0.5147 0.4467 -0.7318
vn 0.5987 0.4324 -0.6743
vn 0.6048 0.4366 -0.6660
vn 0.6194 0.4125 -0.6679
vn 0.8655 0.4476 -0.2247
vn -0.8743 -0.0856 -0.4778
vn -0.6798 -0.1066 -0.7256
vn -0.6730 -0.1048 -0.7322
vn -0.6733 -0.0969 -0.7330
vn -0.5302 -0.0929 -0.8428
vn 0.0370 -0.0918 -0.9951
vn 0.5581 -0.0957 -0.8243
vn 0.6572 -0.1024 -0.7468
vn 0.6666 -0.1115 -0.7371
vn 0.6849 -0.1041 -0.7212
vn 0.8760 -0.0321 -0.4813
vn -0.8475 -0.4962 -0.1888
vn -0.5736 -0.4900 -0.6564
vn -0.5858 -0.5094 -0.6303
vn -0.5975 -0.4948 -0.6309
vn -0.4795 -0.5241 -0.7039
vn 0.0426 -0.5811 -0.8127
vn 0.5044 -0.5287 -0.6827
vn 0.5770 -0.5249 -0.6258
vn 0.5922 -0.5631 -0.5764
vn 0.4317 -0.7590 -0.4874
vn 0.6154 -0.6119 -0.4968
vn -0.6946 -0.7065 -0.1353
vn -0.5476 -0.5571 -0.6243
vn -0.5802 -0.5575 -0.5938
vn -0.4635 -0.5972 -0.6546
vn 0.0525 -0.6688 -0.7416
vn 0.5045 -0.5921 -0.6285
vn 0.5980 -0.6093 -0.5207
vn 0.5944 -0.7315 -0.3341
vn -0.7045 -0.7009 -0.1110
vn -0.5720 -0.5400 -0.6175
vn -0.4661 -0.6042 -0.6463
vn 0.0580 -0.6795 -0.7314
vn 0.5376 -0.5986 -0.5938
vn 0.7616 -0.5407 -0.3573
vn -0.7080 -0.6937 -0.1323
vn -0.4394 -0.6060 -0.6631
vn 0.0446 -0.6900 -0.7224
vn 0.6997 -0.4818 -0.5276
vn -0.4698 -0.8599 -0.1997
vn -0.0065 -0.8806 -0.4738
vn 0.5486 -0.6656 -0.5060
vn -0.7233 0.6905 -0.0000
vn 0.4993 0.8664 0.0000
vn 0.0000 0.0000 0.0000
vn -0.7576 0.6527 -0.0000
vn -0.6609 0.7505 0.0000
vn -0.0548 0.9000 0.4324
vn 0.7652 0.6438 0.0000
vn 0.0000 0.0000 -0.0000
vn -0.6901 0.7237 0.0000
vn -0.7373 0.6756 0.0000
vn -0.6748 0.6303 0.3840
vn -0.0732 0.7395 0.6691
vn 0.6076 0.7162 0.3434
vn 0.7552 0.6554 0.0000
vn 0.0000 0.0000 -0.0000
vn -0.7201 0.6939 -0.0000
vn -0.7178 0.6962 0.0000
vn -0.6835 0.6496 0.3330
vn -0.5414 0.6130 0.5754
vn -0.0415 0.6736 0.7379
vn 0.4516 0.5998 0.6606
vn 0.6943 0.6854 0.2195
vn 0.7056 0.7087 0.0000
vn 0.0000 0.0000 -0.0000
vn -0.3925 0.9198 0.0000
vn -0.6795 0.7337 -0.0000
vn -0.6567 0.6730 0.3403
vn -0.6097 0.5938 0.5250
vn -0.4995 0.5914 0.6331
vn -0.0338 0.6711 0.7406
vn 0.4554 0.5960 0.6613
vn 0.5630 0.5563 0.6112
vn 0.6909 0.6940 0.2025
vn 0.5794 0.8150 0.0000
vn 0.0000 0.0000 -0.0000
vn -0.9505 0.3106 0.0000
vn -0.7146 0.6996 0.0000
vn -0.4785 0.7771 0.4089
vn -0.5849 0.6090 0.5357
vn -0.5720 0.5690 0.5908
vn -0.4802 0.5986 0.6411
vn -0.0186 0.6717 0.7406
vn 0.4538 0.5962 0.6622
vn 0.5619 0.5535 0.6147
vn 0.5680 0.5462 0.6157
vn 0.6211 0.6917 0.3685
vn 0.7287 0.6848 0.0000
vn 0.0000 0.0000 0.0000
vn -0.9965 -0.0832 0.0000
vn -0.8364 0.2960 0.4613
vn -0.6791 0.2979 0.6709
vn -0.6526 0.3233 0.6852
vn -0.6532 0.3385 0.6773
vn -0.5419 0.3872 0.7460
vn -0.0109 0.4447 0.8956
vn 0.5222 0.3893 0.7588
vn 0.6484 0.3208 0.6904
vn 0.6673 0.2763 0.6917
vn 0.6824 0.2348 0.6923
vn 0.8818 0.2407 0.4055
vn 0.9889 0.1485 0.0000
vn -0.9656 -0.2601 0.0000
vn -0.8834 -0.3966 0.2497
vn -0.6927 -0.2290 0.6839
vn -0.6937 -0.2020 0.6913
vn -0.7007 -0.1708 0.6928
vn -0.6001 -0.1505 0.7856
vn -0.0185 -0.1317 0.9911
vn 0.5745 -0.1332 0.8076
vn 0.7027 -0.1685 0.6912
vn 0.7021 -0.2217 0.6767
vn 0.7365 -0.2941 0.6091
vn 0.7506 -0.5125 0.4170
vn 0.9956 0.0940 -0.0000
vn 0.0000 0.0000 0.0000
vn -0.8419 -0.5396 -0.0000
vn -0.7765 -0.4552 0.4357
vn -0.6412 -0.4583 0.6155
vn -0.6507 -0.4387 0.6198
vn -0.5643 -0.4628 0.6837
vn -0.0252 -0.5455 0.8377
vn 0.5441 -0.4705 0.6947
vn 0.6630 -0.4400 0.6056
vn 0.6496 -0.4614 0.6043
vn 0.8714 -0.2715 0.4085
vn 0.7429 -0.6694 -0.0000
vn 0.7070 -0.7072 0.0000
vn -0.9829 -0.1843 -0.0000
vn -0.8379 -0.5320 0.1221
vn -0.6383 -0.4474 0.6264
vn -0.6644 -0.4340 0.6084
vn -0.5763 -0.4536 0.6798
vn -0.0190 -0.5558 0.8311
vn 0.5603 -0.4732 0.6798
vn 0.6696 -0.4449 0.5947
vn 0.6678 -0.5010 0.5504
vn 0.6961 -0.5325 0.4816
vn 0.9979 -0.0644 -0.0000
vn 0.0000 0.0000 0.0000
vn -0.6903 -0.7236 0.0000
vn -0.7449 -0.6419 0.1816
vn -0.6878 -0.3896 0.6125
vn -0.6071 -0.4033 0.6847
vn -0.0102 -0.4925 0.8703
vn 0.6048 -0.4032 0.6868
vn 0.7265 -0.4347 0.5322
vn 0.7561 -0.5304 0.3833
vn 0.8030 -0.5960 0.0000
vn 0.6476 -0.7620 0.0000
vn 0.0000 0.0000 0.0000
vn -0.8724 -0.4888 0.0000
vn -0.8463 -0.3404 0.4099
vn -0.6400 -0.3315 0.6932
vn -0.0110 -0.4344 0.9007
vn 0.6280 -0.3494 0.6954
vn 0.9233 -0.1663 0.3463
vn 0.8247 -0.5655 -0.0000
vn 0.6334 -0.7739 0.0000
vn -0.9995 -0.0310 0.0000
vn -0.9485 -0.0450 0.3135
vn -0.6701 -0.1150 0.7333
vn 0.0191 -0.2519 0.9676
vn 0.6491 -0.2265 0.7263
vn 0.9366 0.0718 0.3431
vn 0.9994 -0.0359 -0.0000
vn -0.9997 0.0229 0.0000
vn -0.9375 0.0934 0.3352
vn -0.6141 0.2032 0.7626
vn 0.1155 0.1453 0.9826
vn 0.6795 0.0053 0.7337
vn 0.9727 0.2322 0.0000
vn 0.5719 0.8203 0.0000
vn -0.6236 0.7817 0.0000
vn -0.8131 0.5822 0.0000
vn -0.9190 0.1799 0.3508
vn -0.5387 0.3772 0.7533
vn 0.1746 0.3998 0.8998
vn 0.6984 0.2648 0.6649
vn 0.8559 0.0264 0.5165
vn 1.0000 -0.0059 0.0000
vn -0.6410 0.7676 -0.0000
vn -0.8070 0.5905 -0.0000
vn -0.7638 0.5375 0.3574
vn -0.7314 0.4204 0.5369
vn -0.5115 0.4271 0.7456
vn 0.1855 0.4789 0.8580
vn 0.6745 0.3634 0.6426
vn 0.8028 0.3715 0.4665
vn 0.8776 0.4794 0.0000
vn 0.0000 0.0000 -0.0000
vn -0.9979 0.0654 0.0000
vn -0.7146 0.5301 0.4565
vn -0.6874 0.4789 0.5460
vn -0.6750 0.4202 0.6065
vn -0.4849 0.4738 0.7351
vn 0.1812 0.5324 0.8268
vn 0.6473 0.4217 0.6349
vn 0.6801 0.4215 0.5999
vn 0.7565 0.6068 0.2440
vn 0.7460 0.6659 -0.0000
vn 0.0000 0.0000 0.0000
vn -0.7042 0.7100 -0.0000
vn -0.7399 0.6727 0.0000
vn -0.8778 0.2717 0.3945
vn -0.6533 0.4656 0.5970
vn -0.6511 0.4548 0.6076
vn -0.4629 0.5153 0.7212
vn 0.1677 0.5770 0.7993
vn 0.6158 0.4723 0.6306
vn 0.6526 0.4729 0.5920
vn 0.6247 0.4912 0.6071
vn 0.7185 0.6737 0.1729
vn 0.6860 0.7276 0.0000
vn 0.0000 0.0000 -0.0000
vn -0.9912 -0.1326 -0.0000
vn -0.7336 0.5696 0.3705
vn -0.7168 0.4153 0.5601
vn -0.6796 0.3824 0.6260
vn -0.6662 0.3750 0.6446
vn -0.4771 0.4245 0.7695
vn 0.1597 0.4710 0.8676
vn 0.6247 0.3996 0.6708
vn 0.6667 0.3987 0.6297
vn 0.6568 0.4155 0.6293
vn 0.6550 0.3975 0.6426
vn 0.8696 0.4605 0.1784
vn 0.9930 0.1180 -0.0000
vn -0.9967 -0.0810 0.0000
vn -0.8969 -0.0362 0.4407
vn -0.7453 -0.0303 0.6660
vn -0.7322 -0.0256 0.6806
vn -0.7121 -0.0234 0.7016
vn -0.5052 -0.0249 0.8626
vn 0.1498 -0.0190 0.9885
vn 0.6651 -0.0096 0.7467
vn 0.7211 -0.0077 0.6928
vn 0.7178 -0.0094 0.6962
vn 0.7273 -0.0050 0.6863
vn 0.8960 0.0198 0.4436
vn 0.9977 0.0681 0.0000
vn -0.9967 -0.0806 -0.0000
vn -0.8725 -0.4548 0.1785
vn -0.6748 -0.4184 0.6079
vn -0.6747 -0.4154 0.6101
vn -0.6593 -0.4053 0.6333
vn -0.4783 -0.4554 0.7509
vn 0.1444 -0.4957 0.8564
vn 0.6156 -0.4090 0.6736
vn 0.6668 -0.3989 0.6295
vn 0.6538 -0.4191 0.6300
vn 0.6796 -0.4476 0.5812
vn 0.7189 -0.5190 0.4624
vn 0.9963 0.0855 -0.0000
vn 0.0000 0.0000 0.0000
vn -0.7330 -0.6803 0.0000
vn -0.7430 -0.6322 0.2198
vn -0.6599 -0.4818 0.5766
vn -0.6520 -0.4673 0.5971
vn -0.4703 -0.5242 0.7100
vn 0.1438 -0.5879 0.7961
vn 0.5989 -0.4832 0.6387
vn 0.6521 -0.4665 0.5975
vn 0.6615 -0.5205 0.5399
vn 0.7003 -0.5965 0.3921
vn 0.7522 -0.6589 0.0000
vn 0.6926 -0.7213 -0.0000
vn 0.0000 0.0000 0.0000
vn -0.8733 -0.4872 -0.0000
vn -0.7848 -0.4329 0.4434
vn -0.6830 -0.4254 0.5938
vn -0.4972 -0.4801 0.7227
vn 0.1559 -0.5410 0.8265
vn 0.6277 -0.4348 0.6457
vn 0.7025 -0.4703 0.5342
vn 0.7360 -0.5836 0.3432
vn 0.7741 -0.6331 0.0000
vn 0.6863 -0.7273 -0.0000
vn -0.9207 -0.3902 -0.0000
vn -0.8489 -0.5069 0.1500
vn -0.7033 -0.3710 0.6065
vn -0.5265 -0.4335 0.7314
vn 0.1578 -0.4917 0.8563
vn 0.6526 -0.3786 0.6563
vn 0.9101 -0.2028 0.3613
vn 0.7861 -0.6180 -0.0000
vn 0.6644 -0.7474 -0.0000
vn 0.0000 0.0000 0.0000
vn -0.8751 -0.4839 0.0000
vn -0.8432 -0.3364 0.4194
vn -0.5566 -0.3647 0.7465
vn 0.1560 -0.4296 0.8895
vn 0.6878 -0.3545 0.6335
vn 0.8459 -0.3789 0.3754
vn 0.9993 -0.0378 -0.0000
vn -0.9997 -0.0235 0.0000
vn -0.9427 -0.0492 0.3300
vn -0.6028 -0.1340 0.7866
vn 0.1706 -0.1782 0.9691
vn 0.7997 -0.0437 0.5988
vn 0.9785 -0.2060 -0.0000
vn 0.7913 -0.6114 -0.0000
vn -0.9997 0.0227 -0.0000
vn -0.9354 0.0916 0.3415
vn -0.5809 0.2204 0.7836
vn 0.1733 0.2605 0.9498
vn 0.7013 0.1733 0.6915
vn 0.9236 0.2429 0.2966
vn 0.9946 0.1036 0.0000
vn -0.6289 0.7775 -0.0000
vn -0.8077 0.5896 0.0000
vn -0.9137 0.1902 0.3591
vn -0.5303 0.4048 0.7450
vn 0.1650 0.4699 0.8672
vn 0.6738 0.3470 0.6524
vn 0.8382 0.3298 0.4344
vn 0.7537 0.6572 0.0000
vn -0.6440 0.7650 0.0000
vn -0.8060 0.5919 -0.0000
vn -0.7608 0.5379 0.3631
vn -0.7423 0.4006 0.5372
vn -0.5283 0.4214 0.7371
vn 0.1585 0.4910 0.8566
vn 0.6640 0.3806 0.6437
vn 0.7180 0.3645 0.5929
vn 0.8765 0.4814 -0.0000
vn 0.0000 0.0000 0.0000
vn -0.9977 0.0672 -0.0000
vn -0.7036 0.5287 0.4749
vn -0.6946 0.4647 0.5492
vn -0.6909 0.3962 0.6047
vn -0.5141 0.4488 0.7310
vn 0.1543 0.5113 0.8454
vn 0.6482 0.4024 0.6464
vn 0.6897 0.4016 0.6026
vn 0.7949 0.4336 0.4244
vn 0.8574 0.5146 0.0000
vn 0.0000 0.0000 -0.0000
vn -0.7139 0.7003 0.0000
vn -0.7325 0.6807 0.0000
vn -0.8737 0.2779 0.3993
vn -0.6485 0.4716 0.5975
vn -0.6605 0.4471 0.6031
vn -0.4827 0.4983 0.7202
vn 0.1541 0.5551 0.8174
vn 0.6219 0.4457 0.6438
vn 0.6614 0.4477 0.6018
vn 0.6317 0.4746 0.6129
vn 0.7198 0.6708 0.1788
vn 0.6856 0.7280 0.0000
vn 0.0000 0.0000 -0.0000
vn -0.9899 -0.1420 -0.0000
vn -0.7317 0.5758 0.3648
vn -0.6910 0.4413 0.5726
vn -0.6647 0.3975 0.6326
vn -0.6665 0.3748 0.6444
vn -0.4839 0.4124 0.7719
vn 0.1567 0.4483 0.8800
vn 0.6297 0.3758 0.6799
vn 0.6713 0.3771 0.6381
vn 0.6610 0.3929 0.6393
vn 0.6560 0.3746 0.6552
vn 0.8705 0.4513 0.1961
vn 0.9899 0.1418 0.0000
vn -0.9963 -0.0855 0.0000
vn -0.8936 -0.0344 0.4475
vn -0.7277 -0.0213 0.6855
vn -0.7204 -0.0145 0.6935
vn -0.7102 -0.0135 0.7039
vn -0.5026 -0.0173 0.8644
vn 0.1554 -0.0202 0.9876
vn 0.6652 -0.0179 0.7465
vn 0.7190 -0.0155 0.6948
vn 0.7177 -0.0218 0.6960
vn 0.7225 -0.0264 0.6909
vn 0.8942 0.0073 0.4477
vn 0.9980 0.0638 -0.0000
vn -0.9948 -0.1017 0.0000
vn -0.8741 -0.4491 0.1853
vn -0.6702 -0.3942 0.6288
vn -0.6720 -0.3877 0.6310
vn -0.6675 -0.3711 0.6455
vn -0.4821 -0.4169 0.7706
vn 0.1600 -0.4584 0.8742
vn 0.6272 -0.3814 0.6791
vn 0.6715 -0.3818 0.6351
vn 0.6615 -0.4031 0.6324
vn 0.6820 -0.4377 0.5859
vn 0.7156 -0.5064 0.4811
vn 0.9972 0.0754 -0.0000
vn 0.0000 0.0000 0.0000
vn -0.8371 -0.5471 -0.0000
vn -0.7749 -0.5009 0.3856
vn -0.6628 -0.4459 0.6016
vn -0.6641 -0.4254 0.6149
vn -0.4785 -0.4793 0.7357
vn 0.1663 -0.5372 0.8269
vn 0.6239 -0.4406 0.6455
vn 0.6652 -0.4407 0.6027
vn 0.6710 -0.5026 0.5451
vn 0.7109 -0.5797 0.3981
vn 0.7661 -0.6427 -0.0000
vn 0.6856 -0.7280 -0.0000
vn 0.0000 0.0000 0.0000
vn -0.8695 -0.4939 0.0000
vn -0.7118 -0.4270 0.5577
vn -0.6859 -0.4051 0.6045
vn -0.4994 -0.4538 0.7381
vn 0.1781 -0.5057 0.8441
vn 0.6526 -0.4043 0.6409
vn 0.6909 -0.4249 0.5849
vn 0.8457 -0.3693 0.3852
vn 0.7853 -0.6192 0.0000
vn 0.6772 -0.7358 -0.0000
vn -0.5995 -0.8004 -0.0000
vn -0.7785 -0.5956 0.1981
vn -0.7043 -0.3778 0.6011
vn -0.5272 -0.4292 0.7334
vn 0.1758 -0.4782 0.8605
vn 0.6781 -0.3598 0.6408
vn 0.7961 -0.3489 0.4945
vn 0.7770 -0.6295 0.0000
vn 0.9601 -0.2795 0.0000
vn 0.0000 0.0000 0.0000
vn -0.8844 -0.4666 -0.0000
vn -0.8460 -0.3404 0.4104
vn -0.5629 -0.3609 0.7436
vn 0.1695 -0.4230 0.8901
vn 0.6901 -0.3055 0.6561
vn 0.9265 -0.1471 0.3462
vn 0.9254 -0.3789 0.0000
vn -0.9998 -0.0210 0.0000
vn -0.9492 -0.0477 0.3111
vn -0.6128 -0.1257 0.7802
vn 0.1808 -0.1619 0.9701
vn 0.7189 -0.1094 0.6864
vn 0.9398 -0.0372 0.3397
vn 0.9999 -0.0110 -0.0000
vn -0.5975 0.8019 -0.0000
vn -0.8659 0.5002 0.0000
vn -0.9402 0.0861 0.3295
vn -0.5949 0.2043 0.7774
vn 0.1721 0.2510 0.9526
vn 0.7137 0.1779 0.6774
vn 0.9301 0.0779 0.3589
vn 0.9998 0.0194 0.0000
vn -0.9990 0.0443 0.0000
vn -0.7871 0.4334 0.4390
vn -0.7414 0.3784 0.5541
vn -0.5500 0.3759 0.7458
vn 0.1566 0.4448 0.8818
vn 0.6793 0.3384 0.6512
vn 0.8429 0.3473 0.4109
vn 0.8713 0.4908 0.0000
vn 0.0000 0.0000 -0.0000
vn -0.6388 0.7693 0.0000
vn -0.8008 0.5989 -0.0000
vn -0.9068 0.2030 0.3694
vn -0.6996 0.3717 0.6103
vn -0.5327 0.4255 0.7316
vn 0.1465 0.4985 0.8544
vn 0.6554 0.3916 0.6459
vn 0.6954 0.3781 0.6111
vn 0.8601 0.4897 0.1431
vn 0.9709 0.2396 0.0000
vn -0.9789 0.2045 -0.0000
vn -0.7255 0.5474 0.4171
vn -0.6924 0.4786 0.5399
vn -0.6770 0.4196 0.6046
vn -0.5084 0.4717 0.7204
vn 0.1393 0.5405 0.8297
vn 0.6332 0.4286 0.6445
vn 0.6878 0.4133 0.5968
vn 0.8078 0.4167 0.4170
vn 0.8586 0.5127 0.0000
vn 0.0000 0.0000 -0.0000
vn -0.8007 0.5990 0.0000
vn -0.7205 0.6934 0.0000
vn -0.8334 0.3380 0.4373
vn -0.6586 0.4535 0.6005
vn -0.6606 0.4364 0.6109
vn -0.4937 0.4874 0.7202
vn 0.1338 0.5524 0.8228
vn 0.6177 0.4492 0.6455
vn 0.6747 0.4336 0.5973
vn 0.6656 0.4452 0.5990
vn 0.7331 0.6580 0.1721
vn 0.6814 0.7319 0.0000
vn 0.0000 0.0000 -0.0000
vn -0.9918 -0.1280 0.0000
vn -0.7896 0.4727 0.3913
vn -0.7198 0.3583 0.5945
vn -0.6905 0.3276 0.6449
vn -0.6822 0.3104 0.6620
vn -0.5100 0.3351 0.7922
vn 0.1292 0.3685 0.9206
vn 0.6377 0.3225 0.6995
vn 0.6995 0.3214 0.6382
vn 0.6965 0.3373 0.6333
vn 0.6838 0.3401 0.6456
vn 0.8737 0.4459 0.1943
vn 0.9854 0.1701 0.0000
vn -0.9968 -0.0794 0.0000
vn -0.8947 -0.0681 0.4415
vn -0.7346 -0.0898 0.6726
vn -0.7210 -0.0944 0.6865
vn -0.7057 -0.0985 0.7016
vn -0.5195 -0.1155 0.8466
vn 0.1219 -0.1213 0.9851
vn 0.6508 -0.0977 0.7530
vn 0.7276 -0.0814 0.6811
vn 0.7316 -0.0778 0.6773
vn 0.7281 -0.0643 0.6824
vn 0.8933 -0.0050 0.4494
vn 0.9978 0.0656 0.0000
vn -0.9961 -0.0883 0.0000
vn -0.8687 -0.4636 0.1746
vn -0.6635 -0.4228 0.6173
vn -0.6654 -0.4177 0.6187
vn -0.6573 -0.4021 0.6374
vn -0.4944 -0.4447 0.7469
vn 0.1209 -0.4966 0.8595
vn 0.6075 -0.4100 0.6803
vn 0.6743 -0.3991 0.6213
vn 0.6653 -0.4184 0.6183
vn 0.6724 -0.4543 0.5844
vn 0.7050 -0.5006 0.5025
vn 0.9978 0.0669 -0.0000
vn 0.0000 0.0000 0.0000
vn -0.7100 -0.7042 -0.0000
vn -0.7378 -0.6454 0.1979
vn -0.6712 -0.4403 0.5963
vn -0.6699 -0.4140 0.6163
vn -0.5040 -0.4570 0.7329
vn 0.1269 -0.5242 0.8421
vn 0.6172 -0.4301 0.6589
vn 0.6816 -0.4228 0.5972
vn 0.6831 -0.4921 0.5396
vn 0.7080 -0.5687 0.4187
vn 0.7665 -0.6423 -0.0000
vn 0.6839 -0.7296 -0.0000
vn 0.0000 0.0000 0.0000
vn -0.8745 -0.4850 -0.0000
vn -0.8129 -0.4006 0.4228
vn -0.6998 -0.3726 0.6095
vn -0.5239 -0.4200 0.7410
vn 0.1403 -0.4869 0.8621
vn 0.6458 -0.3951 0.6534
vn 0.7314 -0.4315 0.5281
vn 0.7543 -0.5602 0.3423
vn 0.7924 -0.6100 0.0000
vn 0.6733 -0.7394 0.0000
vn -0.9491 -0.3149 -0.0000
vn -0.8670 -0.4748 0.1513
vn -0.7144 -0.3490 0.6064
vn -0.5325 -0.4108 0.7401
vn 0.1521 -0.4790 0.8645
vn 0.6635 -0.3785 0.6454
vn 0.9129 -0.2086 0.3508
vn 0.7888 -0.6147 0.0000
vn 0.6617 -0.7498 0.0000
vn 0.0000 0.0000 0.0000
vn -0.8826 -0.4702 0.0000
vn -0.8434 -0.3356 0.4196
vn -0.5501 -0.3642 0.7515
vn 0.1688 -0.4378 0.8831
vn 0.6767 -0.3369 0.6546
vn 0.9254 -0.1603 0.3434
vn 0.9987 -0.0519 -0.0000
vn -0.9998 -0.0212 -0.0000
vn -0.9498 -0.0460 0.3095
vn -0.5978 -0.1187 0.7928
vn 0.1996 -0.1617 0.9664
vn 0.7146 -0.1270 0.6879
vn 0.9406 -0.0405 0.3370
vn 1.0000 -0.0082 -0.0000
vn -0.6002 0.7999 0.0000
vn -0.8559 0.5172 0.0000
vn -0.9374 0.0956 0.3347
vn -0.5713 0.2271 0.7887
vn 0.2026 0.2632 0.9432
vn 0.7181 0.1704 0.6747
vn 0.9252 0.0722 0.3726
vn 0.9998 0.0195 0.0000
vn -0.9991 0.0433 0.0000
vn -0.7842 0.4462 0.4313
vn -0.7420 0.3775 0.5540
vn -0.5283 0.3894 0.7545
vn 0.1900 0.4546 0.8702
vn 0.6895 0.3417 0.6386
vn 0.8457 0.3475 0.4050
vn 0.8683 0.4960 0.0000
vn 0.0000 0.0000 -0.0000
vn -0.6418 0.7668 0.0000
vn -0.7994 0.6008 0.0000
vn -0.9068 0.1994 0.3715
vn -0.7030 0.3647 0.6106
vn -0.5201 0.4363 0.7342
vn 0.1699 0.5177 0.8385
vn 0.6604 0.4105 0.6288
vn 0.6868 0.3995 0.6072
vn 0.8558 0.4965 0.1453
vn 0.9716 0.2365 0.0000
vn -0.6773 0.7357 0.0000
vn -0.7752 0.6317 0.0000
vn -0.7220 0.5515 0.4178
vn -0.7004 0.4678 0.5390
vn -0.6881 0.4109 0.5981
vn -0.5086 0.4820 0.7135
vn 0.1480 0.5624 0.8135
vn 0.6327 0.4521 0.6286
vn 0.6807 0.4401 0.5855
vn 0.7994 0.4395 0.4096
vn 0.8613 0.5080 0.0000
vn 0.0000 0.0000 -0.0000
vn -1.0000 -0.0012 0.0000
vn -0.6794 0.5401 0.4967
vn -0.6477 0.5106 0.5654
vn -0.6619 0.4479 0.6011
vn -0.6789 0.4185 0.6033
vn -0.5070 0.4682 0.7237
vn 0.1358 0.5294 0.8375
vn 0.6225 0.4408 0.6467
vn 0.6723 0.4400 0.5953
vn 0.6519 0.4633 0.6003
vn 0.7272 0.6564 0.2007
vn 0.6799 0.7333 0.0000
vn 0.0000 0.0000 -0.0000
vn -0.9921 -0.1254 0.0000
vn -0.8766 0.1713 0.4497
vn -0.6801 0.2911 0.6729
vn -0.6974 0.2484 0.6723
vn -0.7061 0.1851 0.6835
vn -0.5169 0.1431 0.8440
vn 0.1302 0.1316 0.9827
vn 0.6541 0.1527 0.7408
vn 0.7090 0.2064 0.6743
vn 0.6986 0.2687 0.6631
vn 0.6870 0.2939 0.6646
vn 0.8782 0.4268 0.2161
vn 0.9774 0.2116 -0.0000
vn -0.9977 -0.0673 0.0000
vn -0.8731 -0.1338 0.4688
vn -0.6792 -0.2091 0.7035
vn -0.6689 -0.2501 0.7000
vn -0.6554 -0.2942 0.6957
vn -0.4638 -0.3787 0.8009
vn 0.1279 -0.4268 0.8952
vn 0.5899 -0.3565 0.7245
vn 0.6573 -0.2986 0.6920
vn 0.6706 -0.2471 0.6995
vn 0.7445 -0.2263 0.6281
vn 0.7648 -0.4717 0.4388
vn 0.9965 0.0839 0.0000
vn -0.9999 -0.0151 0.0000
vn -0.8450 -0.5024 0.1831
vn -0.5589 -0.5301 0.6376
vn -0.5668 -0.5515 0.6121
vn -0.5683 -0.5481 0.6137
vn -0.4030 -0.6037 0.6879
vn 0.1249 -0.6541 0.7460
vn 0.5185 -0.5694 0.6379
vn 0.5620 -0.5576 0.6109
vn 0.5858 -0.5922 0.5533
vn 0.6696 -0.6660 0.3288
vn 0.7236 -0.6902 -0.0000
vn 0.6911 -0.7228 0.0000
vn 0.0000 0.0000 0.0000
vn -0.7118 -0.7024 -0.0000
vn -0.6910 -0.7088 0.1417
vn -0.5480 -0.5584 0.6228
vn -0.5747 -0.5565 0.6000
vn -0.4137 -0.6059 0.6795
vn 0.1296 -0.6534 0.7458
vn 0.5338 -0.5638 0.6303
vn 0.6040 -0.5893 0.5366
vn 0.6556 -0.6783 0.3318
vn 0.6803 -0.7329 -0.0000
vn 0.7343 -0.6788 -0.0000
vn 0.0000 0.0000 0.0000
vn -0.7099 -0.7043 0.0000
vn -0.7071 -0.6954 0.1281
vn -0.5751 -0.5328 0.6208
vn -0.4226 -0.6074 0.6727
vn 0.1273 -0.6592 0.7412
vn 0.5744 -0.5909 0.5665
vn 0.6816 -0.6538 0.3285
vn 0.7094 -0.7048 -0.0000
vn 0.7218 -0.6921 -0.0000
vn 0.0000 0.0000 0.0000
vn -0.6988 -0.7153 -0.0000
vn -0.7028 -0.6926 0.1623
vn -0.3924 -0.6242 0.6756
vn 0.1553 -0.7444 0.6494
vn 0.6610 -0.6736 0.3309
vn 0.7337 -0.6794 0.0000
vn 0.6918 -0.7221 -0.0000
vn 0.0000 0.0000 0.0000
vn -0.7229 -0.6910 0.0000
vn -0.4510 -0.8670 0.2118
vn 0.4446 -0.7686 0.4600
vn 0.6812 -0.7321 0.0000
vn 0.6787 -0.7345 0.0000
vn 0.0000 0.0000 0.0000
vn -0.1511 -0.9885 -0.0000
vn -0.0786 -0.9969 0.0000
vn 0.7335 -0.6797 -0.0000
vn -0.0548 0.9000 -0.4324
vn -0.6748 0.6303 -0.3840
vn -0.0732 0.7395 -0.6691
vn 0.6076 0.7162 -0.3434
vn -0.6835 0.6496 -0.3330
vn -0.5414 0.6130 -0.5754
vn -0.0415 0.6736 -0.7379
vn 0.4516 0.5998 -0.6606
vn 0.6943 0.6854 -0.2195
vn -0.6567 0.6730 -0.3403
vn -0.6097 0.5938 -0.5250
vn -0.4995 0.5914 -0.6331
vn -0.0338 0.6711 -0.7406
vn 0.4554 0.5960 -0.6613
vn 0.5630 0.5563 -0.6112
vn 0.6909 0.6940 -0.2025
vn -0.4785 0.7771 -0.4089
vn -0.5849 0.6090 -0.5357
vn -0.5720 0.5690 -0.5908
vn -0.4802 0.5986 -0.6411
vn -0.0186 0.6717 -0.7406
vn 0.4538 0.5962 -0.6622
vn 0.5619 0.5535 -0.6147
vn 0.5680 0.5462 -0.6157
vn 0.6211 0.6917 -0.3685
vn -0.8364 0.2960 -0.4613
vn -0.6791 0.2979 -0.6709
vn -0.6526 0.3233 -0.6852
vn -0.6532 0.3385 -0.6773
vn -0.5419 0.3872 -0.7460
vn -0.0109 0.4447 -0.8956
vn 0.5222 0.3893 -0.7588
vn 0.6484 0.3208 -0.6904
vn 0.6673 0.2763 -0.6917
vn 0.6824 0.2348 -0.6923
vn 0.8818 0.2407 -0.4055
vn -0.8834 -0.3966 -0.2497
vn -0.6927 -0.2290 -0.6839
vn -0.6937 -0.2020 -0.6913
vn -0.7007 -0.1708 -0.6928
vn -0.6001 -0.1505 -0.7856
vn -0.0185 -0.1317 -0.9911
vn 0.5745 -0.1332 -0.8076
vn 0.7027 -0.1685 -0.6912
vn 0.7021 -0.2217 -0.6767
vn 0.7365 -0.2941 -0.6091
vn 0.7506 -0.5125 -0.4170
vn -0.7765 -0.4552 -0.4357
vn -0.6412 -0.4583 -0.6155
vn -0.6507 -0.4387 -0.6198
vn -0.5643 -0.4628 -0.6837
vn -0.0252 -0.5455 -0.8377
vn 0.5441 -0.4705 -0.6947
vn 0.6630 -0.4400 -0.6056
vn 0.6496 -0.4614 -0.6043
vn 0.8714 -0.2715 -0.4085
vn -0.8379 -0.5320 -0.1221
vn -0.6383 -0.4474 -0.6264
vn -0.6644 -0.4340 -0.6084
vn -0.5763 -0.4536 -0.6798
vn -0.0190 -0.5558 -0.8311
vn 0.5603 -0.4732 -0.6798
vn 0.6696 -0.4449 -0.5947
vn 0.6678 -0.5010 -0.5504
vn 0.6961 -0.5325 -0.4816
vn -0.7449 -0.6419 -0.1816
vn -0.6878 -0.3896 -0.6125
vn -0.6071 -0.4033 -0.6847
vn -0.0102 -0.4925 -0.8703
vn 0.6048 -0.4032 -0.6868
vn 0.7265 -0.4347 -0.5322
vn 0.7561 -0.5304 -0.3833
vn -0.8463 -0.3404 -0.4099
vn -0.6400 -0.3315 -0.6932
vn -0.0110 -0.4344 -0.9007
vn 0.6280 -0.3494 -0.6954
vn 0.9233 -0.1663 -0.3463
vn -0.9485 -0.0450 -0.3135
vn -0.6701 -0.1150 -0.7333
vn 0.0191 -0.2519 -0.9676
vn 0.6491 -0.2265 -0.7263
vn 0.9366 0.0718 -0.3431
vn -0.9375 0.0934 -0.3352
vn -0.6141 0.2032 -0.7626
vn 0.1155 0.1453 -0.9826
vn 0.6795 0.0053 -0.7337
vn -0.9190 0.1799 -0.3508
vn -0.5387 0.3772 -0.7533
vn 0.1746 0.3998 -0.8998
vn 0.6984 0.2648 -0.6649
vn 0.8559 0.0264 -0.5165
vn -0.7638 0.5375 -0.3574
vn -0.7314 0.4204 -0.5369
vn -0.5115 0.4271 -0.7456
vn 0.1855 0.4789 -0.8580
vn 0.6745 0.3634 -0.6426
vn 0.8028 0.3715 -0.4665
vn -0.7146 0.5301 -0.4565
vn -0.6874 0.4789 -0.5460
vn -0.6750 0.4202 -0.6065
vn -0.4849 0.4738 -0.7351
vn 0.1812 0.5324 -0.8268
vn 0.6473 0.4217 -0.6349
vn 0.6801 0.4215 -0.5999
vn 0.7565 0.6068 -0.2440
vn -0.8778 0.2717 -0.3945
vn -0.6533 0.4656 -0.5970
vn -0.6511 0.4548 -0.6076
vn -0.4629 0.5153 -0.7212
vn 0.1677 0.5770 -0.7993
vn 0.6158 0.4723 -0.6306
vn 0.6526 0.4729 -0.5920
vn 0.6247 0.4912 -0.6071
vn 0.7185 0.6737 -0.1729
vn -0.7336 0.5696 -0.3705
vn -0.7168 0.4153 -0.5601
vn -0.6796 0.3824 -0.6260
vn -0.6662 0.3750 -0.6446
vn -0.4771 0.4245 -0.7695
vn 0.1597 0.4710 -0.8676
vn 0.6247 0.3996 -0.6708
vn 0.6667 0.3987 -0.6297
vn 0.6568 0.4155 -0.6293
vn 0.6550 0.3975 -0.6426
vn 0.8696 0.4605 -0.1784
vn -0.8969 -0.0362 -0.4407
vn -0.7453 -0.0303 -0.6660
vn -0.7322 -0.0256 -0.6806
vn -0.7121 -0.0234 -0.7016
vn -0.5052 -0.0249 -0.8626
vn 0.1498 -0.0190 -0.9885
vn 0.6651 -0.0096 -0.7467
vn 0.7211 -0.0077 -0.6928
vn 0.7178 -0.0094 -0.6962
vn 0.7273 -0.0050 -0.6863
vn 0.8960 0.0198 -0.4436
vn -0.8725 -0.4548 -0.1785
vn -0.6748 -0.4184 -0.6079
vn -0.6747 -0.4154 -0.6101
vn -0.6593 -0.4053 -0.6333
vn -0.4783 -0.4554 -0.7509
vn 0.1444 -0.4957 -0.8564
vn 0.6156 -0.4090 -0.6736
vn 0.6668 -0.3989 -0.6295
vn 0.6538 -0.4191 -0.6300
vn 0.6796 -0.4476 -0.5812
vn 0.7189 -0.5190 -0.4624
vn -0.7430 -0.6322 -0.2198
vn -0.6599 -0.4818 -0.5766
vn -0.6520 -0.4673 -0.5971
vn -0.4703 -0.5242 -0.7100
vn 0.1438 -0.5879 -0.7961
vn 0.5989 -0.4832 -0.6387
vn 0.6521 -0.4665 -0.5975
vn 0.6615 -0.5205 -0.5399
vn 0.7003 -0.5965 -0.3921
vn -0.7848 -0.4329 -0.4434
vn -0.6830 -0.4254 -0.5938
vn -0.4972 -0.4801 -0.7227
vn 0.1559 -0.5410 -0.8265
vn 0.6277 -0.4348 -0.6457
vn 0.7025 -0.4703 -0.5342
vn 0.7360 -0.5836 -0.3432
vn -0.8489 -0.5069 -0.1500
vn -0.7033 -0.3710 -0.6065
vn -0.5265 -0.4335 -0.7314
vn 0.1578 -0.4917 -0.8563
vn 0.6526 -0.3786 -0.6563
vn 0.9101 -0.2028 -0.3613
vn -0.8432 -0.3364 -0.4194
vn -0.5566 -0.3647 -0.7465
vn 0.1560 -0.4296 -0.8895
vn 0.6878 -0.3545 -0.6335
vn 0.8459 -0.3789 -0.3754
vn -0.9427 -0.0492 -0.3300
vn -0.6028 -0.1340 -0.7866
vn 0.1706 -0.1782 -0.9691
vn 0.7997 -0.0437 -0.5988
vn -0.9354 0.0916 -0.3415
vn -0.5809 0.2204 -0.7836
vn 0.1733 0.2605 -0.9498
vn 0.7013 0.1733 -0.6915
vn 0.9236 0.2429 -0.2966
vn -0.9137 0.1902 -0.3591
vn -0.5303 0.4048 -0.7450
vn 0.1650 0.4699 -0.8672
vn 0.6738 0.3470 -0.6524
vn 0.8382 0.3298 -0.4344
vn -0.7608 0.5379 -0.3631
vn -0.7423 0.4006 -0.5372
vn -0.5283 0.4214 -0.7371
vn 0.1585 0.4910 -0.8566
vn 0.6640 0.3806 -0.6437
vn 0.7180 0.3645 -0.5929
vn -0.7036 0.5287 -0.4749
vn -0.6946 0.4647 -0.5492
vn -0.6909 0.3962 -0.6047
vn -0.5141 0.4488 -0.7310
vn 0.1543 0.5113 -0.8454
vn 0.6482 0.4024 -0.6464
vn 0.6897 0.4016 -0.6026
vn 0.7949 0.4336 -0.4244
vn -0.8737 0.2779 -0.3993
vn -0.6485 0.4716 -0.5975
vn -0.6605 0.4471 -0.6031
vn -0.4827 0.4983 -0.7202
vn 0.1541 0.5551 -0.8174
vn 0.6219 0.4457 -0.6438
vn 0.6614 0.4477 -0.6018
vn 0.6317 0.4746 -0.6129
vn 0.7198 0.6708 -0.1788
vn -0.7317 0.5758 -0.3648
vn -0.6910 0.4413 -0.5726
vn -0.6647 0.3975 -0.6326
vn -0.6665 0.3748 -0.6444
vn -0.4839 0.4124 -0.7719
vn 0.1567 0.4483 -0.8800
vn 0.6297 0.3758 -0.6799
vn 0.6713 0.3771 -0.6381
vn 0.6610 0.3929 -0.6393
vn 0.6560 0.3746 -0.6552
vn 0.8705 0.4513 -0.1961
vn -0.8936 -0.0344 -0.4475
vn -0.7277 -0.0213 -0.6855
vn -0.7204 -0.0145 -0.6935
vn -0.7102 -0.0135 -0.7039
vn -0.5026 -0.0173 -0.8644
vn 0.1554 -0.0202 -0.9876
vn 0.6652 -0.0179 -0.7465
vn 0.7190 -0.0155 -0.6948
vn 0.7177 -0.0218 -0.6960
vn 0.7225 -0.0264 -0.6909
vn 0.8942 0.0073 -0.4477
vn -0.8741 -0.4491 -0.1853
vn -0.6702 -0.3942 -0.6288
vn -0.6720 -0.3877 -0.6310
vn -0.6675 -0.3711 -0.6455
vn -0.4821 -0.4169 -0.7706
vn 0.1600 -0.4584 -0.8742
vn 0.6272 -0.3814 -0.6791
vn 0.6715 -0.3818 -0.6351
vn 0.6615 -0.4031 -0.6324
vn 0.6820 -0.4377 -0.5859
vn 0.7156 -0.5064 -0.4811
vn -0.7749 -0.5009 -0.3856
vn -0.6628 -0.4459 -0.6016
vn -0.6641 -0.4254 -0.6149
vn -0.4785 -0.4793 -0.7357
vn 0.1663 -0.5372 -0.8269
vn 0.6239 -0.4406 -0.6455
vn 0.6652 -0.4407 -0.6027
vn 0.6710 -0.5026 -0.5451
vn 0.7109 -0.5797 -0.3981
vn -0.7118 -0.4270 -0.5577
vn -0.6859 -0.4051 -0.6045
vn -0.4994 -0.4538 -0.7381
vn 0.1781 -0.5057 -0.8441
vn 0.6526 -0.4043 -0.6409
vn 0.6909 -0.4249 -0.5849
vn 0.8457 -0.3693 -0.3852
vn -0.7785 -0.5956 -0.1981
vn -0.7043 -0.3778 -0.6011
vn -0.5272 -0.4292 -0.7334
vn 0.1758 -0.4782 -0.8605
vn 0.6781 -0.3598 -0.6408
vn 0.7961 -0.3489 -0.4945
vn -0.8460 -0.3404 -0.4104
vn -0.5629 -0.3609 -0.7436
vn 0.1695 -0.4230 -0.8901
vn 0.6901 -0.3055 -0.6561
vn 0.9265 -0.1471 -0.3462
vn -0.9492 -0.0477 -0.3111
vn -0.6128 -0.1257 -0.7802
vn 0.1808 -0.1619 -0.9701
vn 0.7189 -0.1094 -0.6864
vn 0.9398 -0.0372 -0.3397
vn -0.9402 0.0861 -0.3295
vn -0.5949 0.2043 -0.7774
vn 0.1721 0.2510 -0.9526
vn 0.7137 0.1779 -0.6774
vn 0.9301 0.0779 -0.3589
vn -0.7871 0.4334 -0.4390
vn -0.7414 0.3784 -0.5541
vn -0.5500 0.3759 -0.7458
vn 0.1566 0.4448 -0.8818
vn 0.6793 0.3384 -0.6512
vn 0.8429 0.3473 -0.4109
vn -0.9068 0.2030 -0.3694
vn -0.6996 0.3717 -0.6103
vn -0.5327 0.4255 -0.7316
vn 0.1465 0.4985 -0.8544
vn 0.6554 0.3916 -0.6459
vn 0.6954 0.3781 -0.6111
vn 0.8601 0.4897 -0.1431
vn -0.7255 0.5474 -0.4171
vn -0.6924 0.4786 -0.5399
vn -0.6770 0.4196 -0.6046
vn -0.5084 0.4717 -0.7204
vn 0.1393 0.5405 -0.8297
vn 0.6332 0.4286 -0.6445
vn 0.6878 0.4133 -0.5968
vn 0.8078 0.4167 -0.4170
vn -0.8334 0.3380 -0.4373
vn -0.6586 0.4535 -0.6005
vn -0.6606 0.4364 -0.6109
vn -0.4937 0.4874 -0.7202
vn 0.1338 0.5524 -0.8228
vn 0.6177 0.4492 -0.6455
vn 0.6747 0.4336 -0.5973
vn 0.6656 0.4452 -0.5990
vn 0.7331 0.6580 -0.1721
vn -0.7896 0.4727 -0.3913
vn -0.7198 0.3583 -0.5945
vn -0.6905 0.3276 -0.6449
vn -0.6822 0.3104 -0.6620
vn -0.5100 0.3351 -0.7922
vn 0.1292 0.3685 -0.9206
vn 0.6377 0.3225 -0.6995
vn 0.6995 0.3214 -0.6382
vn 0.6965 0.3373 -0.6333
vn 0.6838 0.3401 -0.6456
vn 0.8737 0.4459 -0.1943
vn -0.8947 -0.0681 -0.4415
vn -0.7346 -0.0898 -0.6726
vn -0.7210 -0.0944 -0.6865
vn -0.7057 -0.0985 -0.7016
vn -0.5195 -0.1155 -0.8466
vn 0.1219 -0.1213 -0.9851
vn 0.6508 -0.0977 -0.7530
vn 0.7276 -0.0814 -0.6811
vn 0.7316 -0.0778 -0.6773
vn 0.7281 -0.0643 -0.6824
vn 0.8933 -0.0050 -0.4494
vn -0.8687 -0.4636 -0.1746
vn -0.6635 -0.4228 -0.6173
vn -0.6654 -0.4177 -0.6187
vn -0.6573 -0.4021 -0.6374
vn -0.4944 -0.4447 -0.7469
vn 0.1209 -0.4966 -0.8595
vn 0.6075 -0.4100 -0.6803
vn 0.6743 -0.3991 -0.6213
vn 0.6653 -0.4184 -0.6183
vn 0.6724 -0.4543 -0.5844
vn 0.7050 -0.5006 -0.5025
vn -0.7378 -0.6454 -0.1979
vn -0.6712 -0.4403 -0.5963
vn -0.6699 -0.4140 -0.6163
vn -0.5040 -0.4570 -0.7329
vn 0.1269 -0.5242 -0.8421
vn 0.6172 -0.4301 -0.6589
vn 0.6816 -0.4228 -0.5972
vn 0.6831 -0.4921 -0.5396
vn 0.7080 -0.5687 -0.4187
vn -0.8129 -0.4006 -0.4228
vn -0.6998 -0.3726 -0.6095
vn -0.5239 -0.4200 -0.7410
vn 0.1403 -0.4869 -0.8621
vn 0.6458 -0.3951 -0.6534
vn 0.7314 -0.4315 -0.5281
vn 0.7543 -0.5602 -0.3423
vn -0.8670 -0.4748 -0.1513
vn -0.7144 -0.3490 -0.6064
vn -0.5325 -0.4108 -0.7401
vn 0.1521 -0.4790 -0.8645
vn 0.6635 -0.3785 -0.6454
vn 0.9129 -0.2086 -0.3508
vn -0.8434 -0.3356 -0.4196
vn -0.5501 -0.3642 -0.7515
vn 0.1688 -0.4378 -0.8831
vn 0.6767 -0.3369 -0.6546
vn 0.9254 -0.1603 -0.3434
vn -0.9498 -0.0460 -0.3095
vn -0.5978 -0.1187 -0.7928
vn 0.1996 -0.1617 -0.9664
vn 0.7146 -0.1270 -0.6879
vn 0.9406 -0.0405 -0.3370
vn -0.9374 0.0956 -0.3347
vn -0.5713 0.2271 -0.7887
vn 0.2026 0.2632 -0.9432
vn 0.7181 0.1704 -0.6747
vn 0.9252 0.0722 -0.3726
vn -0.7842 0.4462 -0.4313
vn -0.7420 0.3775 -0.5540
vn -0.5283 0.3894 -0.7545
vn 0.1900 0.4546 -0.8702
vn 0.6895 0.3417 -0.6386
vn 0.8457 0.3475 -0.4050
vn -0.9068 0.1994 -0.3715
vn -0.7030 0.3647 -0.6106
vn -0.5201 0.4363 -0.7342
vn 0.1699 0.5177 -0.8385
vn 0.6604 0.4105 -0.6288
vn 0.6868 0.3995 -0.6072
vn 0.8558 0.4965 -0.1453
vn -0.7220 0.5515 -0.4178
vn -0.7004 0.4678 -0.5390
vn -0.6881 0.4109 -0.5981
vn -0.5086 0.4820 -0.7135
vn 0.1480 0.5624 -0.8135
vn 0.6327 0.4521 -0.6286
vn 0.6807 0.4401 -0.5855
vn 0.7994 0.4395 -0.4096
vn -0.6794 0.5401 -0.4967
vn -0.6477 0.5106 -0.5654
vn -0.6619 0.4479 -0.6011
vn -0.6789 0.4185 -0.6033
vn -0.5070 0.4682 -0.7237
vn 0.1358 0.5294 -0.8375
vn 0.6225 0.4408 -0.6467
vn 0.6723 0.4400 -0.5953
vn 0.6519 0.4633 -0.6003
vn 0.7272 0.6564 -0.2007
vn -0.8766 0.1713 -0.4497
vn -0.6801 0.2911 -0.6729
vn -0.6974 0.2484 -0.6723
vn -0.7061 0.1851 -0.6835
vn -0.5169 0.1431 -0.8440
vn 0.1302 0.1316 -0.9827
vn 0.6541 0.1527 -0.7408
vn 0.7090 0.2064 -0.6743
vn 0.6986 0.2687 -0.6631
vn 0.6870 0.2939 -0.6646
vn 0.8782 0.4268 -0.2161
vn -0.8731 -0.1338 -0.4688
vn -0.6792 -0.2091 -0.7035
vn -0.6689 -0.2501 -0.7000
vn -0.6554 -0.2942 -0.6957
vn -0.4638 -0.3787 -0.8009
vn 0.1279 -0.4268 -0.8952
vn 0.5899 -0.3565 -0.7245
vn 0.6573 -0.2986 -0.6920
vn 0.6706 -0.2471 -0.6995
vn 0.7445 -0.2263 -0.6281
vn 0.7648 -0.4717 -0.4388
vn -0.8450 -0.5024 -0.1831
vn -0.5589 -0.5301 -0.6376
vn -0.5668 -0.5515 -0.6121
vn -0.5683 -0.5481 -0.6137
vn -0.4030 -0.6037 -0.6879
vn 0.1249 -0.6541 -0.7460
vn 0.5185 -0.5694 -0.6379
vn 0.5620 -0.5576 -0.6109
vn 0.5858 -0.5922 -0.5533
vn 0.6696 -0.6660 -0.3288
vn -0.6910 -0.7088 -0.1417
vn -0.5480 -0.5584 -0.6228
vn -0.5747 -0.5565 -0.6000
vn -0.4137 -0.6059 -0.6795
vn 0.1296 -0.6534 -0.7458
vn 0.5338 -0.5638 -0.6303
vn 0.6040 -0.5893 -0.5366
vn 0.6556 -0.6783 -0.3318
vn -0.7071 -0.6954 -0.1281
vn -0.5751 -0.5328 -0.6208
vn -0.4226 -0.6074 -0.6727
vn 0.1273 -0.6592 -0.7412
vn 0.5744 -0.5909 -0.5665
vn 0.6816 -0.6538 -0.3285
vn -0.7028 -0.6926 -0.1623
vn -0.3924 -0.6242 -0.6756
vn 0.1553 -0.7444 -0.6494
vn 0.6610 -0.6736 -0.3309
vn -0.4510 -0.8670 -0.2118
vn 0.4446 -0.7686 -0.4600
vn -0.7133 0.7008 0.0000
vn 0.0928 0.9957 -0.0000
vn 0.4993 0.8664 0.0000
vn 0.0000 0.0000 -0.0000
vn -0.6843 0.7292 0.0000
vn -0.7063 0.7079 0.0000
vn -0.4982 0.7179 0.4862
vn 0.3710 0.8796 0.2979
vn 0.7629 0.6465 0.0000
vn 0.0000 0.0000 0.0000
vn -0.6927 0.7213 0.0000
vn -0.7325 0.6808 -0.0000
vn -0.6488 0.6266 0.4318
vn -0.4025 0.6660 0.6281
vn 0.1419 0.6776 0.7216
vn 0.6613 0.7085 0.2465
vn 0.7034 0.7108 0.0000
vn 0.0000 0.0000 -0.0000
vn -0.7251 0.6886 0.0000
vn -0.6999 0.7142 -0.0000
vn -0.6396 0.6207 0.4535
vn -0.5936 0.5797 0.5582
vn -0.3915 0.6229 0.6773
vn 0.1475 0.6706 0.7270
vn 0.5309 0.5686 0.6283
vn 0.7026 0.6873 0.1845
vn 0.7047 0.7095 0.0000
vn 0.0000 0.0000 -0.0000
vn -0.7289 0.6846 0.0000
vn -0.6772 0.7358 -0.0000
vn -0.6149 0.6476 0.4500
vn -0.5873 0.5918 0.5521
vn -0.5660 0.5643 0.6010
vn -0.3857 0.6248 0.6788
vn 0.1513 0.6636 0.7326
vn 0.5323 0.5718 0.6242
vn 0.5763 0.5523 0.6024
vn 0.6970 0.6953 0.1756
vn 0.7090 0.7052 0.0000
vn 0.0000 0.0000 0.0000
vn -0.9956 -0.0932 0.0000
vn -0.6481 0.6199 0.4423
vn -0.5945 0.5746 0.5625
vn -0.5663 0.5606 0.6042
vn -0.5611 0.5557 0.6135
vn -0.3779 0.6056 0.7003
vn 0.1593 0.6375 0.7538
vn 0.5356 0.5495 0.6412
vn 0.5829 0.5355 0.6111
vn 0.5734 0.5381 0.6178
vn 0.7041 0.6760 0.2174
vn 0.6608 0.7505 0.0000
vn 0.0000 0.0000 -0.0000
vn -0.9972 -0.0742 0.0000
vn -0.8828 0.1180 0.4547
vn -0.6859 0.2577 0.6805
vn -0.6564 0.3003 0.6921
vn -0.6295 0.3261 0.7053
vn -0.4134 0.3830 0.8261
vn 0.1854 0.4001 0.8975
vn 0.6047 0.3257 0.7268
vn 0.6609 0.2851 0.6942
vn 0.6675 0.2624 0.6968
vn 0.6688 0.2333 0.7059
vn 0.8748 0.3899 0.2876
vn 0.9009 0.4340 -0.0000
vn -0.9949 0.1012 0.0000
vn -0.8909 -0.1709 0.4208
vn -0.7105 -0.2543 0.6562
vn -0.6958 -0.2172 0.6846
vn -0.6789 -0.1727 0.7136
vn -0.4537 -0.1498 0.8785
vn 0.1909 -0.1370 0.9720
vn 0.6525 -0.1462 0.7436
vn 0.6987 -0.1878 0.6904
vn 0.6887 -0.2342 0.6861
vn 0.7208 -0.2978 0.6258
vn 0.7486 -0.4756 0.4620
vn 0.9968 0.0795 0.0000
vn -0.9962 -0.0877 0.0000
vn -0.8488 -0.5136 0.1255
vn -0.6421 -0.4607 0.6127
vn -0.6567 -0.4576 0.5994
vn -0.6452 -0.4340 0.6288
vn -0.4449 -0.4770 0.7580
vn 0.1902 -0.5086 0.8397
vn 0.6248 -0.4234 0.6560
vn 0.6652 -0.4297 0.6107
vn 0.6725 -0.4998 0.5458
vn 0.7069 -0.6090 0.3597
vn 0.7544 -0.6564 -0.0000
vn 0.6895 -0.7243 -0.0000
vn 0.0000 0.0000 0.0000
vn -0.6893 -0.7245 0.0000
vn -0.7344 -0.6615 0.1520
vn -0.6645 -0.4499 0.5966
vn -0.6629 -0.4390 0.6065
vn -0.4624 -0.4902 0.7389
vn 0.1923 -0.5313 0.8251
vn 0.6385 -0.4271 0.6402
vn 0.6743 -0.4256 0.6034
vn 0.8891 -0.2442 0.3872
vn 0.7549 -0.6558 -0.0000
vn 0.6936 -0.7203 0.0000
vn 0.0000 0.0000 0.0000
vn -0.8536 -0.5210 -0.0000
vn -0.8132 -0.4095 0.4135
vn -0.6865 -0.4104 0.6002
vn -0.4980 -0.4584 0.7362
vn 0.1889 -0.4952 0.8480
vn 0.6658 -0.3781 0.6432
vn 0.7173 -0.4298 0.5484
vn 0.7454 -0.4959 0.4455
vn 0.9983 -0.0578 -0.0000
vn -0.9745 -0.2242 -0.0000
vn -0.8701 -0.4726 0.1402
vn -0.7060 -0.3340 0.6246
vn -0.5403 -0.3896 0.7459
vn 0.1761 -0.4524 0.8743
vn 0.6747 -0.3420 0.6540
vn 0.9166 -0.1698 0.3619
vn 0.8389 -0.5442 -0.0000
vn 0.6302 -0.7765 -0.0000
vn 0.0000 0.0000 0.0000
vn -0.9009 -0.4340 0.0000
vn -0.8931 -0.2187 0.3930
vn -0.5685 -0.1628 0.8064
vn 0.2103 -0.2893 0.9338
vn 0.7363 -0.3230 0.5945
vn 0.8328 -0.3625 0.4185
vn 0.9992 -0.0399 0.0000
vn -0.6151 0.7885 -0.0000
vn -0.8482 0.5297 0.0000
vn -0.9366 0.0996 0.3361
vn -0.4790 0.2085 0.8527
vn 0.3215 0.0998 0.9417
vn 0.8859 0.1650 0.4336
vn 0.9999 -0.0114 -0.0000
vn 0.5344 -0.8452 0.0000
vn -0.9993 0.0373 0.0000
vn -0.7870 0.4692 0.4005
vn -0.7216 0.4030 0.5629
vn -0.3740 0.4187 0.8276
vn 0.3708 0.3725 0.8507
vn 0.7163 0.2621 0.6467
vn 0.8900 0.4207 0.1758
vn 0.9727 0.2321 0.0000
vn -0.6500 0.7600 0.0000
vn -0.7965 0.6046 -0.0000
vn -0.9082 0.2058 0.3645
vn -0.6820 0.3789 0.6256
vn -0.3438 0.4694 0.8133
vn 0.3732 0.4555 0.8082
vn 0.6932 0.3605 0.6241
vn 0.8270 0.3764 0.4176
vn 0.8602 0.5099 0.0000
vn 0.0000 0.0000 -0.0000
vn -0.6833 0.7301 0.0000
vn -0.7814 0.6240 -0.0000
vn -0.7317 0.5592 0.3899
vn -0.7094 0.4630 0.5314
vn -0.6637 0.4182 0.6202
vn -0.3258 0.5079 0.7974
vn 0.3639 0.4988 0.7866
vn 0.6711 0.4071 0.6196
vn 0.6690 0.4163 0.6157
vn 0.7354 0.6544 0.1759
vn 0.6932 0.7208 0.0000
vn 0.0000 0.0000 0.0000
vn -0.9998 0.0219 0.0000
vn -0.6821 0.5521 0.4795
vn -0.6645 0.5084 0.5476
vn -0.6669 0.4533 0.5914
vn -0.6393 0.4491 0.6242
vn -0.3089 0.5369 0.7851
vn 0.3489 0.5329 0.7709
vn 0.6470 0.4472 0.6176
vn 0.6537 0.4581 0.6024
vn 0.6206 0.4614 0.6340
vn 0.8381 0.5249 0.1484
vn 0.9887 0.1502 -0.0000
vn -0.5945 0.8041 0.0000
vn -0.8215 0.5702 -0.0000
vn -0.8824 0.2114 0.4203
vn -0.6809 0.3792 0.6266
vn -0.6835 0.3628 0.6334
vn -0.6538 0.3512 0.6702
vn -0.3212 0.4209 0.8483
vn 0.3429 0.4361 0.8320
vn 0.6556 0.3800 0.6525
vn 0.6704 0.3887 0.6320
vn 0.6672 0.3902 0.6345
vn 0.7931 0.3774 0.4781
vn 0.8208 0.5713 0.0000
vn 0.0000 0.0000 -0.0000
vn -0.8296 -0.5583 0.0000
vn -0.9045 -0.0087 0.4263
vn -0.7959 0.0333 0.6044
vn -0.7348 -0.0302 0.6776
vn -0.7211 -0.0419 0.6916
vn -0.6912 -0.0463 0.7212
vn -0.3476 -0.0355 0.9370
vn 0.3272 -0.0095 0.9449
vn 0.6940 0.0116 0.7199
vn 0.7238 0.0142 0.6898
vn 0.7305 0.0018 0.6829
vn 0.7826 -0.0722 0.6183
vn 0.8981 -0.0400 0.4380
vn 0.7979 0.6027 0.0000
vn 0.0000 0.0000 0.0000
vn -0.7569 -0.6535 -0.0000
vn -0.7840 -0.4917 0.3789
vn -0.6690 -0.4134 0.6176
vn -0.6626 -0.4110 0.6261
vn -0.6457 -0.4031 0.6485
vn -0.3588 -0.4614 0.8114
vn 0.2954 -0.4504 0.8426
vn 0.6487 -0.3611 0.6699
vn 0.6840 -0.3582 0.6355
vn 0.6819 -0.3744 0.6284
vn 0.8790 -0.2204 0.4228
vn 0.7960 -0.6052 -0.0000
vn 0.6216 -0.7833 0.0000
vn 0.0000 0.0000 0.0000
vn -0.8742 -0.4855 -0.0000
vn -0.7033 -0.4755 0.5285
vn -0.6534 -0.4693 0.5940
vn -0.6418 -0.4550 0.6172
vn -0.3612 -0.5380 0.7617
vn 0.2779 -0.5550 0.7840
vn 0.6211 -0.4633 0.6322
vn 0.6614 -0.4519 0.5986
vn 0.6739 -0.4949 0.5486
vn 0.6822 -0.5507 0.4810
vn 0.9995 -0.0320 0.0000
vn -0.7352 -0.6778 -0.0000
vn -0.7920 -0.5923 0.1479
vn -0.6700 -0.4258 0.6081
vn -0.6696 -0.4166 0.6149
vn -0.3704 -0.5039 0.7803
vn 0.3042 -0.5259 0.7943
vn 0.6397 -0.4508 0.6225
vn 0.6856 -0.4938 0.5349
vn 0.7309 -0.5640 0.3844
vn 0.7838 -0.6210 -0.0000
vn 0.6843 -0.7292 -0.0000
vn 0.0000 0.0000 0.0000
vn -0.8532 -0.5216 0.0000
vn -0.8270 -0.3778 0.4164
vn -0.6913 -0.3787 0.6154
vn -0.3780 -0.4705 0.7973
vn 0.3355 -0.4834 0.8086
vn 0.6710 -0.4006 0.6239
vn 0.9059 -0.2144 0.3654
vn 0.7945 -0.6072 0.0000
vn 0.6552 -0.7555 -0.0000
vn -0.9708 -0.2399 0.0000
vn -0.8730 -0.4647 0.1478
vn -0.7000 -0.3183 0.6393
vn -0.3950 -0.4160 0.8191
vn 0.3593 -0.4246 0.8310
vn 0.7185 -0.3991 0.5696
vn 0.7937 -0.4370 0.4232
vn 0.9990 -0.0450 -0.0000
vn 0.0000 0.0000 0.0000
vn -0.8939 -0.4482 -0.0000
vn -0.8852 -0.2160 0.4119
vn -0.4409 -0.1509 0.8848
vn 0.4058 -0.1587 0.9001
vn 0.9435 -0.0483 0.3278
vn 0.8836 -0.4683 -0.0000
vn 0.6090 -0.7932 -0.0000
vn -0.6186 0.7857 -0.0000
vn -0.8543 0.5198 0.0000
vn -0.9338 0.1009 0.3433
vn -0.4186 0.2703 0.8670
vn 0.3957 0.2713 0.8774
vn 0.8674 0.2755 0.4144
vn 0.8888 0.4583 0.0000
vn 0.0000 0.0000 0.0000
vn -0.9992 0.0412 0.0000
vn -0.7878 0.4645 0.4046
vn -0.7277 0.3969 0.5594
vn -0.3810 0.4517 0.8067
vn 0.3494 0.4684 0.8115
vn 0.6884 0.3717 0.6229
vn 0.8705 0.4683 0.1513
vn 0.9622 0.2722 0.0000
vn -0.6520 0.7582 0.0000
vn -0.7930 0.6092 0.0000
vn -0.9095 0.1957 0.3668
vn -0.7015 0.3532 0.6190
vn -0.3910 0.4610 0.7967
vn 0.3220 0.4915 0.8091
vn 0.6755 0.4039 0.6169
vn 0.8161 0.4060 0.4112
vn 0.8669 0.4986 0.0000
vn 0.0000 0.0000 -0.0000
vn -0.6877 0.7260 0.0000
vn -0.7724 0.6351 -0.0000
vn -0.7217 0.5600 0.4069
vn -0.7141 0.4468 0.5388
vn -0.6911 0.3820 0.6136
vn -0.3977 0.4793 0.7824
vn 0.2964 0.5117 0.8064
vn 0.6580 0.4210 0.6243
vn 0.6819 0.4195 0.5992
vn 0.7402 0.6478 0.1803
vn 0.6916 0.7223 0.0000
vn 0.0000 0.0000 0.0000
vn -1.0000 0.0032 0.0000
vn -0.6748 0.5563 0.4850
vn -0.6465 0.5084 0.5689
vn -0.6646 0.4364 0.6065
vn -0.6726 0.4065 0.6184
vn -0.3987 0.4887 0.7760
vn 0.2740 0.5272 0.8044
vn 0.6395 0.4394 0.6309
vn 0.6703 0.4399 0.5976
vn 0.6456 0.4521 0.6155
vn 0.7658 0.6225 0.1615
vn 0.6143 0.7891 0.0000
vn -0.5557 0.8314 0.0000
vn -0.8599 0.5105 0.0000
vn -0.8746 0.1696 0.4543
vn -0.6757 0.3064 0.6705
vn -0.6894 0.2737 0.6707
vn -0.6951 0.2156 0.6858
vn -0.4325 0.2283 0.8723
vn 0.2463 0.2901 0.9248
vn 0.6565 0.3011 0.6916
vn 0.6891 0.3322 0.6440
vn 0.6794 0.3667 0.6356
vn 0.7051 0.3740 0.6025
vn 0.8856 0.4644 -0.0000
vn 0.0000 0.0000 0.0000
vn -0.9041 -0.4273 -0.0000
vn -0.9095 -0.0914 0.4055
vn -0.7723 -0.0547 0.6330
vn -0.6931 -0.1712 0.7002
vn -0.6753 -0.2037 0.7088
vn -0.6640 -0.2467 0.7058
vn -0.4512 -0.3060 0.8383
vn 0.1791 -0.2758 0.9444
vn 0.6323 -0.1808 0.7533
vn 0.6996 -0.1135 0.7054
vn 0.7103 -0.0654 0.7009
vn 0.7572 -0.0640 0.6501
vn 0.8511 -0.2114 0.4805
vn 0.9778 0.2094 0.0000
vn 0.0000 0.0000 0.0000
vn -0.6459 -0.7634 -0.0000
vn -0.7271 -0.6471 0.2292
vn -0.5830 -0.5040 0.6373
vn -0.5757 -0.5323 0.6207
vn -0.5720 -0.5348 0.6219
vn -0.4068 -0.5928 0.6950
vn 0.1263 -0.6309 0.7655
vn 0.5228 -0.5377 0.6614
vn 0.5897 -0.4987 0.6353
vn 0.6419 -0.5084 0.5740
vn 0.6282 -0.6773 0.3830
vn 0.7383 -0.6744 -0.0000
vn 0.7504 -0.6610 -0.0000
vn 0.0000 0.0000 0.0000
vn -0.7054 -0.7088 -0.0000
vn -0.6908 -0.7011 0.1769
vn -0.5457 -0.5654 0.6185
vn -0.5616 -0.5691 0.6006
vn -0.3971 -0.6263 0.6709
vn 0.1201 -0.6777 0.7255
vn 0.4990 -0.5967 0.6284
vn 0.5848 -0.6069 0.5383
vn 0.6629 -0.6816 0.3097
vn 0.6857 -0.7279 -0.0000
vn 0.6214 -0.7835 0.0000
vn 0.0000 0.0000 0.0000
vn -0.7105 -0.7037 0.0000
vn -0.6972 -0.6987 0.1603
vn -0.5556 -0.5552 0.6189
vn -0.3951 -0.6310 0.6676
vn 0.1274 -0.6825 0.7197
vn 0.5349 -0.6318 0.5609
vn 0.6767 -0.6669 0.3120
vn 0.7018 -0.7123 -0.0000
vn 0.7212 -0.6927 0.0000
vn 0.0000 0.0000 0.0000
vn -0.7056 -0.7086 -0.0000
vn -0.6945 -0.6980 0.1745
vn -0.3758 -0.6279 0.6816
vn 0.1467 -0.7139 0.6847
vn 0.7277 -0.5600 0.3961
vn 0.7256 -0.6881 0.0000
vn 0.6934 -0.7206 0.0000
vn 0.0000 0.0000 0.0000
vn -0.7223 -0.6915 0.0000
vn -0.4451 -0.8648 0.2323
vn 0.2949 -0.8217 0.4877
vn 0.6970 -0.7171 -0.0000
vn 0.8642 -0.5032 0.0000
vn 0.0000 0.0000 0.0000
vn -0.1630 -0.9866 0.0000
vn -0.0792 -0.9969 -0.0000
vn 0.4697 -0.8828 0.0000
vn -0.4982 0.7179 -0.4862
vn 0.3710 0.8796 -0.2979
vn -0.6488 0.6266 -0.4318
vn -0.4025 0.6660 -0.6281
vn 0.1419 0.6776 -0.7216
vn 0.6613 0.7085 -0.2465
vn -0.6396 0.6207 -0.4535
vn -0.5936 0.5797 -0.5582
vn -0.3915 0.6229 -0.6773
vn 0.1475 0.6706 -0.7270
vn 0.5309 0.5686 -0.6283
vn 0.7026 0.6873 -0.1845
vn -0.6149 0.6476 -0.4500
vn -0.5873 0.5918 -0.5521
vn -0.5660 0.5643 -0.6010
vn -0.3857 0.6248 -0.6788
vn 0.1513 0.6636 -0.7326
vn 0.5323 0.5718 -0.6242
vn 0.5763 0.5523 -0.6024
vn 0.6970 0.6953 -0.1756
vn -0.6481 0.6199 -0.4423
vn -0.5945 0.5746 -0.5625
vn -0.5663 0.5606 -0.6042
vn -0.5611 0.5557 -0.6135
vn -0.3779 0.6056 -0.7003
vn 0.1593 0.6375 -0.7538
vn 0.5356 0.5495 -0.6412
vn 0.5829 0.5355 -0.6111
vn 0.5734 0.5381 -0.6178
vn 0.7041 0.6760 -0.2174
vn -0.8828 0.1180 -0.4547
vn -0.6859 0.2577 -0.6805
vn -0.6564 0.3003 -0.6921
vn -0.6295 0.3261 -0.7053
vn -0.4134 0.3830 -0.8261
vn 0.1854 0.4001 -0.8975
vn 0.6047 0.3257 -0.7268
vn 0.6609 0.2851 -0.6942
vn 0.6675 0.2624 -0.6968
vn 0.6688 0.2333 -0.7059
vn 0.8748 0.3899 -0.2876
vn -0.8909 -0.1709 -0.4208
vn -0.7105 -0.2543 -0.6562
vn -0.6958 -0.2172 -0.6846
vn -0.6789 -0.1727 -0.7136
vn -0.4537 -0.1498 -0.8785
vn 0.1909 -0.1370 -0.9720
vn 0.6525 -0.1462 -0.7436
vn 0.6987 -0.1878 -0.6904
vn 0.6887 -0.2342 -0.6861
vn 0.7208 -0.2978 -0.6258
vn 0.7486 -0.4756 -0.4620
vn -0.8488 -0.5136 -0.1255
vn -0.6421 -0.4607 -0.6127
vn -0.6567 -0.4576 -0.5994
vn -0.6452 -0.4340 -0.6288
vn -0.4449 -0.4770 -0.7580
vn 0.1902 -0.5086 -0.8397
vn 0.6248 -0.4234 -0.6560
vn 0.6652 -0.4297 -0.6107
vn 0.6725 -0.4998 -0.5458
vn 0.7069 -0.6090 -0.3597
vn -0.7344 -0.6615 -0.1520
vn -0.6645 -0.4499 -0.5966
vn -0.6629 -0.4390 -0.6065
vn -0.4624 -0.4902 -0.7389
vn 0.1923 -0.5313 -0.8251
vn 0.6385 -0.4271 -0.6402
vn 0.6743 -0.4256 -0.6034
vn 0.8891 -0.2442 -0.3872
vn -0.8132 -0.4095 -0.4135
vn -0.6865 -0.4104 -0.6002
vn -0.4980 -0.4584 -0.7362
vn 0.1889 -0.4952 -0.8480
vn 0.6658 -0.3781 -0.6432
vn 0.7173 -0.4298 -0.5484
vn 0.7454 -0.4959 -0.4455
vn -0.8701 -0.4726 -0.1402
vn -0.7060 -0.3340 -0.6246
vn -0.5403 -0.3896 -0.7459
vn 0.1761 -0.4524 -0.8743
vn 0.6747 -0.3420 -0.6540
vn 0.9166 -0.1698 -0.3619
vn -0.8931 -0.2187 -0.3930
vn -0.5685 -0.1628 -0.8064
vn 0.2103 -0.2893 -0.9338
vn 0.7363 -0.3230 -0.5945
vn 0.8328 -0.3625 -0.4185
vn -0.9366 0.0996 -0.3361
vn -0.4790 0.2085 -0.8527
vn 0.3215 0.0998 -0.9417
vn 0.8859 0.1650 -0.4336
vn -0.7870 0.4692 -0.4005
vn -0.7216 0.4030 -0.5629
vn -0.3740 0.4187 -0.8276
vn 0.3708 0.3725 -0.8507
vn 0.7163 0.2621 -0.6467
vn 0.8900 0.4207 -0.1758
vn -0.9082 0.2058 -0.3645
vn -0.6820 0.3789 -0.6256
vn -0.3438 0.4694 -0.8133
vn 0.3732 0.4555 -0.8082
vn 0.6932 0.3605 -0.6241
vn 0.8270 0.3764 -0.4176
vn -0.7317 0.5592 -0.3899
vn -0.7094 0.4630 -0.5314
vn -0.6637 0.4182 -0.6202
vn -0.3258 0.5079 -0.7974
vn 0.3639 0.4988 -0.7866
vn 0.6711 0.4071 -0.6196
vn 0.6690 0.4163 -0.6157
vn 0.7354 0.6544 -0.1759
vn -0.6821 0.5521 -0.4795
vn -0.6645 0.5084 -0.5476
vn -0.6669 0.4533 -0.5914
vn -0.6393 0.4491 -0.6242
vn -0.3089 0.5369 -0.7851
vn 0.3489 0.5329 -0.7709
vn 0.6470 0.4472 -0.6176
vn 0.6537 0.4581 -0.6024
vn 0.6206 0.4614 -0.6340
vn 0.8381 0.5249 -0.1484
vn -0.8824 0.2114 -0.4203
vn -0.6809 0.3792 -0.6266
vn -0.6835 0.3628 -0.6334
vn -0.6538 0.3512 -0.6702
vn -0.3212 0.4209 -0.8483
vn 0.3429 0.4361 -0.8320
vn 0.6556 0.3800 -0.6525
vn 0.6704 0.3887 -0.6320
vn 0.6672 0.3902 -0.6345
vn 0.7931 0.3774 -0.4781
vn -0.9045 -0.0087 -0.4263
vn -0.7959 0.0333 -0.6044
vn -0.7348 -0.0302 -0.6776
vn -0.7211 -0.0419 -0.6916
vn -0.6912 -0.0463 -0.7212
vn -0.3476 -0.0355 -0.9370
vn 0.3272 -0.0095 -0.9449
vn 0.6940 0.0116 -0.7199
vn 0.7238 0.0142 -0.6898
vn 0.7305 0.0018 -0.6829
vn 0.7826 -0.0722 -0.6183
vn 0.8981 -0.0400 -0.4380
vn -0.7840 -0.4917 -0.3789
vn -0.6690 -0.4134 -0.6176
vn -0.6626 -0.4110 -0.6261
vn -0.6457 -0.4031 -0.6485
vn -0.3588 -0.4614 -0.8114
vn 0.2954 -0.4504 -0.8426
vn 0.6487 -0.3611 -0.6699
vn 0.6840 -0.3582 -0.6355
vn 0.6819 -0.3744 -0.6284
vn 0.8790 -0.2204 -0.4228
vn -0.7033 -0.4755 -0.5285
vn -0.6534 -0.4693 -0.5940
vn -0.6418 -0.4550 -0.6172
vn -0.3612 -0.5380 -0.7617
vn 0.2779 -0.5550 -0.7840
vn 0.6211 -0.4633 -0.6322
vn 0.6614 -0.4519 -0.5986
vn 0.6739 -0.4949 -0.5486
vn 0.6822 -0.5507 -0.4810
vn -0.7920 -0.5923 -0.1479
vn -0.6700 -0.4258 -0.6081
vn -0.6696 -0.4166 -0.6149
vn -0.3704 -0.5039 -0.7803
vn 0.3042 -0.5259 -0.7943
vn 0.6397 -0.4508 -0.6225
vn 0.6856 -0.4938 -0.5349
vn 0.7309 -0.5640 -0.3844
vn -0.8270 -0.3778 -0.4164
vn -0.6913 -0.3787 -0.6154
vn -0.3780 -0.4705 -0.7973
vn 0.3355 -0.4834 -0.8086
vn 0.6710 -0.4006 -0.6239
vn 0.9059 -0.2144 -0.3654
vn -0.8730 -0.4647 -0.1478
vn -0.7000 -0.3183 -0.6393
vn -0.3950 -0.4160 -0.8191
vn 0.3593 -0.4246 -0.8310
vn 0.7185 -0.3991 -0.5696
vn 0.7937 -0.4370 -0.4232
vn -0.8852 -0.2160 -0.4119
vn -0.4409 -0.1509 -0.8848
vn 0.4058 -0.1587 -0.9001
vn 0.9435 -0.0483 -0.3278
vn -0.9338 0.1009 -0.3433
vn -0.4186 0.2703 -0.8670
vn 0.3957 0.2713 -0.8774
vn 0.8674 0.2755 -0.4144
vn -0.7878 0.4645 -0.4046
vn -0.7277 0.3969 -0.5594
vn -0.3810 0.4517 -0.8067
vn 0.3494 0.4684 -0.8115
vn 0.6884 0.3717 -0.6229
vn 0.8705 0.4683 -0.1513
vn -0.9095 0.1957 -0.3668
vn -0.7015 0.3532 -0.6190
vn -0.3910 0.4610 -0.7967
vn 0.3220 0.4915 -0.8091
vn 0.6755 0.4039 -0.6169
vn 0.8161 0.4060 -0.4112
vn -0.7217 0.5600 -0.4069
vn -0.7141 0.4468 -0.5388
vn -0.6911 0.3820 -0.6136
vn -0.3977 0.4793 -0.7824
vn 0.2964 0.5117 -0.8064
vn 0.6580 0.4210 -0.6243
vn 0.6819 0.4195 -0.5992
vn 0.7402 0.6478 -0.1803
vn -0.6748 0.5563 -0.4850
vn -0.6465 0.5084 -0.5689
vn -0.6646 0.4364 -0.6065
vn -0.6726 0.4065 -0.6184
vn -0.3987 0.4887 -0.7760
vn 0.2740 0.5272 -0.8044
vn 0.6395 0.4394 -0.6309
vn 0.6703 0.4399 -0.5976
vn 0.6456 0.4521 -0.6155
vn 0.7658 0.6225 -0.1615
vn -0.8746 0.1696 -0.4543
vn -0.6757 0.3064 -0.6705
vn -0.6894 0.2737 -0.6707
vn -0.6951 0.2156 -0.6858
vn -0.4325 0.2283 -0.8723
vn 0.2463 0.2901 -0.9248
vn 0.6565 0.3011 -0.6916
vn 0.6891 0.3322 -0.6440
vn 0.6794 0.3667 -0.6356
vn 0.7051 0.3740 -0.6025
vn -0.9095 -0.0914 -0.4055
vn -0.7723 -0.0547 -0.6330
vn -0.6931 -0.1712 -0.7002
vn -0.6753 -0.2037 -0.7088
vn -0.6640 -0.2467 -0.7058
vn -0.4512 -0.3060 -0.8383
vn 0.1791 -0.2758 -0.9444
vn 0.6323 -0.1808 -0.7533
vn 0.6996 -0.1135 -0.7054
vn 0.7103 -0.0654 -0.7009
vn 0.7572 -0.0640 -0.6501
vn 0.8511 -0.2114 -0.4805
vn -0.7271 -0.6471 -0.2292
vn -0.5830 -0.5040 -0.6373
vn -0.5757 -0.5323 -0.6207
vn -0.5720 -0.5348 -0.6219
vn -0.4068 -0.5928 -0.6950
vn 0.1263 -0.6309 -0.7655
vn 0.5228 -0.5377 -0.6614
vn 0.5897 -0.4987 -0.6353
vn 0.6419 -0.5084 -0.5740
vn 0.6282 -0.6773 -0.3830
vn -0.6908 -0.7011 -0.1769
vn -0.5457 -0.5654 -0.6185
vn -0.5616 -0.5691 -0.6006
vn -0.3971 -0.6263 -0.6709
vn 0.1201 -0.6777 -0.7255
vn 0.4990 -0.5967 -0.6284
vn 0.5848 -0.6069 -0.5383
vn 0.6629 -0.6816 -0.3097
vn -0.6972 -0.6987 -0.1603
vn -0.5556 -0.5552 -0.6189
vn -0.3951 -0.6310 -0.6676
vn 0.1274 -0.6825 -0.7197
vn 0.5349 -0.6318 -0.5609
vn 0.6767 -0.6669 -0.3120
vn -0.6945 -0.6980 -0.1745
vn -0.3758 -0.6279 -0.6816
vn 0.1467 -0.7139 -0.6847
vn 0.7277 -0.5600 -0.3961
vn -0.4451 -0.8648 -0.2323
vn 0.2949 -0.8217 -0.4877
vn -0.7138 0.7004 0.0000
vn 0.0908 0.9959 0.0000
vn 0.5276 0.8495 0.0000
vn 0.0000 0.0000 -0.0000
vn -0.6754 0.7375 -0.0000
vn -0.7110 0.7032 0.0000
vn -0.4899 0.7038 0.5145
vn 0.3752 0.8771 0.2998
vn 0.7695 0.6387 0.0000
vn 0.0000 0.0000 0.0000
vn -0.6921 0.7218 0.0000
vn -0.7412 0.6713 0.0000
vn -0.6450 0.6091 0.4614
vn -0.4123 0.6599 0.6281
vn 0.1104 0.6882 0.7171
vn 0.6467 0.7204 0.2506
vn 0.7065 0.7077 0.0000
vn 0.0000 0.0000 0.0000
vn -0.7295 0.6840 0.0000
vn -0.6911 0.7227 0.0000
vn -0.6252 0.6038 0.4945
vn -0.5979 0.5684 0.5652
vn -0.4217 0.6134 0.6677
vn 0.1050 0.6811 0.7246
vn 0.5094 0.5853 0.6308
vn 0.6975 0.6894 0.1953
vn 0.7064 0.7078 -0.0000
vn 0.0000 0.0000 0.0000
vn -0.7307 0.6827 0.0000
vn -0.6682 0.7440 0.0000
vn -0.5961 0.6424 0.4817
vn -0.5793 0.5881 0.5644
vn -0.5712 0.5587 0.6013
vn -0.4229 0.6133 0.6671
vn 0.1026 0.6705 0.7348
vn 0.5131 0.5849 0.6282
vn 0.5654 0.5621 0.6036
vn 0.6915 0.6970 0.1897
vn 0.7088 0.7054 -0.0000
vn 0.0000 0.0000 -0.0000
vn -0.9959 -0.0907 0.0000
vn -0.6380 0.6144 0.4642
vn -0.5818 0.5728 0.5774
vn -0.5605 0.5594 0.6106
vn -0.5693 0.5540 0.6074
vn -0.4160 0.6020 0.6816
vn 0.1027 0.6534 0.7500
vn 0.5076 0.5731 0.6434
vn 0.5706 0.5538 0.6063
vn 0.5714 0.5458 0.6128
vn 0.7051 0.6718 0.2268
vn 0.6597 0.7515 0.0000
vn 0.0000 0.0000 0.0000
vn -0.9970 -0.0769 0.0000
vn -0.8781 0.1271 0.4613
vn -0.6696 0.2742 0.6903
vn -0.6525 0.3175 0.6881
vn -0.6395 0.3401 0.6895
vn -0.4616 0.3955 0.7941
vn 0.1186 0.4256 0.8971
vn 0.5741 0.3548 0.7379
vn 0.6544 0.3041 0.6923
vn 0.6741 0.2703 0.6874
vn 0.6810 0.2334 0.6941
vn 0.8776 0.3879 0.2817
vn 0.8992 0.4374 0.0000
vn -0.9955 0.0950 0.0000
vn -0.8847 -0.1569 0.4390
vn -0.7014 -0.2289 0.6750
vn -0.6992 -0.1910 0.6889
vn -0.6929 -0.1461 0.7061
vn -0.5076 -0.1226 0.8528
vn 0.1254 -0.1119 0.9858
vn 0.6308 -0.1310 0.7648
vn 0.7001 -0.1816 0.6905
vn 0.7004 -0.2297 0.6758
vn 0.7339 -0.2923 0.6132
vn 0.7507 -0.4878 0.4455
vn 0.9965 0.0836 0.0000
vn -0.9961 -0.0887 -0.0000
vn -0.8474 -0.5127 0.1380
vn -0.6287 -0.4637 0.6243
vn -0.6551 -0.4540 0.6040
vn -0.6585 -0.4214 0.6235
vn -0.4957 -0.4506 0.7424
vn 0.1305 -0.4962 0.8584
vn 0.6146 -0.4192 0.6683
vn 0.6713 -0.4264 0.6063
vn 0.6829 -0.4952 0.5371
vn 0.7114 -0.6143 0.3414
vn 0.7512 -0.6601 0.0000
vn 0.6952 -0.7188 0.0000
vn 0.0000 0.0000 0.0000
vn -0.6938 -0.7201 0.0000
vn -0.7292 -0.6683 0.1472
vn -0.6599 -0.4549 0.5980
vn -0.6760 -0.4326 0.5966
vn -0.5130 -0.4707 0.7178
vn 0.1327 -0.5304 0.8373
vn 0.6307 -0.4291 0.6466
vn 0.6830 -0.4253 0.5938
vn 0.8914 -0.2526 0.3763
vn 0.7532 -0.6577 0.0000
vn 0.6947 -0.7193 -0.0000
vn 0.0000 0.0000 0.0000
vn -0.7989 -0.6015 0.0000
vn -0.7933 -0.5200 0.3165
vn -0.6971 -0.4032 0.5929
vn -0.5387 -0.4558 0.7086
vn 0.1301 -0.5186 0.8450
vn 0.6542 -0.4008 0.6414
vn 0.7239 -0.4384 0.5327
vn 0.7523 -0.5128 0.4136
vn 0.9984 -0.0557 -0.0000
vn 0.0000 0.0000 0.0000
vn -0.8815 -0.4722 -0.0000
vn -0.7615 -0.3802 0.5250
vn -0.5568 -0.4369 0.7065
vn 0.1208 -0.5136 0.8495
vn 0.6588 -0.3835 0.6472
vn 0.9194 -0.1822 0.3485
vn 0.8323 -0.5543 -0.0000
vn 0.6328 -0.7743 -0.0000
vn -0.9027 -0.4303 0.0000
vn -0.8719 -0.2749 0.4052
vn -0.5685 -0.4040 0.7166
vn 0.1144 -0.4838 0.8676
vn 0.6904 -0.4126 0.5942
vn 0.7935 -0.4566 0.4022
vn 0.9997 -0.0254 -0.0000
vn -0.9801 -0.1986 0.0000
vn -0.8961 -0.3980 0.1963
vn -0.5855 -0.3010 0.7527
vn 0.1053 -0.3740 0.9214
vn 0.9031 -0.1392 0.4063
vn 0.8510 -0.5251 -0.0000
vn 0.6028 -0.7979 -0.0000
vn -0.6415 0.7671 0.0000
vn -0.9959 0.0904 -0.0000
vn -0.8210 -0.1509 0.5507
vn 0.0833 0.0733 0.9938
vn 0.8581 0.2318 0.4582
vn 0.9003 0.4352 0.0000
vn 0.0000 0.0000 -0.0000
vn -0.7070 0.7073 0.0000
vn -0.7045 0.7097 -0.0000
vn -0.7560 0.5062 0.4150
vn -0.5534 0.5258 0.6459
vn 0.0485 0.5463 0.8362
vn 0.5641 0.4555 0.6887
vn 0.7353 0.6584 0.1607
vn 0.7147 0.6994 0.0000
vn 0.0000 0.0000 -0.0000
vn -0.7313 0.6821 0.0000
vn -0.6853 0.7282 -0.0000
vn -0.6487 0.6489 0.3977
vn -0.5960 0.5878 0.5471
vn -0.4589 0.5945 0.6603
vn 0.0411 0.6653 0.7455
vn 0.5085 0.5813 0.6353
vn 0.5712 0.5428 0.6157
vn 0.7016 0.7010 0.1278
vn 0.7116 0.7026 -0.0000
vn 0.0000 0.0000 0.0000
vn -0.7261 0.6876 0.0000
vn -0.6821 0.7313 -0.0000
vn -0.6352 0.6684 0.3871
vn -0.5896 0.5943 0.5470
vn -0.5615 0.5637 0.6058
vn -0.4471 0.5995 0.6638
vn 0.0377 0.6652 0.7457
vn 0.4894 0.5907 0.6416
vn 0.5734 0.5672 0.5912
vn 0.5489 0.5636 0.6174
vn 0.6941 0.7044 0.1487
vn 0.7030 0.7112 0.0000
vn 0.0000 0.0000 -0.0000
vn -0.9891 -0.1476 -0.0000
vn -0.6940 0.5884 0.4150
vn -0.6392 0.4933 0.5899
vn -0.5991 0.4797 0.6410
vn -0.5864 0.4890 0.6458
vn -0.4620 0.5354 0.7071
vn 0.0390 0.5966 0.8016
vn 0.5049 0.5211 0.6881
vn 0.5984 0.4871 0.6362
vn 0.6009 0.4875 0.6335
vn 0.5964 0.4592 0.6584
vn 0.8567 0.4729 0.2059
vn 0.9981 0.0612 0.0000
vn -0.9946 -0.1036 0.0000
vn -0.8856 -0.0164 0.4641
vn -0.7080 0.0311 0.7055
vn -0.6964 0.0683 0.7144
vn -0.6835 0.1093 0.7217
vn -0.5395 0.1663 0.8254
vn 0.0441 0.1918 0.9804
vn 0.5824 0.1526 0.7985
vn 0.6885 0.1000 0.7183
vn 0.6937 0.0663 0.7172
vn 0.6995 0.0454 0.7132
vn 0.8819 0.0394 0.4698
vn 0.9978 0.0658 -0.0000
vn -0.9965 -0.0837 -0.0000
vn -0.8693 -0.4574 0.1874
vn -0.6605 -0.3899 0.6417
vn -0.6715 -0.3684 0.6429
vn -0.6753 -0.3275 0.6609
vn -0.5521 -0.3221 0.7690
vn 0.0471 -0.3402 0.9392
vn 0.5953 -0.3132 0.7400
vn 0.6804 -0.3293 0.6547
vn 0.6624 -0.3738 0.6492
vn 0.6786 -0.4305 0.5951
vn 0.7170 -0.5366 0.4450
vn 0.9949 0.1009 -0.0000
vn 0.0000 0.0000 0.0000
vn -0.6928 -0.7211 -0.0000
vn -0.7261 -0.6640 0.1786
vn -0.6562 -0.4583 0.5995
vn -0.6638 -0.4332 0.6097
vn -0.5391 -0.4641 0.7029
vn 0.0488 -0.5465 0.8360
vn 0.5798 -0.4611 0.6718
vn 0.6640 -0.4417 0.6034
vn 0.6717 -0.5057 0.5414
vn 0.7047 -0.6019 0.3756
vn 0.7467 -0.6652 0.0000
vn 0.6974 -0.7167 0.0000
vn 0.0000 0.0000 0.0000
vn -0.8620 -0.5068 0.0000
vn -0.8079 -0.4251 0.4081
vn -0.6867 -0.4125 0.5986
vn -0.5594 -0.4430 0.7006
vn 0.0606 -0.5255 0.8486
vn 0.6080 -0.4332 0.6653
vn 0.6763 -0.4207 0.6047
vn 0.8906 -0.2375 0.3879
vn 0.7708 -0.6371 0.0000
vn 0.6851 -0.7284 0.0000
vn -0.9723 -0.2337 0.0000
vn -0.8611 -0.4918 0.1294
vn -0.7007 -0.3819 0.6027
vn -0.5859 -0.4155 0.6958
vn 0.0633 -0.4928 0.8679
vn 0.6371 -0.3877 0.6661
vn 0.7175 -0.4276 0.5499
vn 0.7495 -0.4763 0.4599
vn 0.9983 -0.0582 -0.0000
vn 0.0000 0.0000 0.0000
vn -0.8681 -0.4964 0.0000
vn -0.8449 -0.3490 0.4054
vn -0.6217 -0.3591 0.6961
vn 0.0566 -0.4383 0.8970
vn 0.6560 -0.3302 0.6787
vn 0.9220 -0.1606 0.3522
vn 0.8394 -0.5435 0.0000
vn 0.6070 -0.7947 0.0000
vn -0.9997 -0.0242 0.0000
vn -0.9415 -0.0572 0.3320
vn -0.6749 -0.1451 0.7235
vn 0.0473 -0.1908 0.9805
vn 0.6941 -0.1271 0.7085
vn 0.9363 -0.0475 0.3479
vn 0.9998 -0.0176 -0.0000
vn -0.9997 0.0245 0.0000
vn -0.9358 0.0802 0.3432
vn -0.6645 0.1838 0.7244
vn 0.0302 0.2487 0.9681
vn 0.6870 0.1869 0.7022
vn 0.9312 0.0794 0.3558
vn 0.9998 0.0197 -0.0000
vn -0.6226 0.7825 -0.0000
vn -0.8221 0.5693 0.0000
vn -0.9191 0.1806 0.3501
vn -0.6151 0.3728 0.6947
vn 0.0248 0.4669 0.8840
vn 0.6379 0.3687 0.6761
vn 0.8368 0.3623 0.4105
vn 0.8689 0.4950 0.0000
vn 0.0000 0.0000 -0.0000
vn -0.9987 0.0507 0.0000
vn -0.7543 0.5205 0.4001
vn -0.7246 0.4309 0.5378
vn -0.5974 0.4185 0.6841
vn 0.0232 0.5167 0.8559
vn 0.6110 0.4179 0.6723
vn 0.6949 0.3895 0.6045
vn 0.8598 0.4941 0.1291
vn 0.9724 0.2334 0.0000
vn -0.6921 0.7218 0.0000
vn -0.7583 0.6520 0.0000
vn -0.8929 0.2486 0.3754
vn -0.6801 0.4242 0.5979
vn -0.5755 0.4583 0.6773
vn 0.0225 0.5553 0.8313
vn 0.5891 0.4528 0.6693
vn 0.6815 0.4238 0.5966
vn 0.8044 0.4320 0.4078
vn 0.8621 0.5068 -0.0000
vn 0.0000 0.0000 0.0000
vn -0.7051 0.7091 0.0000
vn -0.7390 0.6737 0.0000
vn -0.7103 0.6197 0.3339
vn -0.6753 0.5081 0.5346
vn -0.6665 0.4474 0.5963
vn -0.5554 0.4869 0.6742
vn 0.0227 0.5834 0.8119
vn 0.5694 0.4846 0.6641
vn 0.6628 0.4518 0.5971
vn 0.6556 0.4650 0.5949
vn 0.7256 0.6628 0.1853
vn 0.6892 0.7246 0.0000
vn 0.0000 0.0000 -0.0000
vn -0.9926 -0.1212 0.0000
vn -0.7319 0.5471 0.4062
vn -0.7058 0.3898 0.5915
vn -0.6784 0.3562 0.6425
vn -0.6912 0.3437 0.6357
vn -0.5794 0.3766 0.7228
vn 0.0171 0.4466 0.8945
vn 0.5883 0.3851 0.7111
vn 0.6874 0.3548 0.6337
vn 0.6860 0.3628 0.6307
vn 0.6704 0.3696 0.6435
vn 0.8720 0.4469 0.1998
vn 0.9898 0.1426 0.0000
vn -0.9968 -0.0796 0.0000
vn -0.8874 -0.0669 0.4562
vn -0.7223 -0.0788 0.6871
vn -0.7309 -0.0627 0.6796
vn -0.7363 -0.0478 0.6749
vn -0.6134 -0.0430 0.7886
vn 0.0119 -0.0412 0.9991
vn 0.6204 -0.0387 0.7833
vn 0.7334 -0.0431 0.6784
vn 0.7329 -0.0536 0.6782
vn 0.7219 -0.0475 0.6903
vn 0.8866 -0.0052 0.4625
vn 0.9981 0.0612 0.0000
vn -0.9966 -0.0829 0.0000
vn -0.8644 -0.4674 0.1856
vn -0.6496 -0.4061 0.6427
vn -0.6764 -0.4047 0.6154
vn -0.6884 -0.3857 0.6143
vn -0.5804 -0.4160 0.7001
vn 0.0121 -0.4887 0.8724
vn 0.5864 -0.4123 0.6973
vn 0.6872 -0.3862 0.6153
vn 0.6722 -0.4110 0.6158
vn 0.6731 -0.4609 0.5784
vn 0.7181 -0.5451 0.4326
vn 0.9958 0.0916 -0.0000
vn 0.0000 0.0000 0.0000
vn -0.6925 -0.7214 0.0000
vn -0.7307 -0.6560 0.1894
vn -0.6619 -0.4395 0.6072
vn -0.6808 -0.4293 0.5935
vn -0.5733 -0.4707 0.6706
vn 0.0122 -0.5733 0.8193
vn 0.5775 -0.4719 0.6661
vn 0.6814 -0.4319 0.5909
vn 0.6924 -0.4900 0.5297
vn 0.7167 -0.5904 0.3712
vn 0.7536 -0.6573 -0.0000
vn 0.6909 -0.7230 -0.0000
vn 0.0000 0.0000 0.0000
vn -0.8656 -0.5008 -0.0000
vn -0.8128 -0.4053 0.4185
vn -0.6982 -0.3915 0.5994
vn -0.5968 -0.4238 0.6813
vn 0.0164 -0.5249 0.8510
vn 0.6026 -0.4253 0.6753
vn 0.6948 -0.3960 0.6004
vn 0.9023 -0.2194 0.3711
vn 0.7833 -0.6217 -0.0000
vn 0.6767 -0.7363 -0.0000
vn -0.9698 -0.2440 0.0000
vn -0.8656 -0.4766 0.1536
vn -0.7097 -0.3461 0.6136
vn -0.6235 -0.3726 0.6873
vn 0.0179 -0.4623 0.8865
vn 0.6327 -0.3636 0.6837
vn 0.7425 -0.3945 0.5414
vn 0.7680 -0.4822 0.4215
vn 0.9989 -0.0475 -0.0000
vn 0.0000 0.0000 0.0000
vn -0.8762 -0.4819 0.0000
vn -0.8546 -0.3199 0.4090
vn -0.6501 -0.3117 0.6930
vn 0.0141 -0.4019 0.9156
vn 0.6507 -0.3075 0.6943
vn 0.9265 -0.1518 0.3443
vn 0.8371 -0.5471 0.0000
vn 0.6086 -0.7935 0.0000
vn -0.9998 -0.0219 -0.0000
vn -0.9484 -0.0458 0.3137
vn -0.6895 -0.1099 0.7159
vn 0.0115 -0.1571 0.9875
vn 0.6899 -0.1083 0.7158
vn 0.9472 -0.0371 0.3186
vn 1.0000 -0.0099 -0.0000
vn -0.9997 0.0234 0.0000
vn -0.9421 0.0845 0.3244
vn -0.6743 0.1986 0.7113
vn 0.0084 0.2673 0.9636
vn 0.6817 0.1852 0.7078
vn 0.9375 0.0774 0.3393
vn 0.9998 0.0195 0.0000
vn -0.6330 0.7742 0.0000
vn -0.8185 0.5745 -0.0000
vn -0.9250 0.1769 0.3363
vn -0.6290 0.3695 0.6840
vn 0.0190 0.4623 0.8865
vn 0.6503 0.3426 0.6780
vn 0.8484 0.3309 0.4133
vn 0.8794 0.4761 0.0000
vn 0.0000 0.0000 -0.0000
vn -0.6353 0.7723 -0.0000
vn -0.8112 0.5848 0.0000
vn -0.7651 0.5325 0.3620
vn -0.7363 0.4263 0.5255
vn -0.6082 0.4092 0.6802
vn 0.0296 0.4987 0.8662
vn 0.6391 0.3846 0.6661
vn 0.7171 0.3513 0.6020
vn 0.8606 0.4870 0.1488
vn 0.9525 0.3045 0.0000
vn -0.9980 0.0633 -0.0000
vn -0.7140 0.5248 0.4634
vn -0.6864 0.4801 0.5463
vn -0.6889 0.4155 0.5939
vn -0.5810 0.4399 0.6848
vn 0.0370 0.5241 0.8509
vn 0.6211 0.4166 0.6639
vn 0.7007 0.3991 0.5914
vn 0.8001 0.4239 0.4244
vn 0.8708 0.4917 0.0000
vn 0.0000 0.0000 -0.0000
vn -0.7035 0.7107 0.0000
vn -0.7462 0.6657 0.0000
vn -0.8768 0.2711 0.3972
vn -0.6525 0.4614 0.6012
vn -0.6700 0.4299 0.6052
vn -0.5601 0.4491 0.6962
vn 0.0365 0.5329 0.8454
vn 0.5968 0.4459 0.6671
vn 0.6750 0.4364 0.5950
vn 0.6556 0.4611 0.5980
vn 0.7339 0.6427 0.2198
vn 0.6995 0.7146 -0.0000
vn 0.0000 0.0000 0.0000
vn -0.9935 -0.1142 0.0000
vn -0.7447 0.5464 0.3833
vn -0.7217 0.3800 0.5785
vn -0.6818 0.3389 0.6484
vn -0.6819 0.3109 0.6621
vn -0.5719 0.3121 0.7586
vn 0.0237 0.3595 0.9329
vn 0.5982 0.3323 0.7292
vn 0.6892 0.3374 0.6412
vn 0.6885 0.3538 0.6331
vn 0.6907 0.3398 0.6384
vn 0.8794 0.4314 0.2011
vn 0.9853 0.1710 -0.0000
vn -0.9977 -0.0672 0.0000
vn -0.8947 -0.0681 0.4415
vn -0.7304 -0.0868 0.6775
vn -0.7160 -0.0869 0.6926
vn -0.7045 -0.0873 0.7043
vn -0.5826 -0.1012 0.8064
vn 0.0136 -0.1121 0.9936
vn 0.6002 -0.0917 0.7946
vn 0.7168 -0.0711 0.6936
vn 0.7315 -0.0710 0.6782
vn 0.7400 -0.0747 0.6684
vn 0.9006 -0.0225 0.4341
vn 0.9981 0.0616 -0.0000
vn -0.9962 -0.0865 0.0000
vn -0.8668 -0.4686 0.1705
vn -0.6567 -0.4242 0.6236
vn -0.6609 -0.4236 0.6195
vn -0.6583 -0.4014 0.6368
vn -0.5492 -0.4211 0.7218
vn 0.0172 -0.4900 0.8715
vn 0.5625 -0.4244 0.7095
vn 0.6645 -0.4048 0.6282
vn 0.6722 -0.4175 0.6114
vn 0.6905 -0.4553 0.5620
vn 0.7154 -0.5289 0.4566
vn 0.9970 0.0770 0.0000
vn 0.0000 0.0000 0.0000
vn -0.6939 -0.7200 -0.0000
vn -0.7259 -0.6643 0.1784
vn -0.6537 -0.4689 0.5939
vn -0.6650 -0.4415 0.6024
vn -0.5547 -0.4589 0.6941
vn 0.0267 -0.5415 0.8402
vn 0.5731 -0.4599 0.6783
vn 0.6670 -0.4401 0.6012
vn 0.6916 -0.4903 0.5304
vn 0.7189 -0.5859 0.3739
vn 0.7627 -0.6467 0.0000
vn 0.6868 -0.7269 0.0000
vn 0.0000 0.0000 0.0000
vn -0.8652 -0.5014 0.0000
vn -0.8106 -0.4255 0.4024
vn -0.6936 -0.4118 0.5910
vn -0.5854 -0.4303 0.6872
vn 0.0309 -0.5125 0.8582
vn 0.6059 -0.4166 0.6777
vn 0.6869 -0.3987 0.6076
vn 0.8976 -0.2274 0.3777
vn 0.7856 -0.6188 -0.0000
vn 0.6740 -0.7387 0.0000
vn -0.9722 -0.2341 0.0000
vn -0.8643 -0.4848 0.1340
vn -0.7097 -0.3654 0.6023
vn -0.6141 -0.3969 0.6822
vn 0.0233 -0.4846 0.8744
vn 0.6259 -0.3774 0.6826
vn 0.7360 -0.3989 0.5470
vn 0.7666 -0.4819 0.4244
vn 0.9988 -0.0484 -0.0000
vn 0.0000 0.0000 0.0000
vn -0.8716 -0.4902 -0.0000
vn -0.8542 -0.3276 0.4038
vn -0.6426 -0.3344 0.6894
vn 0.0157 -0.4324 0.9016
vn 0.6367 -0.3311 0.6964
vn 0.9223 -0.1630 0.3503
vn 0.8357 -0.5493 0.0000
vn 0.6059 -0.7956 0.0000
vn -0.9997 -0.0233 -0.0000
vn -0.9492 -0.0413 0.3118
vn -0.6831 -0.1063 0.7226
vn 0.0158 -0.1673 0.9858
vn 0.6778 -0.1204 0.7253
vn 0.9457 -0.0376 0.3230
vn 1.0000 -0.0071 -0.0000
vn -0.9996 0.0275 0.0000
vn -0.9384 0.0998 0.3308
vn -0.6550 0.2218 0.7224
vn 0.0259 0.2719 0.9620
vn 0.6724 0.1805 0.7178
vn 0.9315 0.0776 0.3552
vn 0.9998 0.0196 -0.0000
vn -0.6384 0.7697 0.0000
vn -0.8136 0.5815 -0.0000
vn -0.9186 0.1960 0.3430
vn -0.5977 0.4004 0.6946
vn 0.0496 0.4782 0.8769
vn 0.6452 0.3478 0.6803
vn 0.8425 0.3375 0.4198
vn 0.8778 0.4790 0.0000
vn 0.0000 0.0000 -0.0000
vn -0.6398 0.7686 0.0000
vn -0.8068 0.5908 -0.0000
vn -0.7630 0.5417 0.3528
vn -0.7227 0.4448 0.5290
vn -0.5722 0.4473 0.6874
vn 0.0643 0.5361 0.8417
vn 0.6330 0.4116 0.6556
vn 0.7011 0.3702 0.6094
vn 0.8029 0.5679 0.1814
vn 0.7177 0.6964 -0.0000
vn -0.9982 0.0599 0.0000
vn -0.7152 0.5327 0.4526
vn -0.6965 0.4674 0.5445
vn -0.6883 0.4148 0.5952
vn -0.5589 0.4641 0.6872
vn 0.0597 0.5606 0.8259
vn 0.6134 0.4549 0.6456
vn 0.6889 0.4283 0.5848
vn 0.7211 0.4364 0.5381
vn 0.8725 0.4886 0.0000
vn 0.0000 0.0000 -0.0000
vn -0.7074 0.7068 0.0000
vn -0.7421 0.6703 -0.0000
vn -0.8765 0.2677 0.4001
vn -0.6644 0.4392 0.6047
vn -0.6829 0.4084 0.6057
vn -0.5607 0.4368 0.7035
vn 0.0424 0.5174 0.8547
vn 0.5964 0.4467 0.6669
vn 0.6735 0.4423 0.5922
vn 0.6529 0.4721 0.5923
vn 0.7633 0.5496 0.3396
vn 0.7973 0.6036 0.0000
vn 0.0000 0.0000 -0.0000
vn -0.9938 -0.1115 0.0000
vn -0.7431 0.5385 0.3973
vn -0.7207 0.3365 0.6061
vn -0.6976 0.2535 0.6701
vn -0.7057 0.1957 0.6809
vn -0.5728 0.1548 0.8049
vn 0.0324 0.1439 0.9891
vn 0.6125 0.1663 0.7728
vn 0.7057 0.2190 0.6739
vn 0.6948 0.2808 0.6621
vn 0.6826 0.3148 0.6596
vn 0.8770 0.4225 0.2287
vn 0.9774 0.2116 0.0000
vn -0.9985 -0.0543 -0.0000
vn -0.8700 -0.1277 0.4762
vn -0.6772 -0.2032 0.7072
vn -0.6751 -0.2421 0.6969
vn -0.6660 -0.2755 0.6932
vn -0.5231 -0.3377 0.7825
vn 0.0333 -0.3935 0.9187
vn 0.5547 -0.3406 0.7592
vn 0.6610 -0.2792 0.6965
vn 0.6737 -0.2369 0.7000
vn 0.6886 -0.1839 0.7014
vn 0.8813 -0.0700 0.4674
vn 0.9965 0.0841 -0.0000
vn -0.9999 -0.0145 -0.0000
vn -0.8413 -0.5098 0.1798
vn -0.5451 -0.5329 0.6472
vn -0.5658 -0.5606 0.6047
vn -0.5787 -0.5528 0.5997
vn -0.4639 -0.5860 0.6644
vn 0.0350 -0.6473 0.7615
vn 0.4918 -0.5692 0.6589
vn 0.5724 -0.5479 0.6101
vn 0.5933 -0.5840 0.5541
vn 0.3798 -0.8046 0.4564
vn 0.6469 -0.5833 0.4912
vn 0.9957 0.0923 -0.0000
vn 0.0000 0.0000 0.0000
vn -0.7157 -0.6984 0.0000
vn -0.6392 -0.7573 0.1338
vn -0.5295 -0.6460 0.5499
vn -0.5736 -0.5796 0.5788
vn -0.4712 -0.6146 0.6326
vn 0.0230 -0.6818 0.7312
vn 0.4931 -0.5920 0.6375
vn 0.6085 -0.5936 0.5267
vn 0.6428 -0.6975 0.3167
vn 0.6891 -0.7247 -0.0000
vn 0.0973 -0.9953 -0.0000
vn 0.7236 -0.6902 -0.0000
vn 0.0000 0.0000 0.0000
vn -0.7662 -0.6427 0.0000
vn -0.7066 -0.7076 0.0000
vn -0.6336 -0.5440 0.5501
vn -0.4776 -0.6157 0.6267
vn 0.0086 -0.6978 0.7163
vn 0.5047 -0.6225 0.5981
vn 0.7456 -0.5675 0.3494
vn 0.7127 -0.7015 -0.0000
vn 0.6916 -0.7223 -0.0000
vn -0.6437 -0.7653 -0.0000
vn -0.7474 -0.6497 0.1390
vn -0.4378 -0.5946 0.6744
vn -0.0086 -0.6984 0.7156
vn 0.6903 -0.4881 0.5340
vn 0.7103 -0.7039 -0.0000
vn 0.8246 -0.5657 0.0000
vn 0.0000 0.0000 0.0000
vn -0.7145 -0.6996 0.0000
vn -0.4820 -0.8548 0.1925
vn -0.0373 -0.8788 0.4757
vn 0.5252 -0.6657 0.5301
vn 0.9652 -0.2614 -0.0000
vn 0.0000 0.0000 0.0000
vn -0.0661 -0.9978 -0.0000
vn -0.0845 -0.9964 -0.0000
vn -0.0940 -0.9956 0.0000
vn 0.7007 -0.7135 0.0000
vn -0.4899 0.7038 -0.5145
vn 0.3752 0.8771 -0.2998
vn -0.6450 0.6091 -0.4614
vn -0.4123 0.6599 -0.6281
vn 0.1104 0.6882 -0.7171
vn 0.6467 0.7204 -0.2506
vn -0.6252 0.6038 -0.4945
vn -0.5979 0.5684 -0.5652
vn -0.4217 0.6134 -0.6677
vn 0.1050 0.6811 -0.7246
vn 0.5094 0.5853 -0.6308
vn 0.6975 0.6894 -0.1953
vn -0.5961 0.6424 -0.4817
vn -0.5793 0.5881 -0.5644
vn -0.5712 0.5587 -0.6013
vn -0.4229 0.6133 -0.6671
vn 0.1026 0.6705 -0.7348
vn 0.5131 0.5849 -0.6282
vn 0.5654 0.5621 -0.6036
vn 0.6915 0.6970 -0.1897
vn -0.6380 0.6144 -0.4642
vn -0.5818 0.5728 -0.5774
vn -0.5605 0.5594 -0.6106
vn -0.5693 0.5540 -0.6074
vn -0.4160 0.6020 -0.6816
vn 0.1027 0.6534 -0.7500
vn 0.5076 0.5731 -0.6434
vn 0.5706 0.5538 -0.6063
vn 0.5714 0.5458 -0.6128
vn 0.7051 0.6718 -0.2268
vn -0.8781 0.1271 -0.4613
vn -0.6696 0.2742 -0.6903
vn -0.6525 0.3175 -0.6881
vn -0.6395 0.3401 -0.6895
vn -0.4616 0.3955 -0.7941
vn 0.1186 0.4256 -0.8971
vn 0.5741 0.3548 -0.7379
vn 0.6544 0.3041 -0.6923
vn 0.6741 0.2703 -0.6874
vn 0.6810 0.2334 -0.6941
vn 0.8776 0.3879 -0.2817
vn -0.8847 -0.1569 -0.4390
vn -0.7014 -0.2289 -0.6750
vn -0.6992 -0.1910 -0.6889
vn -0.6929 -0.1461 -0.7061
vn -0.5076 -0.1226 -0.8528
vn 0.1254 -0.1119 -0.9858
vn 0.6308 -0.1310 -0.7648
vn 0.7001 -0.1816 -0.6905
vn 0.7004 -0.2297 -0.6758
vn 0.7339 -0.2923 -0.6132
vn 0.7507 -0.4878 -0.4455
vn -0.8474 -0.5127 -0.1380
vn -0.6287 -0.4637 -0.6243
vn -0.6551 -0.4540 -0.6040
vn -0.6585 -0.4214 -0.6235
vn -0.4957 -0.4506 -0.7424
vn 0.1305 -0.4962 -0.8584
vn 0.6146 -0.4192 -0.6683
vn 0.6713 -0.4264 -0.6063
vn 0.6829 -0.4952 -0.5371
vn 0.7114 -0.6143 -0.3414
vn -0.7292 -0.6683 -0.1472
vn -0.6599 -0.4549 -0.5980
vn -0.6760 -0.4326 -0.5966
vn -0.5130 -0.4707 -0.7178
vn 0.1327 -0.5304 -0.8373
vn 0.6307 -0.4291 -0.6466
vn 0.6830 -0.4253 -0.5938
vn 0.8914 -0.2526 -0.3763
vn -0.7933 -0.5200 -0.3165
vn -0.6971 -0.4032 -0.5929
vn -0.5387 -0.4558 -0.7086
vn 0.1301 -0.5186 -0.8450
vn 0.6542 -0.4008 -0.6414
vn 0.7239 -0.4384 -0.5327
vn 0.7523 -0.5128 -0.4136
vn -0.7615 -0.3802 -0.5250
vn -0.5568 -0.4369 -0.7065
vn 0.1208 -0.5136 -0.8495
vn 0.6588 -0.3835 -0.6472
vn 0.9194 -0.1822 -0.3485
vn -0.8719 -0.2749 -0.4052
vn -0.5685 -0.4040 -0.7166
vn 0.1144 -0.4838 -0.8676
vn 0.6904 -0.4126 -0.5942
vn 0.7935 -0.4566 -0.4022
vn -0.8961 -0.3980 -0.1963
vn -0.5855 -0.3010 -0.7527
vn 0.1053 -0.3740 -0.9214
vn 0.9031 -0.1392 -0.4063
vn -0.8210 -0.1509 -0.5507
vn 0.0833 0.0733 -0.9938
vn 0.8581 0.2318 -0.4582
vn -0.7560 0.5062 -0.4150
vn -0.5534 0.5258 -0.6459
vn 0.0485 0.5463 -0.8362
vn 0.5641 0.4555 -0.6887
vn 0.7353 0.6584 -0.1607
vn -0.6487 0.6489 -0.3977
vn -0.5960 0.5878 -0.5471
vn -0.4589 0.5945 -0.6603
vn 0.0411 0.6653 -0.7455
vn 0.5085 0.5813 -0.6353
vn 0.5712 0.5428 -0.6157
vn 0.7016 0.7010 -0.1278
vn -0.6352 0.6684 -0.3871
vn -0.5896 0.5943 -0.5470
vn -0.5615 0.5637 -0.6058
vn -0.4471 0.5995 -0.6638
vn 0.0377 0.6652 -0.7457
vn 0.4894 0.5907 -0.6416
vn 0.5734 0.5672 -0.5912
vn 0.5489 0.5636 -0.6174
vn 0.6941 0.7044 -0.1487
vn -0.6940 0.5884 -0.4150
vn -0.6392 0.4933 -0.5899
vn -0.5991 0.4797 -0.6410
vn -0.5864 0.4890 -0.6458
vn -0.4620 0.5354 -0.7071
vn 0.0390 0.5966 -0.8016
vn 0.5049 0.5211 -0.6881
vn 0.5984 0.4871 -0.6362
vn 0.6009 0.4875 -0.6335
vn 0.5964 0.4592 -0.6584
vn 0.8567 0.4729 -0.2059
vn -0.8856 -0.0164 -0.4641
vn -0.7080 0.0311 -0.7055
vn -0.6964 0.0683 -0.7144
vn -0.6835 0.1093 -0.7217
vn -0.5395 0.1663 -0.8254
vn 0.0441 0.1918 -0.9804
vn 0.5824 0.1526 -0.7985
vn 0.6885 0.1000 -0.7183
vn 0.6937 0.0663 -0.7172
vn 0.6995 0.0454 -0.7132
vn 0.8819 0.0394 -0.4698
vn -0.8693 -0.4574 -0.1874
vn -0.6605 -0.3899 -0.6417
vn -0.6715 -0.3684 -0.6429
vn -0.6753 -0.3275 -0.6609
vn -0.5521 -0.3221 -0.7690
vn 0.0471 -0.3402 -0.9392
vn 0.5953 -0.3132 -0.7400
vn 0.6804 -0.3293 -0.6547
vn 0.6624 -0.3738 -0.6492
vn 0.6786 -0.4305 -0.5951
vn 0.7170 -0.5366 -0.4450
vn -0.7261 -0.6640 -0.1786
vn -0.6562 -0.4583 -0.5995
vn -0.6638 -0.4332 -0.6097
vn -0.5391 -0.4641 -0.7029
vn 0.0488 -0.5465 -0.8360
vn 0.5798 -0.4611 -0.6718
vn 0.6640 -0.4417 -0.6034
vn 0.6717 -0.5057 -0.5414
vn 0.7047 -0.6019 -0.3756
vn -0.8079 -0.4251 -0.4081
vn -0.6867 -0.4125 -0.5986
vn -0.5594 -0.4430 -0.7006
vn 0.0606 -0.5255 -0.8486
vn 0.6080 -0.4332 -0.6653
vn 0.6763 -0.4207 -0.6047
vn 0.8906 -0.2375 -0.3879
vn -0.8611 -0.4918 -0.1294
vn -0.7007 -0.3819 -0.6027
vn -0.5859 -0.4155 -0.6958
vn 0.0633 -0.4928 -0.8679
vn 0.6371 -0.3877 -0.6661
vn 0.7175 -0.4276 -0.5499
vn 0.7495 -0.4763 -0.4599
vn -0.8449 -0.3490 -0.4054
vn -0.6217 -0.3591 -0.6961
vn 0.0566 -0.4383 -0.8970
vn 0.6560 -0.3302 -0.6787
vn 0.9220 -0.1606 -0.3522
vn -0.9415 -0.0572 -0.3320
vn -0.6749 -0.1451 -0.7235
vn 0.0473 -0.1908 -0.9805
vn 0.6941 -0.1271 -0.7085
vn 0.9363 -0.0475 -0.3479
vn -0.9358 0.0802 -0.3432
vn -0.6645 0.1838 -0.7244
vn 0.0302 0.2487 -0.9681
vn 0.6870 0.1869 -0.7022
vn 0.9312 0.0794 -0.3558
vn -0.9191 0.1806 -0.3501
vn -0.6151 0.3728 -0.6947
vn 0.0248 0.4669 -0.8840
vn 0.6379 0.3687 -0.6761
vn 0.8368 0.3623 -0.4105
vn -0.7543 0.5205 -0.4001
vn -0.7246 0.4309 -0.5378
vn -0.5974 0.4185 -0.6841
vn 0.0232 0.5167 -0.8559
vn 0.6110 0.4179 -0.6723
vn 0.6949 0.3895 -0.6045
vn 0.8598 0.4941 -0.1291
vn -0.8929 0.2486 -0.3754
vn -0.6801 0.4242 -0.5979
vn -0.5755 0.4583 -0.6773
vn 0.0225 0.5553 -0.8313
vn 0.5891 0.4528 -0.6693
vn 0.6815 0.4238 -0.5966
vn 0.8044 0.4320 -0.4078
vn -0.7103 0.6197 -0.3339
vn -0.6753 0.5081 -0.5346
vn -0.6665 0.4474 -0.5963
vn -0.5554 0.4869 -0.6742
vn 0.0227 0.5834 -0.8119
vn 0.5694 0.4846 -0.6641
vn 0.6628 0.4518 -0.5971
vn 0.6556 0.4650 -0.5949
vn 0.7256 0.6628 -0.1853
vn -0.7319 0.5471 -0.4062
vn -0.7058 0.3898 -0.5915
vn -0.6784 0.3562 -0.6425
vn -0.6912 0.3437 -0.6357
vn -0.5794 0.3766 -0.7228
vn 0.0171 0.4466 -0.8945
vn 0.5883 0.3851 -0.7111
vn 0.6874 0.3548 -0.6337
vn 0.6860 0.3628 -0.6307
vn 0.6704 0.3696 -0.6435
vn 0.8720 0.4469 -0.1998
vn -0.8874 -0.0669 -0.4562
vn -0.7223 -0.0788 -0.6871
vn -0.7309 -0.0627 -0.6796
vn -0.7363 -0.0478 -0.6749
vn -0.6134 -0.0430 -0.7886
vn 0.0119 -0.0412 -0.9991
vn 0.6204 -0.0387 -0.7833
vn 0.7334 -0.0431 -0.6784
vn 0.7329 -0.0536 -0.6782
vn 0.7219 -0.0475 -0.6903
vn 0.8866 -0.0052 -0.4625
vn -0.8644 -0.4674 -0.1856
vn -0.6496 -0.4061 -0.6427
vn -0.6764 -0.4047 -0.6154
vn -0.6884 -0.3857 -0.6143
vn -0.5804 -0.4160 -0.7001
vn 0.0121 -0.4887 -0.8724
vn 0.5864 -0.4123 -0.6973
vn 0.6872 -0.3862 -0.6153
vn 0.6722 -0.4110 -0.6158
vn 0.6731 -0.4609 -0.5784
vn 0.7181 -0.5451 -0.4326
vn -0.7307 -0.6560 -0.1894
vn -0.6619 -0.4395 -0.6072
vn -0.6808 -0.4293 -0.5935
vn -0.5733 -0.4707 -0.6706
vn 0.0122 -0.5733 -0.8193
vn 0.5775 -0.4719 -0.6661
vn 0.6814 -0.4319 -0.5909
vn 0.6924 -0.4900 -0.5297
vn 0.7167 -0.5904 -0.3712
vn -0.8128 -0.4053 -0.4185
vn -0.6982 -0.3915 -0.5994
vn -0.5968 -0.4238 -0.6813
vn 0.0164 -0.5249 -0.8510
vn 0.6026 -0.4253 -0.6753
vn 0.6948 -0.3960 -0.6004
vn 0.9023 -0.2194 -0.3711
vn -0.8656 -0.4766 -0.1536
vn -0.7097 -0.3461 -0.6136
vn -0.6235 -0.3726 -0.6873
vn 0.0179 -0.4623 -0.8865
vn 0.6327 -0.3636 -0.6837
vn 0.7425 -0.3945 -0.5414
vn 0.7680 -0.4822 -0.4215
vn -0.8546 -0.3199 -0.4090
vn -0.6501 -0.3117 -0.6930
vn 0.0141 -0.4019 -0.9156
vn 0.6507 -0.3075 -0.6943
vn 0.9265 -0.1518 -0.3443
vn -0.9484 -0.0458 -0.3137
vn -0.6895 -0.1099 -0.7159
vn 0.0115 -0.1571 -0.9875
vn 0.6899 -0.1083 -0.7158
vn 0.9472 -0.0371 -0.3186
vn -0.9421 0.0845 -0.3244
vn -0.6743 0.1986 -0.7113
vn 0.0084 0.2673 -0.9636
vn 0.6817 0.1852 -0.7078
vn 0.9375 0.0774 -0.3393
vn -0.9250 0.1769 -0.3363
vn -0.6290 0.3695 -0.6840
vn 0.0190 0.4623 -0.8865
vn 0.6503 0.3426 -0.6780
vn 0.8484 0.3309 -0.4133
vn -0.7651 0.5325 -0.3620
vn -0.7363 0.4263 -0.5255
vn -0.6082 0.4092 -0.6802
vn 0.0296 0.4987 -0.8662
vn 0.6391 0.3846 -0.6661
vn 0.7171 0.3513 -0.6020
vn 0.8606 0.4870 -0.1488
vn -0.7140 0.5248 -0.4634
vn -0.6864 0.4801 -0.5463
vn -0.6889 0.4155 -0.5939
vn -0.5810 0.4399 -0.6848
vn 0.0370 0.5241 -0.8509
vn 0.6211 0.4166 -0.6639
vn 0.7007 0.3991 -0.5914
vn 0.8001 0.4239 -0.4244
vn -0.8768 0.2711 -0.3972
vn -0.6525 0.4614 -0.6012
vn -0.6700 0.4299 -0.6052
vn -0.5601 0.4491 -0.6962
vn 0.0365 0.5329 -0.8454
vn 0.5968 0.4459 -0.6671
vn 0.6750 0.4364 -0.5950
vn 0.6556 0.4611 -0.5980
vn 0.7339 0.6427 -0.2198
vn -0.7447 0.5464 -0.3833
vn -0.7217 0.3800 -0.5785
vn -0.6818 0.3389 -0.6484
vn -0.6819 0.3109 -0.6621
vn -0.5719 0.3121 -0.7586
vn 0.0237 0.3595 -0.9329
vn 0.5982 0.3323 -0.7292
vn 0.6892 0.3374 -0.6412
vn 0.6885 0.3538 -0.6331
vn 0.6907 0.3398 -0.6384
vn 0.8794 0.4314 -0.2011
vn -0.8947 -0.0681 -0.4415
vn -0.7304 -0.0868 -0.6775
vn -0.7160 -0.0869 -0.6926
vn -0.7045 -0.0873 -0.7043
vn -0.5826 -0.1012 -0.8064
vn 0.0136 -0.1121 -0.9936
vn 0.6002 -0.0917 -0.7946
vn 0.7168 -0.0711 -0.6936
vn 0.7315 -0.0710 -0.6782
vn 0.7400 -0.0747 -0.6684
vn 0.9006 -0.0225 -0.4341
vn -0.8668 -0.4686 -0.1705
vn -0.6567 -0.4242 -0.6236
vn -0.6609 -0.4236 -0.6195
vn -0.6583 -0.4014 -0.6368
vn -0.5492 -0.4211 -0.7218
vn 0.0172 -0.4900 -0.8715
vn 0.5625 -0.4244 -0.7095
vn 0.6645 -0.4048 -0.6282
vn 0.6722 -0.4175 -0.6114
vn 0.6905 -0.4553 -0.5620
vn 0.7154 -0.5289 -0.4566
vn -0.7259 -0.6643 -0.1784
vn -0.6537 -0.4689 -0.5939
vn -0.6650 -0.4415 -0.6024
vn -0.5547 -0.4589 -0.6941
vn 0.0267 -0.5415 -0.8402
vn 0.5731 -0.4599 -0.6783
vn 0.6670 -0.4401 -0.6012
vn 0.6916 -0.4903 -0.5304
vn 0.7189 -0.5859 -0.3739
vn -0.8106 -0.4255 -0.4024
vn -0.6936 -0.4118 -0.5910
vn -0.5854 -0.4303 -0.6872
vn 0.0309 -0.5125 -0.8582
vn 0.6059 -0.4166 -0.6777
vn 0.6869 -0.3987 -0.6076
vn 0.8976 -0.2274 -0.3777
vn -0.8643 -0.4848 -0.1340
vn -0.7097 -0.3654 -0.6023
vn -0.6141 -0.3969 -0.6822
vn 0.0233 -0.4846 -0.8744
vn 0.6259 -0.3774 -0.6826
vn 0.7360 -0.3989 -0.5470
vn 0.7666 -0.4819 -0.4244
vn -0.8542 -0.3276 -0.4038
vn -0.6426 -0.3344 -0.6894
vn 0.0157 -0.4324 -0.9016
vn 0.6367 -0.3311 -0.6964
vn 0.9223 -0.1630 -0.3503
vn -0.9492 -0.0413 -0.3118
vn -0.6831 -0.1063 -0.7226
vn 0.0158 -0.1673 -0.9858
vn 0.6778 -0.1204 -0.7253
vn 0.9457 -0.0376 -0.3230
vn -0.9384 0.0998 -0.3308
vn -0.6550 0.2218 -0.7224
vn 0.0259 0.2719 -0.9620
vn 0.6724 0.1805 -0.7178
vn 0.9315 0.0776 -0.3552
vn -0.9186 0.1960 -0.3430
vn -0.5977 0.4004 -0.6946
vn 0.0496 0.4782 -0.8769
vn 0.6452 0.3478 -0.6803
vn 0.8425 0.3375 -0.4198
vn -0.7630 0.5417 -0.3528
vn -0.7227 0.4448 -0.5290
vn -0.5722 0.4473 -0.6874
vn 0.0643 0.5361 -0.8417
vn 0.6330 0.4116 -0.6556
vn 0.7011 0.3702 -0.6094
vn 0.8029 0.5679 -0.1814
vn -0.7152 0.5327 -0.4526
vn -0.6965 0.4674 -0.5445
vn -0.6883 0.4148 -0.5952
vn -0.5589 0.4641 -0.6872
vn 0.0597 0.5606 -0.8259
vn 0.6134 0.4549 -0.6456
vn 0.6889 0.4283 -0.5848
vn 0.7211 0.4364 -0.5381
vn -0.8765 0.2677 -0.4001
vn -0.6644 0.4392 -0.6047
vn -0.6829 0.4084 -0.6057
vn -0.5607 0.4368 -0.7035
vn 0.0424 0.5174 -0.8547
vn 0.5964 0.4467 -0.6669
vn 0.6735 0.4423 -0.5922
vn 0.6529 0.4721 -0.5923
vn 0.7633 0.5496 -0.3396
vn -0.7431 0.5385 -0.3973
vn -0.7207 0.3365 -0.6061
vn -0.6976 0.2535 -0.6701
vn -0.7057 0.1957 -0.6809
vn -0.5728 0.1548 -0.8049
vn 0.0324 0.1439 -0.9891
vn 0.6125 0.1663 -0.7728
vn 0.7057 0.2190 -0.6739
vn 0.6948 0.2808 -0.6621
vn 0.6826 0.3148 -0.6596
vn 0.8770 0.4225 -0.2287
vn -0.8700 -0.1277 -0.4762
vn -0.6772 -0.2032 -0.7072
vn -0.6751 -0.2421 -0.6969
vn -0.6660 -0.2755 -0.6932
vn -0.5231 -0.3377 -0.7825
vn 0.0333 -0.3935 -0.9187
vn 0.5547 -0.3406 -0.7592
vn 0.6610 -0.2792 -0.6965
vn 0.6737 -0.2369 -0.7000
vn 0.6886 -0.1839 -0.7014
vn 0.8813 -0.0700 -0.4674
vn -0.8413 -0.5098 -0.1798
vn -0.5451 -0.5329 -0.6472
vn -0.5658 -0.5606 -0.6047
vn -0.5787 -0.5528 -0.5997
vn -0.4639 -0.5860 -0.6644
vn 0.0350 -0.6473 -0.7615
vn 0.4918 -0.5692 -0.6589
vn 0.5724 -0.5479 -0.6101
vn 0.5933 -0.5840 -0.5541
vn 0.3798 -0.8046 -0.4564
vn 0.6469 -0.5833 -0.4912
vn -0.6392 -0.7573 -0.1338
vn -0.5295 -0.6460 -0.5499
vn -0.5736 -0.5796 -0.5788
vn -0.4712 -0.6146 -0.6326
vn 0.0230 -0.6818 -0.7312
vn 0.4931 -0.5920 -0.6375
vn 0.6085 -0.5936 -0.5267
vn 0.6428 -0.6975 -0.3167
vn -0.6336 -0.5440 -0.5501
vn -0.4776 -0.6157 -0.6267
vn 0.0086 -0.6978 -0.7163
vn 0.5047 -0.6225 -0.5981
vn 0.7456 -0.5675 -0.3494
vn -0.7474 -0.6497 -0.1390
vn -0.4378 -0.5946 -0.6744
vn -0.0086 -0.6984 -0.7156
vn 0.6903 -0.4881 -0.5340
vn -0.4820 -0.8548 -0.1925
vn -0.0373 -0.8788 -0.4757
vn 0.5252 -0.6657 -0.5301
vn -0.7404 0.6722 0.0000
vn 0.0783 0.9969 0.0000
vn 0.2094 0.9778 0.0000
vn 0.0000 0.0000 0.0000
vn -0.6789 0.7343 -0.0000
vn -0.6734 0.7392 0.0000
vn -0.4294 0.7582 0.4907
vn 0.4453 0.8661 0.2272
vn 0.7307 0.6827 -0.0000
vn 0.0000 0.0000 0.0000
vn -0.6902 0.7237 0.0000
vn -0.7346 0.6785 0.0000
vn -0.6531 0.6645 0.3632
vn -0.1873 0.7394 0.6467
vn 0.3485 0.6260 0.6976
vn 0.6996 0.6936 0.1715
vn 0.6962 0.7179 0.0000
vn 0.0000 0.0000 -0.0000
vn -0.7235 0.6904 0.0000
vn -0.7089 0.7053 -0.0000
vn -0.6724 0.6468 0.3598
vn -0.5639 0.6064 0.5606
vn -0.1619 0.6819 0.7133
vn 0.3878 0.6373 0.6660
vn 0.5669 0.5314 0.6295
vn 0.7088 0.6949 0.1215
vn 0.7095 0.7047 0.0000
vn 0.0000 0.0000 0.0000
vn -0.7346 0.6785 -0.0000
vn -0.6779 0.7352 -0.0000
vn -0.6469 0.6723 0.3598
vn -0.5992 0.5944 0.5364
vn -0.5377 0.5779 0.6140
vn -0.1691 0.6765 0.7168
vn 0.3825 0.6416 0.6648
vn 0.5754 0.5772 0.5795
vn 0.5410 0.5655 0.6225
vn 0.6878 0.7155 0.1219
vn 0.7170 0.6971 0.0000
vn 0.0000 0.0000 0.0000
vn -0.6832 0.7302 0.0000
vn -0.7269 0.6867 -0.0000
vn -0.6618 0.6633 0.3494
vn -0.5895 0.5919 0.5497
vn -0.5659 0.5609 0.6043
vn -0.5358 0.5666 0.6260
vn -0.1785 0.6531 0.7359
vn 0.3681 0.6273 0.6863
vn 0.5629 0.5749 0.5939
vn 0.5617 0.5853 0.5848
vn 0.5479 0.5586 0.6227
vn 0.7429 0.6397 0.1972
vn 0.5816 0.8135 -0.0000
vn -0.9967 -0.0815 -0.0000
vn -0.7601 0.4698 0.4489
vn -0.7304 0.2724 0.6264
vn -0.6635 0.2850 0.6918
vn -0.6511 0.3180 0.6892
vn -0.6024 0.3526 0.7161
vn -0.1976 0.4168 0.8873
vn 0.4055 0.3975 0.8231
vn 0.6356 0.3392 0.6935
vn 0.6591 0.3172 0.6819
vn 0.6823 0.2791 0.6757
vn 0.8110 0.1376 0.5686
vn 0.9918 -0.1278 -0.0000
vn -0.9635 -0.2677 -0.0000
vn -0.8803 -0.4169 0.2264
vn -0.6929 -0.2546 0.6746
vn -0.6981 -0.2332 0.6769
vn -0.6981 -0.1871 0.6911
vn -0.6554 -0.1522 0.7398
vn -0.2083 -0.1418 0.9677
vn 0.4350 -0.1413 0.8892
vn 0.6829 -0.1588 0.7130
vn 0.6994 -0.1996 0.6863
vn 0.7077 -0.2339 0.6666
vn 0.8870 -0.1417 0.4396
vn 0.9504 -0.3110 0.0000
vn 0.0000 0.0000 0.0000
vn -0.6724 -0.7402 0.0000
vn -0.7272 -0.6569 0.1992
vn -0.6468 -0.4663 0.6036
vn -0.6587 -0.4396 0.6106
vn -0.6182 -0.4346 0.6549
vn -0.2110 -0.5222 0.8263
vn 0.4231 -0.4907 0.7618
vn 0.6460 -0.4376 0.6255
vn 0.6541 -0.4562 0.6034
vn 0.6665 -0.5041 0.5492
vn 0.6933 -0.5680 0.4436
vn 0.9997 0.0225 -0.0000
vn 0.0000 0.0000 0.0000
vn -0.8539 -0.5205 0.0000
vn -0.8002 -0.4418 0.4057
vn -0.6777 -0.4339 0.5937
vn -0.6338 -0.4306 0.6425
vn -0.2112 -0.5321 0.8199
vn 0.4425 -0.4952 0.7476
vn 0.6608 -0.4388 0.6089
vn 0.6865 -0.4946 0.5330
vn 0.7223 -0.5818 0.3738
vn 0.7619 -0.6477 -0.0000
vn 0.6874 -0.7263 0.0000
vn -0.9766 -0.2153 0.0000
vn -0.8540 -0.5099 0.1033
vn -0.6949 -0.3889 0.6049
vn -0.6615 -0.3952 0.6374
vn -0.2176 -0.4929 0.8424
vn 0.4730 -0.4473 0.7591
vn 0.6906 -0.3877 0.6105
vn 0.9036 -0.2200 0.3676
vn 0.7817 -0.6237 -0.0000
vn 0.6539 -0.7566 -0.0000
vn 0.0000 0.0000 0.0000
vn -0.9389 -0.3443 -0.0000
vn -0.8130 -0.2148 0.5412
vn -0.6886 -0.3302 0.6456
vn -0.2246 -0.4494 0.8646
vn 0.4884 -0.4198 0.7650
vn 0.7323 -0.4031 0.5489
vn 0.7776 -0.4734 0.4138
vn 0.9990 -0.0436 -0.0000
vn -0.3729 -0.9279 0.0000
vn -0.9299 -0.3679 -0.0000
vn -0.6874 -0.1061 0.7185
vn -0.1938 -0.2544 0.9475
vn 0.5499 -0.2908 0.7830
vn 0.9326 -0.1335 0.3354
vn 0.8331 -0.5531 -0.0000
vn 0.6057 -0.7957 0.0000
vn -0.9997 0.0237 0.0000
vn -0.9341 -0.1315 0.3319
vn -0.6778 0.1561 0.7184
vn -0.1008 0.1737 0.9796
vn 0.6383 0.0449 0.7685
vn 0.9551 0.0217 0.2955
vn 0.9998 0.0191 0.0000
vn -0.6091 0.7931 0.0000
vn -0.8470 0.5316 0.0000
vn -0.9230 0.1539 0.3526
vn -0.6564 0.3320 0.6774
vn -0.0559 0.4363 0.8981
vn 0.6212 0.3247 0.7132
vn 0.8566 0.3174 0.4069
vn 0.8709 0.4914 0.0000
vn 0.0000 0.0000 -0.0000
vn -0.9984 0.0565 0.0000
vn -0.7542 0.4734 0.4551
vn -0.7341 0.4113 0.5403
vn -0.6490 0.3824 0.6577
vn -0.0629 0.5078 0.8592
vn 0.5875 0.4240 0.6892
vn 0.7004 0.3840 0.6016
vn 0.8619 0.4887 0.1355
vn 0.9705 0.2410 -0.0000
vn -0.6866 0.7271 0.0000
vn -0.7703 0.6377 -0.0000
vn -0.8969 0.2300 0.3777
vn -0.6915 0.4166 0.5902
vn -0.6252 0.4343 0.6485
vn -0.0697 0.5487 0.8331
vn 0.5578 0.4666 0.6864
vn 0.6810 0.4320 0.5912
vn 0.8011 0.4448 0.4004
vn 0.8681 0.4964 0.0000
vn 0.0000 0.0000 0.0000
vn -0.6965 0.7175 0.0000
vn -0.7479 0.6638 -0.0000
vn -0.7073 0.6049 0.3658
vn -0.6690 0.5214 0.5296
vn -0.6724 0.4515 0.5866
vn -0.6006 0.4633 0.6517
vn -0.0693 0.5648 0.8223
vn 0.5335 0.4881 0.6908
vn 0.6584 0.4550 0.5996
vn 0.6474 0.4789 0.5929
vn 0.7220 0.6623 0.1999
vn 0.6920 0.7219 0.0000
vn 0.0000 0.0000 -0.0000
vn -0.9951 -0.0991 0.0000
vn -0.7295 0.5314 0.4305
vn -0.6865 0.4330 0.5841
vn -0.6660 0.3918 0.6348
vn -0.6843 0.3573 0.6357
vn -0.6129 0.3519 0.7075
vn -0.0715 0.4108 0.9089
vn 0.5436 0.3757 0.7506
vn 0.6729 0.3599 0.6463
vn 0.6712 0.3846 0.6338
vn 0.6744 0.3838 0.6308
vn 0.8758 0.4413 0.1954
vn 0.9942 0.1076 -0.0000
vn -0.9976 -0.0687 -0.0000
vn -0.8921 -0.0386 0.4502
vn -0.7202 -0.0336 0.6930
vn -0.7157 -0.0372 0.6974
vn -0.7174 -0.0479 0.6950
vn -0.6326 -0.0662 0.7716
vn -0.0746 -0.0755 0.9943
vn 0.5543 -0.0588 0.8303
vn 0.7065 -0.0378 0.7067
vn 0.7158 -0.0274 0.6978
vn 0.7329 -0.0210 0.6801
vn 0.8976 0.0028 0.4407
vn 0.9977 0.0679 0.0000
vn -0.9960 -0.0893 0.0000
vn -0.8661 -0.4681 0.1752
vn -0.6454 -0.4118 0.6433
vn -0.6520 -0.4207 0.6308
vn -0.6598 -0.4050 0.6330
vn -0.5917 -0.4190 0.6887
vn -0.0835 -0.4944 0.8652
vn 0.5130 -0.4302 0.7428
vn 0.6524 -0.3945 0.6471
vn 0.6559 -0.4097 0.6340
vn 0.6944 -0.4434 0.5667
vn 0.7250 -0.5661 0.3924
vn 0.9932 0.1162 -0.0000
vn 0.0000 0.0000 0.0000
vn -0.6898 -0.7240 0.0000
vn -0.7222 -0.6703 0.1709
vn -0.6362 -0.4697 0.6120
vn -0.6593 -0.4464 0.6050
vn -0.5979 -0.4513 0.6624
vn -0.0882 -0.5467 0.8327
vn 0.5147 -0.4758 0.7132
vn 0.6526 -0.4420 0.6154
vn 0.6782 -0.5021 0.5366
vn 0.7130 -0.6165 0.3340
vn 0.7424 -0.6699 0.0000
vn 0.7010 -0.7132 0.0000
vn 0.0000 0.0000 0.0000
vn -0.8314 -0.5557 -0.0000
vn -0.7906 -0.4841 0.3750
vn -0.6851 -0.4064 0.6046
vn -0.6262 -0.4146 0.6604
vn -0.0909 -0.5124 0.8539
vn 0.5438 -0.4383 0.7157
vn 0.6776 -0.4046 0.6142
vn 0.8922 -0.2452 0.3793
vn 0.7639 -0.6454 -0.0000
vn 0.6853 -0.7282 0.0000
vn 0.0000 0.0000 0.0000
vn -0.8790 -0.4769 0.0000
vn -0.7372 -0.3744 0.5624
vn -0.6437 -0.3911 0.6578
vn -0.0957 -0.4989 0.8613
vn 0.5584 -0.4188 0.7160
vn 0.7269 -0.4168 0.5458
vn 0.7589 -0.5213 0.3902
vn 0.9988 -0.0484 -0.0000
vn -0.8314 -0.5557 -0.0000
vn -0.8625 -0.2870 0.4168
vn -0.6637 -0.3316 0.6704
vn -0.0974 -0.4447 0.8904
vn 0.5762 -0.3728 0.7273
vn 0.9153 -0.1859 0.3572
vn 0.8153 -0.5791 -0.0000
vn 0.6179 -0.7863 -0.0000
vn -0.9997 -0.0237 0.0000
vn -0.9327 -0.0501 0.3571
vn -0.7003 -0.1159 0.7043
vn -0.0986 -0.1689 0.9807
vn 0.6399 -0.1407 0.7555
vn 0.9417 -0.0579 0.3315
vn 0.9999 -0.0164 0.0000
vn -0.9997 0.0256 0.0000
vn -0.9285 0.0830 0.3620
vn -0.6887 0.1900 0.6997
vn -0.0949 0.2595 0.9611
vn 0.6425 0.1890 0.7426
vn 0.9373 0.0722 0.3408
vn 0.9998 0.0201 0.0000
vn -0.6186 0.7857 0.0000
vn -0.8369 0.5473 0.0000
vn -0.9161 0.1737 0.3615
vn -0.6526 0.3482 0.6729
vn -0.0830 0.4472 0.8906
vn 0.6000 0.3626 0.7131
vn 0.8418 0.3496 0.4112
vn 0.8770 0.4806 0.0000
vn 0.0000 0.0000 0.0000
vn -0.9984 0.0571 0.0000
vn -0.7487 0.4925 0.4437
vn -0.7259 0.4175 0.5466
vn -0.6407 0.3875 0.6628
vn -0.0808 0.4983 0.8632
vn 0.5730 0.4182 0.7049
vn 0.6951 0.3842 0.6077
vn 0.7872 0.5900 0.1794
vn 0.6539 0.7566 0.0000
vn -0.6926 0.7213 -0.0000
vn -0.7604 0.6495 0.0000
vn -0.8895 0.2452 0.3854
vn -0.6781 0.4226 0.6014
vn -0.6170 0.4389 0.6532
vn -0.0820 0.5521 0.8297
vn 0.5431 0.4700 0.6958
vn 0.6734 0.4299 0.6014
vn 0.7067 0.4461 0.5492
vn 0.8695 0.4940 0.0000
vn 0.0000 0.0000 -0.0000
vn -0.7001 0.7140 0.0000
vn -0.7440 0.6682 0.0000
vn -0.7050 0.6173 0.3492
vn -0.6581 0.5301 0.5347
vn -0.6570 0.4629 0.5950
vn -0.5933 0.4762 0.6490
vn -0.0805 0.5825 0.8088
vn 0.5216 0.5023 0.6896
vn 0.6565 0.4532 0.6030
vn 0.6497 0.4652 0.6012
vn 0.7669 0.5281 0.3647
vn 0.8146 0.5801 0.0000
vn 0.0000 0.0000 -0.0000
vn -0.9945 -0.1045 0.0000
vn -0.7359 0.5389 0.4098
vn -0.6933 0.4220 0.5841
vn -0.6575 0.3952 0.6415
vn -0.6719 0.3731 0.6398
vn -0.6092 0.3771 0.6976
vn -0.0789 0.4410 0.8940
vn 0.5431 0.3868 0.7453
vn 0.6849 0.3448 0.6419
vn 0.6812 0.3547 0.6404
vn 0.6763 0.3589 0.6433
vn 0.8762 0.4352 0.2071
vn 0.9917 0.1289 -0.0000
vn -0.9977 -0.0671 -0.0000
vn -0.8937 -0.0510 0.4457
vn -0.7255 -0.0496 0.6864
vn -0.7170 -0.0362 0.6962
vn -0.7186 -0.0273 0.6949
vn -0.6389 -0.0332 0.7686
vn -0.0695 -0.0489 0.9964
vn 0.5726 -0.0572 0.8179
vn 0.7270 -0.0604 0.6840
vn 0.7242 -0.0675 0.6863
vn 0.7223 -0.0643 0.6886
vn 0.8910 -0.0196 0.4536
vn 0.9984 0.0565 0.0000
vn -0.9958 -0.0912 -0.0000
vn -0.8668 -0.4716 0.1618
vn -0.6580 -0.4138 0.6292
vn -0.6677 -0.4060 0.6240
vn -0.6720 -0.3805 0.6353
vn -0.5935 -0.4026 0.6969
vn -0.0583 -0.4918 0.8688
vn 0.5472 -0.4339 0.7158
vn 0.6770 -0.3987 0.6186
vn 0.6622 -0.4232 0.6184
vn 0.6719 -0.4730 0.5700
vn 0.7204 -0.5621 0.4063
vn 0.9948 0.1015 -0.0000
vn 0.0000 0.0000 0.0000
vn -0.6899 -0.7239 -0.0000
vn -0.7301 -0.6640 0.1614
vn -0.6641 -0.4454 0.6005
vn -0.6696 -0.4261 0.6083
vn -0.5794 -0.4565 0.6752
vn -0.0457 -0.5659 0.8232
vn 0.5471 -0.4806 0.6853
vn 0.6756 -0.4336 0.5963
vn 0.6882 -0.4952 0.5302
vn 0.7198 -0.5983 0.3521
vn 0.7497 -0.6617 -0.0000
vn 0.6929 -0.7210 -0.0000
vn 0.0000 0.0000 0.0000
vn -0.8601 -0.5101 0.0000
vn -0.8135 -0.4100 0.4124
vn -0.6893 -0.3998 0.6041
vn -0.5981 -0.4218 0.6815
vn -0.0406 -0.5168 0.8552
vn 0.5744 -0.4244 0.7000
vn 0.6966 -0.3842 0.6059
vn 0.9043 -0.2162 0.3682
vn 0.7801 -0.6257 0.0000
vn 0.6745 -0.7383 -0.0000
vn -0.9733 -0.2294 0.0000
vn -0.8639 -0.4881 0.1241
vn -0.7016 -0.3707 0.6085
vn -0.6286 -0.3854 0.6756
vn -0.0525 -0.4620 0.8853
vn 0.5979 -0.3627 0.7148
vn 0.7483 -0.3822 0.5422
vn 0.7696 -0.4987 0.3989
vn 0.9991 -0.0425 -0.0000
vn 0.0000 0.0000 0.0000
vn -0.8730 -0.4878 -0.0000
vn -0.8382 -0.3553 0.4137
vn -0.6551 -0.3567 0.6661
vn -0.0768 -0.4393 0.8950
vn 0.5990 -0.3415 0.7243
vn 0.9217 -0.1599 0.3534
vn 0.8352 -0.5499 -0.0000
vn 0.6121 -0.7907 0.0000
vn -0.9651 -0.2620 0.0000
vn -0.8793 -0.4514 0.1521
vn -0.6629 -0.3363 0.6689
vn -0.0951 -0.4376 0.8941
vn 0.5892 -0.3440 0.7311
vn 0.9199 -0.1485 0.3630
vn 0.9998 -0.0185 -0.0000
vn 0.0000 0.0000 0.0000
vn -0.8805 -0.4740 0.0000
vn -0.8117 -0.3298 0.4820
vn -0.1202 -0.3631 0.9240
vn 0.6097 -0.2610 0.7484
vn 0.8919 -0.1646 0.4213
vn 1.0000 0.0051 0.0000
vn -1.0000 0.0093 0.0000
vn -0.9353 -0.0178 0.3534
vn -0.2223 0.0146 0.9749
vn 0.6168 0.1564 0.7714
vn -0.6591 -0.7521 -0.0000
vn 0.1266 -0.9920 0.0000
vn -0.7058 0.7084 0.0000
vn -0.7204 0.6935 -0.0000
vn -0.8921 0.2121 0.3989
vn -0.2819 0.4591 0.8425
vn 0.4104 0.4963 0.7650
vn 0.7739 0.4783 0.4152
vn 0.8379 0.5458 0.0000
vn 0.0000 0.0000 -0.0000
vn -0.7228 0.6910 -0.0000
vn -0.6946 0.7194 0.0000
vn -0.6786 0.6546 0.3332
vn -0.5915 0.5842 0.5556
vn -0.2577 0.6308 0.7319
vn 0.3294 0.6258 0.7070
vn 0.5769 0.5487 0.6051
vn 0.6984 0.6971 0.1620
vn 0.7125 0.7016 0.0000
vn 0.0000 0.0000 0.0000
vn -0.7352 0.6778 0.0000
vn -0.6779 0.7352 0.0000
vn -0.6534 0.6852 0.3219
vn -0.5895 0.6032 0.5373
vn -0.5468 0.5704 0.6129
vn -0.2514 0.6576 0.7102
vn 0.3066 0.6526 0.6929
vn 0.5581 0.5780 0.5954
vn 0.5463 0.5857 0.5987
vn 0.6796 0.7077 0.1931
vn 0.7092 0.7051 0.0000
vn 0.0000 0.0000 -0.0000
vn -0.6123 0.7906 -0.0000
vn -0.7887 0.6148 0.0000
vn -0.6908 0.6394 0.3376
vn -0.6099 0.5447 0.5756
vn -0.5738 0.5188 0.6337
vn -0.5624 0.5190 0.6436
vn -0.2673 0.6007 0.7535
vn 0.3075 0.6002 0.7384
vn 0.5735 0.5257 0.6283
vn 0.5798 0.5215 0.6260
vn 0.5808 0.5030 0.6401
vn 0.7275 0.6240 0.2854
vn 0.6205 0.7842 0.0000
vn 0.0000 0.0000 0.0000
vn -0.8070 -0.5905 0.0000
vn -0.9131 0.0518 0.4044
vn -0.7804 0.0747 0.6208
vn -0.6922 0.0784 0.7174
vn -0.6774 0.1200 0.7257
vn -0.6558 0.1531 0.7392
vn -0.3072 0.2003 0.9303
vn 0.3360 0.2041 0.9195
vn 0.6680 0.1629 0.7261
vn 0.6885 0.1253 0.7144
vn 0.6931 0.0818 0.7162
vn 0.7723 -0.0145 0.6351
vn 0.8997 -0.0176 0.4361
vn 0.7992 0.6011 -0.0000
vn 0.0000 0.0000 0.0000
vn -0.8183 -0.5748 -0.0000
vn -0.7901 -0.4015 0.4632
vn -0.6613 -0.3961 0.6370
vn -0.6619 -0.3595 0.6578
vn -0.6516 -0.3218 0.6869
vn -0.3213 -0.3477 0.8809
vn 0.3408 -0.3411 0.8761
vn 0.6653 -0.3072 0.6804
vn 0.6776 -0.3397 0.6523
vn 0.6710 -0.3887 0.6314
vn 0.8332 -0.3489 0.4291
vn 0.8055 -0.5925 0.0000
vn 0.6114 -0.7913 0.0000
vn -0.9902 -0.1395 0.0000
vn -0.8371 -0.5349 0.1148
vn -0.6220 -0.4892 0.6114
vn -0.6465 -0.4767 0.5956
vn -0.6319 -0.4572 0.6259
vn -0.3119 -0.5429 0.7798
vn 0.3346 -0.5442 0.7693
vn 0.6353 -0.4648 0.6167
vn 0.6476 -0.4745 0.5961
vn 0.7215 -0.4619 0.5159
vn 0.7403 -0.6723 0.0000
vn 0.9827 -0.1851 0.0000
vn 0.0000 0.0000 0.0000
vn -0.6927 -0.7212 -0.0000
vn -0.7335 -0.6635 0.1473
vn -0.6656 -0.4423 0.6011
vn -0.6558 -0.4367 0.6159
vn -0.3179 -0.5300 0.7861
vn 0.3597 -0.5243 0.7718
vn 0.6593 -0.4414 0.6087
vn 0.6821 -0.4968 0.5365
vn 0.7183 -0.5570 0.4169
vn 0.8562 -0.5167 -0.0000
vn 0.0000 0.0000 0.0000
vn -0.8565 -0.5162 -0.0000
vn -0.8223 -0.3903 0.4142
vn -0.6793 -0.3960 0.6178
vn -0.3349 -0.4922 0.8034
vn 0.3792 -0.4781 0.7922
vn 0.6848 -0.3813 0.6210
vn 0.9065 -0.1991 0.3724
vn 0.7990 -0.6014 -0.0000
vn 0.6547 -0.7559 0.0000
vn -0.9711 -0.2387 0.0000
vn -0.8732 -0.4632 0.1512
vn -0.6960 -0.3212 0.6421
vn -0.3642 -0.4116 0.8354
vn 0.3932 -0.3989 0.8284
vn 0.7294 -0.3743 0.5725
vn 0.7927 -0.4141 0.4474
vn 0.9988 -0.0490 0.0000
vn 0.0000 0.0000 0.0000
vn -0.8991 -0.4376 0.0000
vn -0.8843 -0.2178 0.4130
vn -0.4159 -0.1346 0.8994
vn 0.4321 -0.1241 0.8932
vn 0.9429 -0.0355 0.3311
vn 0.8950 -0.4461 -0.0000
vn 0.6047 -0.7964 0.0000
vn -0.6241 0.7813 0.0000
vn -0.8452 0.5345 0.0000
vn -0.9350 0.0935 0.3421
vn -0.4085 0.2512 0.8775
vn 0.4105 0.2535 0.8759
vn 0.8663 0.2595 0.4268
vn 0.8820 0.4713 0.0000
vn 0.0000 0.0000 -0.0000
vn -0.9991 0.0424 0.0000
vn -0.7783 0.4803 0.4044
vn -0.7243 0.3986 0.5627
vn -0.3673 0.4278 0.8259
vn 0.3776 0.4192 0.8256
vn 0.7007 0.3251 0.6351
vn 0.8704 0.4703 0.1456
vn 0.9652 0.2616 -0.0000
vn -0.6624 0.7491 0.0000
vn -0.7754 0.6315 -0.0000
vn -0.9025 0.2162 0.3725
vn -0.6793 0.3831 0.6260
vn -0.3453 0.4751 0.8093
vn 0.3711 0.4657 0.8034
vn 0.6857 0.3748 0.6239
vn 0.8213 0.3916 0.4148
vn 0.8617 0.5074 0.0000
vn 0.0000 0.0000 0.0000
vn -0.6953 0.7187 0.0000
vn -0.7556 0.6550 -0.0000
vn -0.7172 0.5920 0.3676
vn -0.6838 0.4915 0.5394
vn -0.6546 0.4349 0.6183
vn -0.3264 0.5270 0.7847
vn 0.3563 0.5204 0.7760
vn 0.6567 0.4326 0.6178
vn 0.6512 0.4478 0.6127
vn 0.7247 0.6652 0.1800
vn 0.6986 0.7155 0.0000
vn 0.0000 0.0000 0.0000
vn -0.6751 0.7377 0.0000
vn -0.7649 0.6442 0.0000
vn -0.6899 0.5969 0.4096
vn -0.6434 0.5295 0.5529
vn -0.6372 0.4786 0.6041
vn -0.6315 0.4625 0.6223
vn -0.3109 0.5381 0.7834
vn 0.3413 0.5321 0.7748
vn 0.6340 0.4575 0.6235
vn 0.6370 0.4746 0.6074
vn 0.6133 0.4826 0.6253
vn 0.7519 0.6321 0.1873
vn 0.5652 0.8249 0.0000
vn -0.9976 -0.0695 0.0000
vn -0.7382 0.4381 0.5129
vn -0.7130 0.3340 0.6165
vn -0.6758 0.3120 0.6679
vn -0.6780 0.2879 0.6764
vn -0.6599 0.2411 0.7117
vn -0.3048 0.2218 0.9262
vn 0.3510 0.2164 0.9110
vn 0.6729 0.2214 0.7058
vn 0.6827 0.2613 0.6823
vn 0.6774 0.2927 0.6749
vn 0.7111 0.2990 0.6363
vn 0.8914 0.4532 0.0000
vn 0.0000 0.0000 -0.0000
vn -0.8779 -0.4788 -0.0000
vn -0.8770 -0.3924 0.2771
vn -0.6954 -0.1786 0.6961
vn -0.6885 -0.1995 0.6972
vn -0.6671 -0.2249 0.7102
vn -0.6251 -0.2661 0.7338
vn -0.2776 -0.3396 0.8986
vn 0.3385 -0.3483 0.8741
vn 0.6373 -0.2894 0.7142
vn 0.6613 -0.2562 0.7051
vn 0.6720 -0.2232 0.7061
vn 0.7376 -0.2167 0.6396
vn 0.7957 -0.3252 0.5110
vn 0.9902 0.1394 0.0000
vn 0.0000 0.0000 0.0000
vn -0.6453 -0.7639 0.0000
vn -0.7150 -0.6637 0.2196
vn -0.5754 -0.5453 0.6096
vn -0.5665 -0.5597 0.6049
vn -0.5389 -0.5633 0.6264
vn -0.2443 -0.6327 0.7349
vn 0.3070 -0.6165 0.7250
vn 0.5596 -0.5417 0.6272
vn 0.5679 -0.5430 0.6186
vn 0.5933 -0.5736 0.5648
vn 0.6647 -0.6475 0.3728
vn 0.7586 -0.6516 0.0000
vn 0.6432 -0.7657 0.0000
vn 0.0000 0.0000 0.0000
vn -0.7109 -0.7033 -0.0000
vn -0.6870 -0.7082 0.1631
vn -0.5493 -0.5880 0.5937
vn -0.5437 -0.5905 0.5964
vn -0.2630 -0.6587 0.7050
vn 0.2934 -0.6379 0.7121
vn 0.5632 -0.5467 0.6196
vn 0.6009 -0.5804 0.5496
vn 0.6397 -0.6693 0.3779
vn 0.6752 -0.7376 0.0000
vn 0.7333 -0.6799 0.0000
vn 0.0000 0.0000 0.0000
vn -0.7110 -0.7032 0.0000
vn -0.6980 -0.6997 0.1524
vn -0.5523 -0.5700 0.6083
vn -0.2890 -0.6600 0.6935
vn 0.2690 -0.6496 0.7111
vn 0.5906 -0.5777 0.5635
vn 0.6677 -0.6439 0.3736
vn 0.7026 -0.7116 -0.0000
vn 0.7249 -0.6888 -0.0000
vn 0.0000 0.0000 0.0000
vn -0.7040 -0.7102 0.0000
vn -0.6866 -0.7017 0.1904
vn -0.2861 -0.6607 0.6939
vn 0.2729 -0.7174 0.6410
vn 0.6634 -0.6548 0.3621
vn 0.7342 -0.6789 0.0000
vn 0.6924 -0.7215 -0.0000
vn 0.0000 0.0000 0.0000
vn -0.7412 -0.6713 -0.0000
vn -0.4166 -0.8716 0.2584
vn 0.4835 -0.7424 0.4637
vn 0.6973 -0.7168 -0.0000
vn 0.6786 -0.7345 -0.0000
vn 0.0000 0.0000 0.0000
vn -0.3611 -0.9325 0.0000
vn -0.0907 -0.9959 0.0000
vn 0.7129 -0.7013 0.0000
vn -0.4294 0.7582 -0.4907
vn 0.4453 0.8661 -0.2272
vn -0.6531 0.6645 -0.3632
vn -0.1873 0.7394 -0.6467
vn 0.3485 0.6260 -0.6976
vn 0.6996 0.6936 -0.1715
vn -0.6724 0.6468 -0.3598
vn -0.5639 0.6064 -0.5606
vn -0.1619 0.6819 -0.7133
vn 0.3878 0.6373 -0.6660
vn 0.5669 0.5314 -0.6295
vn 0.7088 0.6949 -0.1215
vn -0.6469 0.6723 -0.3598
vn -0.5992 0.5944 -0.5364
vn -0.5377 0.5779 -0.6140
vn -0.1691 0.6765 -0.7168
vn 0.3825 0.6416 -0.6648
vn 0.5754 0.5772 -0.5795
vn 0.5410 0.5655 -0.6225
vn 0.6878 0.7155 -0.1219
vn -0.6618 0.6633 -0.3494
vn -0.5895 0.5919 -0.5497
vn -0.5659 0.5609 -0.6043
vn -0.5358 0.5666 -0.6260
vn -0.1785 0.6531 -0.7359
vn 0.3681 0.6273 -0.6863
vn 0.5629 0.5749 -0.5939
vn 0.5617 0.5853 -0.5848
vn 0.5479 0.5586 -0.6227
vn 0.7429 0.6397 -0.1972
vn -0.7601 0.4698 -0.4489
vn -0.7304 0.2724 -0.6264
vn -0.6635 0.2850 -0.6918
vn -0.6511 0.3180 -0.6892
vn -0.6024 0.3526 -0.7161
vn -0.1976 0.4168 -0.8873
vn 0.4055 0.3975 -0.8231
vn 0.6356 0.3392 -0.6935
vn 0.6591 0.3172 -0.6819
vn 0.6823 0.2791 -0.6757
vn 0.8110 0.1376 -0.5686
vn -0.8803 -0.4169 -0.2264
vn -0.6929 -0.2546 -0.6746
vn -0.6981 -0.2332 -0.6769
vn -0.6981 -0.1871 -0.6911
vn -0.6554 -0.1522 -0.7398
vn -0.2083 -0.1418 -0.9677
vn 0.4350 -0.1413 -0.8892
vn 0.6829 -0.1588 -0.7130
vn 0.6994 -0.1996 -0.6863
vn 0.7077 -0.2339 -0.6666
vn 0.8870 -0.1417 -0.4396
vn -0.7272 -0.6569 -0.1992
vn -0.6468 -0.4663 -0.6036
vn -0.6587 -0.4396 -0.6106
vn -0.6182 -0.4346 -0.6549
vn -0.2110 -0.5222 -0.8263
vn 0.4231 -0.4907 -0.7618
vn 0.6460 -0.4376 -0.6255
vn 0.6541 -0.4562 -0.6034
vn 0.6665 -0.5041 -0.5492
vn 0.6933 -0.5680 -0.4436
vn -0.8002 -0.4418 -0.4057
vn -0.6777 -0.4339 -0.5937
vn -0.6338 -0.4306 -0.6425
vn -0.2112 -0.5321 -0.8199
vn 0.4425 -0.4952 -0.7476
vn 0.6608 -0.4388 -0.6089
vn 0.6865 -0.4946 -0.5330
vn 0.7223 -0.5818 -0.3738
vn -0.8540 -0.5099 -0.1033
vn -0.6949 -0.3889 -0.6049
vn -0.6615 -0.3952 -0.6374
vn -0.2176 -0.4929 -0.8424
vn 0.4730 -0.4473 -0.7591
vn 0.6906 -0.3877 -0.6105
vn 0.9036 -0.2200 -0.3676
vn -0.8130 -0.2148 -0.5412
vn -0.6886 -0.3302 -0.6456
vn -0.2246 -0.4494 -0.8646
vn 0.4884 -0.4198 -0.7650
vn 0.7323 -0.4031 -0.5489
vn 0.7776 -0.4734 -0.4138
vn -0.6874 -0.1061 -0.7185
vn -0.1938 -0.2544 -0.9475
vn 0.5499 -0.2908 -0.7830
vn 0.9326 -0.1335 -0.3354
vn -0.9341 -0.1315 -0.3319
vn -0.6778 0.1561 -0.7184
vn -0.1008 0.1737 -0.9796
vn 0.6383 0.0449 -0.7685
vn 0.9551 0.0217 -0.2955
vn -0.9230 0.1539 -0.3526
vn -0.6564 0.3320 -0.6774
vn -0.0559 0.4363 -0.8981
vn 0.6212 0.3247 -0.7132
vn 0.8566 0.3174 -0.4069
vn -0.7542 0.4734 -0.4551
vn -0.7341 0.4113 -0.5403
vn -0.6490 0.3824 -0.6577
vn -0.0629 0.5078 -0.8592
vn 0.5875 0.4240 -0.6892
vn 0.7004 0.3840 -0.6016
vn 0.8619 0.4887 -0.1355
vn -0.8969 0.2300 -0.3777
vn -0.6915 0.4166 -0.5902
vn -0.6252 0.4343 -0.6485
vn -0.0697 0.5487 -0.8331
vn 0.5578 0.4666 -0.6864
vn 0.6810 0.4320 -0.5912
vn 0.8011 0.4448 -0.4004
vn -0.7073 0.6049 -0.3658
vn -0.6690 0.5214 -0.5296
vn -0.6724 0.4515 -0.5866
vn -0.6006 0.4633 -0.6517
vn -0.0693 0.5648 -0.8223
vn 0.5335 0.4881 -0.6908
vn 0.6584 0.4550 -0.5996
vn 0.6474 0.4789 -0.5929
vn 0.7220 0.6623 -0.1999
vn -0.7295 0.5314 -0.4305
vn -0.6865 0.4330 -0.5841
vn -0.6660 0.3918 -0.6348
vn -0.6843 0.3573 -0.6357
vn -0.6129 0.3519 -0.7075
vn -0.0715 0.4108 -0.9089
vn 0.5436 0.3757 -0.7506
vn 0.6729 0.3599 -0.6463
vn 0.6712 0.3846 -0.6338
vn 0.6744 0.3838 -0.6308
vn 0.8758 0.4413 -0.1954
vn -0.8921 -0.0386 -0.4502
vn -0.7202 -0.0336 -0.6930
vn -0.7157 -0.0372 -0.6974
vn -0.7174 -0.0479 -0.6950
vn -0.6326 -0.0662 -0.7716
vn -0.0746 -0.0755 -0.9943
vn 0.5543 -0.0588 -0.8303
vn 0.7065 -0.0378 -0.7067
vn 0.7158 -0.0274 -0.6978
vn 0.7329 -0.0210 -0.6801
vn 0.8976 0.0028 -0.4407
vn -0.8661 -0.4681 -0.1752
vn -0.6454 -0.4118 -0.6433
vn -0.6520 -0.4207 -0.6308
vn -0.6598 -0.4050 -0.6330
vn -0.5917 -0.4190 -0.6887
vn -0.0835 -0.4944 -0.8652
vn 0.5130 -0.4302 -0.7428
vn 0.6524 -0.3945 -0.6471
vn 0.6559 -0.4097 -0.6340
vn 0.6944 -0.4434 -0.5667
vn 0.7250 -0.5661 -0.3924
vn -0.7222 -0.6703 -0.1709
vn -0.6362 -0.4697 -0.6120
vn -0.6593 -0.4464 -0.6050
vn -0.5979 -0.4513 -0.6624
vn -0.0882 -0.5467 -0.8327
vn 0.5147 -0.4758 -0.7132
vn 0.6526 -0.4420 -0.6154
vn 0.6782 -0.5021 -0.5366
vn 0.7130 -0.6165 -0.3340
vn -0.7906 -0.4841 -0.3750
vn -0.6851 -0.4064 -0.6046
vn -0.6262 -0.4146 -0.6604
vn -0.0909 -0.5124 -0.8539
vn 0.5438 -0.4383 -0.7157
vn 0.6776 -0.4046 -0.6142
vn 0.8922 -0.2452 -0.3793
vn -0.7372 -0.3744 -0.5624
vn -0.6437 -0.3911 -0.6578
vn -0.0957 -0.4989 -0.8613
vn 0.5584 -0.4188 -0.7160
vn 0.7269 -0.4168 -0.5458
vn 0.7589 -0.5213 -0.3902
vn -0.8625 -0.2870 -0.4168
vn -0.6637 -0.3316 -0.6704
vn -0.0974 -0.4447 -0.8904
vn 0.5762 -0.3728 -0.7273
vn 0.9153 -0.1859 -0.3572
vn -0.9327 -0.0501 -0.3571
vn -0.7003 -0.1159 -0.7043
vn -0.0986 -0.1689 -0.9807
vn 0.6399 -0.1407 -0.7555
vn 0.9417 -0.0579 -0.3315
vn -0.9285 0.0830 -0.3620
vn -0.6887 0.1900 -0.6997
vn -0.0949 0.2595 -0.9611
vn 0.6425 0.1890 -0.7426
vn 0.9373 0.0722 -0.3408
vn -0.9161 0.1737 -0.3615
vn -0.6526 0.3482 -0.6729
vn -0.0830 0.4472 -0.8906
vn 0.6000 0.3626 -0.7131
vn 0.8418 0.3496 -0.4112
vn -0.7487 0.4925 -0.4437
vn -0.7259 0.4175 -0.5466
vn -0.6407 0.3875 -0.6628
vn -0.0808 0.4983 -0.8632
vn 0.5730 0.4182 -0.7049
vn 0.6951 0.3842 -0.6077
vn 0.7872 0.5900 -0.1794
vn -0.8895 0.2452 -0.3854
vn -0.6781 0.4226 -0.6014
vn -0.6170 0.4389 -0.6532
vn -0.0820 0.5521 -0.8297
vn 0.5431 0.4700 -0.6958
vn 0.6734 0.4299 -0.6014
vn 0.7067 0.4461 -0.5492
vn -0.7050 0.6173 -0.3492
vn -0.6581 0.5301 -0.5347
vn -0.6570 0.4629 -0.5950
vn -0.5933 0.4762 -0.6490
vn -0.0805 0.5825 -0.8088
vn 0.5216 0.5023 -0.6896
vn 0.6565 0.4532 -0.6030
vn 0.6497 0.4652 -0.6012
vn 0.7669 0.5281 -0.3647
vn -0.7359 0.5389 -0.4098
vn -0.6933 0.4220 -0.5841
vn -0.6575 0.3952 -0.6415
vn -0.6719 0.3731 -0.6398
vn -0.6092 0.3771 -0.6976
vn -0.0789 0.4410 -0.8940
vn 0.5431 0.3868 -0.7453
vn 0.6849 0.3448 -0.6419
vn 0.6812 0.3547 -0.6404
vn 0.6763 0.3589 -0.6433
vn 0.8762 0.4352 -0.2071
vn -0.8937 -0.0510 -0.4457
vn -0.7255 -0.0496 -0.6864
vn -0.7170 -0.0362 -0.6962
vn -0.7186 -0.0273 -0.6949
vn -0.6389 -0.0332 -0.7686
vn -0.0695 -0.0489 -0.9964
vn 0.5726 -0.0572 -0.8179
vn 0.7270 -0.0604 -0.6840
vn 0.7242 -0.0675 -0.6863
vn 0.7223 -0.0643 -0.6886
vn 0.8910 -0.0196 -0.4536
vn -0.8668 -0.4716 -0.1618
vn -0.6580 -0.4138 -0.6292
vn -0.6677 -0.4060 -0.6240
vn -0.6720 -0.3805 -0.6353
vn -0.5935 -0.4026 -0.6969
vn -0.0583 -0.4918 -0.8688
vn 0.5472 -0.4339 -0.7158
vn 0.6770 -0.3987 -0.6186
vn 0.6622 -0.4232 -0.6184
vn 0.6719 -0.4730 -0.5700
vn 0.7204 -0.5621 -0.4063
vn -0.7301 -0.6640 -0.1614
vn -0.6641 -0.4454 -0.6005
vn -0.6696 -0.4261 -0.6083
vn -0.5794 -0.4565 -0.6752
vn -0.0457 -0.5659 -0.8232
vn 0.5471 -0.4806 -0.6853
vn 0.6756 -0.4336 -0.5963
vn 0.6882 -0.4952 -0.5302
vn 0.7198 -0.5983 -0.3521
vn -0.8135 -0.4100 -0.4124
vn -0.6893 -0.3998 -0.6041
vn -0.5981 -0.4218 -0.6815
vn -0.0406 -0.5168 -0.8552
vn 0.5744 -0.4244 -0.7000
vn 0.6966 -0.3842 -0.6059
vn 0.9043 -0.2162 -0.3682
vn -0.8639 -0.4881 -0.1241
vn -0.7016 -0.3707 -0.6085
vn -0.6286 -0.3854 -0.6756
vn -0.0525 -0.4620 -0.8853
vn 0.5979 -0.3627 -0.7148
vn 0.7483 -0.3822 -0.5422
vn 0.7696 -0.4987 -0.3989
vn -0.8382 -0.3553 -0.4137
vn -0.6551 -0.3567 -0.6661
vn -0.0768 -0.4393 -0.8950
vn 0.5990 -0.3415 -0.7243
vn 0.9217 -0.1599 -0.3534
vn -0.8793 -0.4514 -0.1521
vn -0.6629 -0.3363 -0.6689
vn -0.0951 -0.4376 -0.8941
vn 0.5892 -0.3440 -0.7311
vn 0.9199 -0.1485 -0.3630
vn -0.8117 -0.3298 -0.4820
vn -0.1202 -0.3631 -0.9240
vn 0.6097 -0.2610 -0.7484
vn 0.8919 -0.1646 -0.4213
vn -0.9353 -0.0178 -0.3534
vn -0.2223 0.0146 -0.9749
vn 0.6168 0.1564 -0.7714
vn -0.8921 0.2121 -0.3989
vn -0.2819 0.4591 -0.8425
vn 0.4104 0.4963 -0.7650
vn 0.7739 0.4783 -0.4152
vn -0.6786 0.6546 -0.3332
vn -0.5915 0.5842 -0.5556
vn -0.2577 0.6308 -0.7319
vn 0.3294 0.6258 -0.7070
vn 0.5769 0.5487 -0.6051
vn 0.6984 0.6971 -0.1620
vn -0.6534 0.6852 -0.3219
vn -0.5895 0.6032 -0.5373
vn -0.5468 0.5704 -0.6129
vn -0.2514 0.6576 -0.7102
vn 0.3066 0.6526 -0.6929
vn 0.5581 0.5780 -0.5954
vn 0.5463 0.5857 -0.5987
vn 0.6796 0.7077 -0.1931
vn -0.6908 0.6394 -0.3376
vn -0.6099 0.5447 -0.5756
vn -0.5738 0.5188 -0.6337
vn -0.5624 0.5190 -0.6436
vn -0.2673 0.6007 -0.7535
vn 0.3075 0.6002 -0.7384
vn 0.5735 0.5257 -0.6283
vn 0.5798 0.5215 -0.6260
vn 0.5808 0.5030 -0.6401
vn 0.7275 0.6240 -0.2854
vn -0.9131 0.0518 -0.4044
vn -0.7804 0.0747 -0.6208
vn -0.6922 0.0784 -0.7174
vn -0.6774 0.1200 -0.7257
vn -0.6558 0.1531 -0.7392
vn -0.3072 0.2003 -0.9303
vn 0.3360 0.2041 -0.9195
vn 0.6680 0.1629 -0.7261
vn 0.6885 0.1253 -0.7144
vn 0.6931 0.0818 -0.7162
vn 0.7723 -0.0145 -0.6351
vn 0.8997 -0.0176 -0.4361
vn -0.7901 -0.4015 -0.4632
vn -0.6613 -0.3961 -0.6370
vn -0.6619 -0.3595 -0.6578
vn -0.6516 -0.3218 -0.6869
vn -0.3213 -0.3477 -0.8809
vn 0.3408 -0.3411 -0.8761
vn 0.6653 -0.3072 -0.6804
vn 0.6776 -0.3397 -0.6523
vn 0.6710 -0.3887 -0.6314
vn 0.8332 -0.3489 -0.4291
vn -0.8371 -0.5349 -0.1148
vn -0.6220 -0.4892 -0.6114
vn -0.6465 -0.4767 -0.5956
vn -0.6319 -0.4572 -0.6259
vn -0.3119 -0.5429 -0.7798
vn 0.3346 -0.5442 -0.7693
vn 0.6353 -0.4648 -0.6167
vn 0.6476 -0.4745 -0.5961
vn 0.7215 -0.4619 -0.5159
vn -0.7335 -0.6635 -0.1473
vn -0.6656 -0.4423 -0.6011
vn -0.6558 -0.4367 -0.6159
vn -0.3179 -0.5300 -0.7861
vn 0.3597 -0.5243 -0.7718
vn 0.6593 -0.4414 -0.6087
vn 0.6821 -0.4968 -0.5365
vn 0.7183 -0.5570 -0.4169
vn -0.8223 -0.3903 -0.4142
vn -0.6793 -0.3960 -0.6178
vn -0.3349 -0.4922 -0.8034
vn 0.3792 -0.4781 -0.7922
vn 0.6848 -0.3813 -0.6210
vn 0.9065 -0.1991 -0.3724
vn -0.8732 -0.4632 -0.1512
vn -0.6960 -0.3212 -0.6421
vn -0.3642 -0.4116 -0.8354
vn 0.3932 -0.3989 -0.8284
vn 0.7294 -0.3743 -0.5725
vn 0.7927 -0.4141 -0.4474
vn -0.8843 -0.2178 -0.4130
vn -0.4159 -0.1346 -0.8994
vn 0.4321 -0.1241 -0.8932
vn 0.9429 -0.0355 -0.3311
vn -0.9350 0.0935 -0.3421
vn -0.4085 0.2512 -0.8775
vn 0.4105 0.2535 -0.8759
vn 0.8663 0.2595 -0.4268
vn -0.7783 0.4803 -0.4044
vn -0.7243 0.3986 -0.5627
vn -0.3673 0.4278 -0.8259
vn 0.3776 0.4192 -0.8256
vn 0.7007 0.3251 -0.6351
vn 0.8704 0.4703 -0.1456
vn -0.9025 0.2162 -0.3725
vn -0.6793 0.3831 -0.6260
vn -0.3453 0.4751 -0.8093
vn 0.3711 0.4657 -0.8034
vn 0.6857 0.3748 -0.6239
vn 0.8213 0.3916 -0.4148
vn -0.7172 0.5920 -0.3676
vn -0.6838 0.4915 -0.5394
vn -0.6546 0.4349 -0.6183
vn -0.3264 0.5270 -0.7847
vn 0.3563 0.5204 -0.7760
vn 0.6567 0.4326 -0.6178
vn 0.6512 0.4478 -0.6127
vn 0.7247 0.6652 -0.1800
vn -0.6899 0.5969 -0.4096
vn -0.6434 0.5295 -0.5529
vn -0.6372 0.4786 -0.6041
vn -0.6315 0.4625 -0.6223
vn -0.3109 0.5381 -0.7834
vn 0.3413 0.5321 -0.7748
vn 0.6340 0.4575 -0.6235
vn 0.6370 0.4746 -0.6074
vn 0.6133 0.4826 -0.6253
vn 0.7519 0.6321 -0.1873
vn -0.7382 0.4381 -0.5129
vn -0.7130 0.3340 -0.6165
vn -0.6758 0.3120 -0.6679
vn -0.6780 0.2879 -0.6764
vn -0.6599 0.2411 -0.7117
vn -0.3048 0.2218 -0.9262
vn 0.3510 0.2164 -0.9110
vn 0.6729 0.2214 -0.7058
vn 0.6827 0.2613 -0.6823
vn 0.6774 0.2927 -0.6749
vn 0.7111 0.2990 -0.6363
vn -0.8770 -0.3924 -0.2771
vn -0.6954 -0.1786 -0.6961
vn -0.6885 -0.1995 -0.6972
vn -0.6671 -0.2249 -0.7102
vn -0.6251 -0.2661 -0.7338
vn -0.2776 -0.3396 -0.8986
vn 0.3385 -0.3483 -0.8741
vn 0.6373 -0.2894 -0.7142
vn 0.6613 -0.2562 -0.7051
vn 0.6720 -0.2232 -0.7061
vn 0.7376 -0.2167 -0.6396
vn 0.7957 -0.3252 -0.5110
vn -0.7150 -0.6637 -0.2196
vn -0.5754 -0.5453 -0.6096
vn -0.5665 -0.5597 -0.6049
vn -0.5389 -0.5633 -0.6264
vn -0.2443 -0.6327 -0.7349
vn 0.3070 -0.6165 -0.7250
vn 0.5596 -0.5417 -0.6272
vn 0.5679 -0.5430 -0.6186
vn 0.5933 -0.5736 -0.5648
vn 0.6647 -0.6475 -0.3728
vn -0.6870 -0.7082 -0.1631
vn -0.5493 -0.5880 -0.5937
vn -0.5437 -0.5905 -0.5964
vn -0.2630 -0.6587 -0.7050
vn 0.2934 -0.6379 -0.7121
vn 0.5632 -0.5467 -0.6196
vn 0.6009 -0.5804 -0.5496
vn 0.6397 -0.6693 -0.3779
vn -0.6980 -0.6997 -0.1524
vn -0.5523 -0.5700 -0.6083
vn -0.2890 -0.6600 -0.6935
vn 0.2690 -0.6496 -0.7111
vn 0.5906 -0.5777 -0.5635
vn 0.6677 -0.6439 -0.3736
vn -0.6866 -0.7017 -0.1904
vn -0.2861 -0.6607 -0.6939
vn 0.2729 -0.7174 -0.6410
vn 0.6634 -0.6548 -0.3621
vn -0.4166 -0.8716 -0.2584
vn 0.4835 -0.7424 -0.4637
vn -0.7358 0.6772 0.0000
vn 0.0788 0.9969 -0.0000
vn 0.2378 0.9713 0.0000
vn 0.0000 0.0000 0.0000
vn -0.6786 0.7345 -0.0000
vn -0.6809 0.7323 0.0000
vn -0.4417 0.7549 0.4848
vn 0.4384 0.8663 0.2396
vn 0.7308 0.6826 -0.0000
vn 0.0000 0.0000 0.0000
vn -0.6900 0.7238 0.0000
vn -0.7364 0.6766 0.0000
vn -0.6560 0.6612 0.3640
vn -0.2092 0.7295 0.6512
vn 0.3375 0.6278 0.7014
vn 0.6966 0.6965 0.1723
vn 0.7018 0.7124 0.0000
vn 0.0000 0.0000 -0.0000
vn -0.7239 0.6899 0.0000
vn -0.7080 0.7062 -0.0000
vn -0.6712 0.6446 0.3659
vn -0.5723 0.6017 0.5572
vn -0.1802 0.6737 0.7167
vn 0.3693 0.6353 0.6783
vn 0.5511 0.5459 0.6310
vn 0.6988 0.7026 0.1342
vn 0.7140 0.7001 0.0000
vn 0.0000 0.0000 -0.0000
vn -0.7345 0.6786 0.0000
vn -0.6772 0.7358 -0.0000
vn -0.6448 0.6692 0.3693
vn -0.6034 0.5930 0.5331
vn -0.5404 0.5790 0.6105
vn -0.1764 0.6700 0.7211
vn 0.3659 0.6369 0.6786
vn 0.5498 0.5828 0.5984
vn 0.5252 0.5834 0.6195
vn 0.6836 0.7146 0.1483
vn 0.7136 0.7006 0.0000
vn 0.0000 0.0000 -0.0000
vn -0.6779 0.7352 0.0000
vn -0.7301 0.6834 0.0000
vn -0.6592 0.6591 0.3620
vn -0.5975 0.5851 0.5483
vn -0.5777 0.5550 0.5985
vn -0.5361 0.5671 0.6253
vn -0.1739 0.6523 0.7378
vn 0.3564 0.6244 0.6951
vn 0.5390 0.5753 0.6152
vn 0.5421 0.5792 0.6088
vn 0.5534 0.5523 0.6235
vn 0.7140 0.6693 0.2056
vn 0.6481 0.7615 0.0000
vn 0.0000 0.0000 0.0000
vn -0.9967 -0.0806 -0.0000
vn -0.7582 0.4573 0.4649
vn -0.7295 0.2708 0.6281
vn -0.6717 0.2836 0.6844
vn -0.6625 0.3137 0.6802
vn -0.6040 0.3537 0.7142
vn -0.1919 0.4270 0.8837
vn 0.4011 0.4052 0.8216
vn 0.6212 0.3307 0.7105
vn 0.6464 0.2856 0.7075
vn 0.6765 0.2394 0.6965
vn 0.7788 0.1054 0.6184
vn 0.9157 0.0987 0.3897
vn 0.9144 0.4049 -0.0000
vn -0.9650 -0.2623 0.0000
vn -0.8786 -0.4222 0.2231
vn -0.6915 -0.2493 0.6780
vn -0.7044 -0.2295 0.6717
vn -0.7071 -0.1898 0.6812
vn -0.6608 -0.1549 0.7344
vn -0.2084 -0.1354 0.9686
vn 0.4370 -0.1311 0.8899
vn 0.6807 -0.1665 0.7134
vn 0.6870 -0.2330 0.6883
vn 0.6871 -0.2759 0.6721
vn 0.8801 -0.1698 0.4433
vn 0.8846 -0.4664 -0.0000
vn 0.5382 -0.8428 -0.0000
vn 0.0000 0.0000 0.0000
vn -0.6706 -0.7418 0.0000
vn -0.7299 -0.6554 0.1938
vn -0.6453 -0.4652 0.6060
vn -0.6567 -0.4532 0.6028
vn -0.6200 -0.4536 0.6402
vn -0.2193 -0.5336 0.8168
vn 0.4233 -0.4903 0.7618
vn 0.6546 -0.4290 0.6225
vn 0.6544 -0.4553 0.6037
vn 0.6536 -0.5171 0.5526
vn 0.6907 -0.5771 0.4358
vn 0.9998 0.0221 0.0000
vn 0.0000 0.0000 0.0000
vn -0.8402 -0.5422 0.0000
vn -0.7789 -0.4920 0.3888
vn -0.6641 -0.4513 0.5961
vn -0.6359 -0.4512 0.6261
vn -0.2438 -0.5473 0.8007
vn 0.4211 -0.5010 0.7561
vn 0.6669 -0.4232 0.6134
vn 0.6960 -0.4781 0.5358
vn 0.7225 -0.5793 0.3774
vn 0.7606 -0.6493 0.0000
vn 0.6879 -0.7258 -0.0000
vn 0.0000 0.0000 0.0000
vn -0.8722 -0.4892 -0.0000
vn -0.7180 -0.3977 0.5713
vn -0.6727 -0.3866 0.6308
vn -0.2693 -0.4804 0.8347
vn 0.4387 -0.4466 0.7798
vn 0.6908 -0.3800 0.6151
vn 0.9045 -0.2170 0.3672
vn 0.7826 -0.6226 -0.0000
vn 0.6538 -0.7567 0.0000
vn -0.8345 -0.5511 0.0000
vn -0.8383 -0.2760 0.4701
vn -0.7021 -0.3107 0.6408
vn -0.2722 -0.4192 0.8661
vn 0.4625 -0.4115 0.7853
vn 0.7335 -0.4015 0.5484
vn 0.7791 -0.4783 0.4052
vn 0.9991 -0.0427 0.0000
vn -0.2512 -0.9679 -0.0000
vn -0.8411 -0.5408 0.0000
vn -0.7355 -0.1253 0.6659
vn -0.2424 -0.2486 0.9378
vn 0.5277 -0.2956 0.7963
vn 0.9326 -0.1369 0.3338
vn 0.8307 -0.5568 0.0000
vn 0.6076 -0.7942 0.0000
vn -0.9997 0.0258 0.0000
vn -0.9197 0.0985 0.3801
vn -0.7058 0.1804 0.6851
vn -0.1480 0.1582 0.9763
vn 0.6241 0.0324 0.7807
vn 0.9568 0.0178 0.2902
vn 0.9998 0.0187 0.0000
vn -0.6119 0.7909 0.0000
vn -0.8425 0.5387 0.0000
vn -0.9196 0.1693 0.3546
vn -0.6553 0.3481 0.6704
vn -0.0895 0.4399 0.8936
vn 0.6069 0.3325 0.7219
vn 0.8578 0.3239 0.3991
vn 0.8725 0.4887 0.0000
vn 0.0000 0.0000 0.0000
vn -0.9983 0.0578 -0.0000
vn -0.7539 0.4885 0.4394
vn -0.7138 0.4373 0.5470
vn -0.6382 0.3988 0.6586
vn -0.0943 0.5167 0.8510
vn 0.5607 0.4498 0.6952
vn 0.6967 0.4057 0.5916
vn 0.8195 0.5526 0.1517
vn 0.8159 0.5783 0.0000
vn -0.6886 0.7251 0.0000
vn -0.7682 0.6402 -0.0000
vn -0.8871 0.2531 0.3860
vn -0.6693 0.4298 0.6061
vn -0.6162 0.4343 0.6570
vn -0.1081 0.5403 0.8345
vn 0.5233 0.4808 0.7036
vn 0.6787 0.4418 0.5866
vn 0.7458 0.4526 0.4888
vn 0.8755 0.4832 0.0000
vn 0.0000 0.0000 -0.0000
vn -0.6953 0.7187 -0.0000
vn -0.7521 0.6591 0.0000
vn -0.7110 0.6062 0.3562
vn -0.6732 0.5096 0.5358
vn -0.6519 0.4570 0.6051
vn -0.5898 0.4652 0.6601
vn -0.1062 0.5544 0.8254
vn 0.4989 0.4875 0.7166
vn 0.6595 0.4459 0.6051
vn 0.6640 0.4667 0.5843
vn 0.7609 0.5784 0.2941
vn 0.7733 0.6341 -0.0000
vn 0.0000 0.0000 0.0000
vn -0.9953 -0.0969 -0.0000
vn -0.7320 0.5250 0.4342
vn -0.7056 0.4085 0.5790
vn -0.6724 0.3802 0.6351
vn -0.6661 0.3720 0.6464
vn -0.5955 0.3766 0.7097
vn -0.0933 0.4257 0.9000
vn 0.5147 0.3761 0.7705
vn 0.6732 0.3431 0.6551
vn 0.6840 0.3670 0.6305
vn 0.6832 0.3797 0.6238
vn 0.8761 0.4445 0.1865
vn 0.9949 0.1009 -0.0000
vn -0.9976 -0.0685 -0.0000
vn -0.8946 -0.0457 0.4446
vn -0.7340 -0.0486 0.6774
vn -0.7270 -0.0442 0.6852
vn -0.7109 -0.0382 0.7023
vn -0.6204 -0.0438 0.7830
vn -0.0816 -0.0566 0.9951
vn 0.5378 -0.0562 0.8412
vn 0.7043 -0.0460 0.7084
vn 0.7200 -0.0313 0.6933
vn 0.7347 -0.0139 0.6783
vn 0.8963 0.0131 0.4432
vn 0.9976 0.0694 0.0000
vn -0.9962 -0.0870 0.0000
vn -0.8658 -0.4702 0.1711
vn -0.6529 -0.4118 0.6357
vn -0.6635 -0.4267 0.6145
vn -0.6557 -0.4171 0.6294
vn -0.5759 -0.4327 0.6936
vn -0.0843 -0.5024 0.8605
vn 0.5011 -0.4397 0.7454
vn 0.6502 -0.3926 0.6504
vn 0.6590 -0.3981 0.6381
vn 0.6984 -0.4321 0.5705
vn 0.7252 -0.5690 0.3878
vn 0.9926 0.1210 -0.0000
vn 0.0000 0.0000 0.0000
vn -0.6886 -0.7251 -0.0000
vn -0.7242 -0.6700 0.1632
vn -0.6408 -0.4758 0.6025
vn -0.6527 -0.4651 0.5980
vn -0.5809 -0.4754 0.6607
vn -0.0967 -0.5656 0.8190
vn 0.4897 -0.4911 0.7204
vn 0.6423 -0.4439 0.6248
vn 0.6781 -0.4977 0.5408
vn 0.7146 -0.6178 0.3281
vn 0.7404 -0.6722 -0.0000
vn 0.7019 -0.7123 0.0000
vn 0.0000 0.0000 0.0000
vn -0.7504 -0.6610 0.0000
vn -0.7638 -0.5925 0.2558
vn -0.6817 -0.4144 0.6029
vn -0.6186 -0.4222 0.6626
vn -0.1076 -0.5150 0.8504
vn 0.5145 -0.4506 0.7296
vn 0.6646 -0.4175 0.6198
vn 0.8898 -0.2554 0.3783
vn 0.7618 -0.6478 0.0000
vn 0.6859 -0.7277 0.0000
vn 0.0000 0.0000 0.0000
vn -0.8803 -0.4743 -0.0000
vn -0.7913 -0.3844 0.4754
vn -0.6410 -0.3910 0.6605
vn -0.1074 -0.4947 0.8624
vn 0.5386 -0.4311 0.7239
vn 0.7153 -0.4350 0.5470
vn 0.7588 -0.5278 0.3816
vn 0.9988 -0.0483 0.0000
vn -0.9952 -0.0976 0.0000
vn -0.8694 -0.1393 0.4740
vn -0.6599 -0.3383 0.6709
vn -0.1061 -0.4478 0.8878
vn 0.5662 -0.3755 0.7338
vn 0.9173 -0.1805 0.3548
vn 0.8130 -0.5823 0.0000
vn 0.6186 -0.7857 -0.0000
vn -0.2923 -0.9563 0.0000
vn -0.8964 -0.4433 0.0000
vn -0.6885 -0.1086 0.7171
vn -0.1221 -0.1540 0.9805
vn 0.6244 -0.1190 0.7720
vn 0.9412 -0.0472 0.3344
vn 0.9999 -0.0157 -0.0000
vn -0.9996 0.0267 0.0000
vn -0.9313 0.0039 0.3643
vn -0.6851 0.2016 0.7000
vn -0.1248 0.2970 0.9467
vn 0.6157 0.2263 0.7548
vn 0.9351 0.0860 0.3437
vn 0.9998 0.0210 -0.0000
vn -0.6173 0.7867 0.0000
vn -0.8399 0.5428 -0.0000
vn -0.9178 0.1743 0.3566
vn -0.6607 0.3573 0.6602
vn -0.1095 0.4664 0.8777
vn 0.5804 0.3773 0.7216
vn 0.8403 0.3417 0.4208
vn 0.8774 0.4797 -0.0000
vn 0.0000 0.0000 0.0000
vn -0.9982 0.0593 0.0000
vn -0.7486 0.4857 0.4513
vn -0.7293 0.4165 0.5427
vn -0.6536 0.3812 0.6538
vn -0.1010 0.4908 0.8654
vn 0.5730 0.4051 0.7124
vn 0.7157 0.3494 0.6047
vn 0.7590 0.6271 0.1752
vn 0.6834 0.7300 0.0000
vn 0.0000 0.0000 -0.0000
vn -0.6917 0.7222 0.0000
vn -0.7637 0.6456 0.0000
vn -0.8894 0.2417 0.3879
vn -0.6857 0.4100 0.6015
vn -0.6314 0.4199 0.6519
vn -0.0982 0.5332 0.8403
vn 0.5516 0.4528 0.7005
vn 0.6924 0.4117 0.5926
vn 0.6589 0.4249 0.6208
vn 0.8384 0.5354 0.1018
vn 0.9833 0.1819 0.0000
vn -0.8387 0.5446 0.0000
vn -0.7676 0.6409 0.0000
vn -0.7042 0.6078 0.3670
vn -0.6694 0.5082 0.5419
vn -0.6690 0.4378 0.6007
vn -0.6118 0.4487 0.6514
vn -0.1037 0.5609 0.8214
vn 0.5186 0.4963 0.6962
vn 0.6582 0.4621 0.5943
vn 0.6463 0.4906 0.5845
vn 0.7790 0.4743 0.4102
vn 0.8448 0.5351 -0.0000
vn 0.0000 0.0000 0.0000
vn -0.9851 -0.1721 0.0000
vn -0.7149 0.5346 0.4506
vn -0.6954 0.4015 0.5960
vn -0.6679 0.3674 0.6473
vn -0.6839 0.3472 0.6417
vn -0.6285 0.3504 0.6944
vn -0.1147 0.4213 0.8996
vn 0.5202 0.3892 0.7602
vn 0.6713 0.3668 0.6441
vn 0.6688 0.3905 0.6326
vn 0.6729 0.3956 0.6250
vn 0.8755 0.4404 0.1989
vn 0.9923 0.1241 0.0000
vn -0.9963 -0.0856 0.0000
vn -0.8905 -0.0543 0.4517
vn -0.7186 -0.0576 0.6930
vn -0.7201 -0.0479 0.6922
vn -0.7256 -0.0382 0.6870
vn -0.6568 -0.0388 0.7531
vn -0.1137 -0.0478 0.9924
vn 0.5355 -0.0459 0.8433
vn 0.7105 -0.0406 0.7025
vn 0.7169 -0.0437 0.6958
vn 0.7307 -0.0410 0.6815
vn 0.8952 -0.0089 0.4455
vn 0.9984 0.0560 -0.0000
vn -0.9966 -0.0826 0.0000
vn -0.8636 -0.4732 0.1737
vn -0.6455 -0.3994 0.6510
vn -0.6669 -0.4034 0.6265
vn -0.6803 -0.3787 0.6276
vn -0.6198 -0.3869 0.6827
vn -0.1122 -0.4700 0.8755
vn 0.5128 -0.4204 0.7485
vn 0.6664 -0.3878 0.6368
vn 0.6603 -0.4174 0.6243
vn 0.6861 -0.4618 0.5621
vn 0.7264 -0.5685 0.3863
vn 0.9944 0.1058 -0.0000
vn 0.0000 0.0000 0.0000
vn -0.6885 -0.7253 -0.0000
vn -0.7285 -0.6633 0.1712
vn -0.6525 -0.4473 0.6117
vn -0.6786 -0.4235 0.6001
vn -0.6157 -0.4359 0.6565
vn -0.1087 -0.5460 0.8307
vn 0.5132 -0.4797 0.7117
vn 0.6683 -0.4350 0.6034
vn 0.6850 -0.4972 0.5325
vn 0.7312 -0.5938 0.3358
vn 0.7490 -0.6626 -0.0000
vn 0.6937 -0.7203 0.0000
vn 0.0000 0.0000 0.0000
vn -0.8547 -0.5192 0.0000
vn -0.8172 -0.3990 0.4159
vn -0.7026 -0.3841 0.5990
vn -0.6390 -0.3934 0.6610
vn -0.1017 -0.5061 0.8564
vn 0.5433 -0.4431 0.7131
vn 0.6876 -0.4097 0.5995
vn 0.8927 -0.2524 0.3734
vn 0.7654 -0.6436 -0.0000
vn 0.6923 -0.7216 -0.0000
vn -0.9765 -0.2154 0.0000
vn -0.8636 -0.4894 0.1211
vn -0.7149 -0.3358 0.6134
vn -0.6636 -0.3483 0.6621
vn -0.0904 -0.4511 0.8879
vn 0.5858 -0.3840 0.7137
vn 0.7405 -0.4112 0.5316
vn 0.7712 -0.5078 0.3838
vn 0.9976 -0.0699 -0.0000
vn 0.0000 0.0000 0.0000
vn -0.8664 -0.4993 -0.0000
vn -0.8586 -0.3102 0.4081
vn -0.6895 -0.2909 0.6633
vn -0.0907 -0.3818 0.9198
vn 0.6224 -0.3020 0.7221
vn 0.9338 -0.1438 0.3277
vn 0.8249 -0.5652 0.0000
vn 0.6128 -0.7902 0.0000
vn -0.9998 -0.0223 0.0000
vn -0.9463 -0.0432 0.3204
vn -0.7253 -0.1051 0.6803
vn -0.1146 -0.1438 0.9829
vn 0.6607 -0.0910 0.7451
vn 0.9529 -0.0274 0.3021
vn 1.0000 -0.0091 0.0000
vn -0.9997 0.0242 -0.0000
vn -0.9375 0.0840 0.3376
vn -0.7106 0.1727 0.6821
vn -0.1262 0.2307 0.9648
vn 0.6399 0.1857 0.7457
vn 0.8921 0.2173 0.3961
vn 0.8319 0.5550 0.0000
vn -0.6286 0.7777 0.0000
vn -0.8319 0.5550 0.0000
vn -0.9225 0.1698 0.3468
vn -0.6683 0.3298 0.6668
vn -0.1099 0.4168 0.9024
vn 0.5931 0.3408 0.7294
vn 0.7514 0.3188 0.5777
vn 0.8902 0.4556 -0.0000
vn 0.0000 0.0000 0.0000
vn -0.9988 0.0485 0.0000
vn -0.7624 0.5080 0.4009
vn -0.7302 0.4226 0.5369
vn -0.6415 0.3864 0.6627
vn -0.0975 0.4815 0.8710
vn 0.5623 0.4051 0.7209
vn 0.7022 0.3777 0.6035
vn 0.8090 0.4346 0.3958
vn 0.8492 0.5281 0.0000
vn 0.0000 0.0000 0.0000
vn -0.6876 0.7261 0.0000
vn -0.7662 0.6426 0.0000
vn -0.8975 0.2387 0.3708
vn -0.6877 0.4119 0.5978
vn -0.6112 0.4375 0.6596
vn -0.0870 0.5409 0.8366
vn 0.5319 0.4600 0.7110
vn 0.6724 0.4231 0.6073
vn 0.6629 0.4388 0.6067
vn 0.8479 0.5135 0.1318
vn 0.9763 0.2163 -0.0000
vn -0.6937 0.7202 0.0000
vn -0.7580 0.6523 0.0000
vn -0.7176 0.6042 0.3465
vn -0.6930 0.4869 0.5317
vn -0.6785 0.4284 0.5968
vn -0.5984 0.4581 0.6573
vn -0.0843 0.5682 0.8185
vn 0.5129 0.4938 0.7022
vn 0.6528 0.4452 0.6128
vn 0.6596 0.4520 0.6005
vn 0.7898 0.4463 0.4207
vn 0.8523 0.5230 0.0000
vn 0.0000 0.0000 0.0000
vn -0.9957 -0.0926 0.0000
vn -0.7430 0.5091 0.4344
vn -0.7200 0.3674 0.5887
vn -0.6974 0.3273 0.6376
vn -0.7036 0.3150 0.6370
vn -0.6252 0.3335 0.7056
vn -0.0911 0.4023 0.9110
vn 0.5332 0.3653 0.7631
vn 0.6834 0.3255 0.6535
vn 0.6957 0.3230 0.6416
vn 0.7057 0.3158 0.6342
vn 0.8837 0.4219 0.2025
vn 0.9875 0.1579 -0.0000
vn -0.9982 -0.0594 0.0000
vn -0.8939 -0.0699 0.4428
vn -0.7289 -0.0908 0.6785
vn -0.7358 -0.0870 0.6716
vn -0.7367 -0.0837 0.6710
vn -0.6525 -0.0861 0.7528
vn -0.0936 -0.0917 0.9914
vn 0.5518 -0.0843 0.8297
vn 0.7201 -0.0860 0.6886
vn 0.7315 -0.1014 0.6743
vn 0.7396 -0.1011 0.6654
vn 0.8991 -0.0399 0.4358
vn 0.9985 0.0541 0.0000
vn -0.9977 -0.0676 -0.0000
vn -0.8623 -0.4814 0.1569
vn -0.6519 -0.4030 0.6423
vn -0.6745 -0.4118 0.6127
vn -0.6804 -0.4035 0.6117
vn -0.6096 -0.4275 0.6676
vn -0.0983 -0.5128 0.8529
vn 0.5203 -0.4488 0.7266
vn 0.6741 -0.4084 0.6155
vn 0.6720 -0.4304 0.6026
vn 0.6851 -0.4734 0.5537
vn 0.7190 -0.5619 0.4090
vn 0.9957 0.0927 -0.0000
vn 0.0000 0.0000 0.0000
vn -0.6859 -0.7277 -0.0000
vn -0.7336 -0.6599 0.1622
vn -0.6570 -0.4449 0.6086
vn -0.6717 -0.4402 0.5958
vn -0.6033 -0.4675 0.6461
vn -0.1003 -0.5819 0.8070
vn 0.5137 -0.5061 0.6928
vn 0.6715 -0.4491 0.5894
vn 0.6941 -0.4982 0.5197
vn 0.7232 -0.5974 0.3465
vn 0.7525 -0.6586 -0.0000
vn 0.6903 -0.7236 -0.0000
vn 0.0000 0.0000 0.0000
vn -0.8409 -0.5412 -0.0000
vn -0.7980 -0.4591 0.3905
vn -0.6905 -0.3951 0.6059
vn -0.6276 -0.4131 0.6599
vn -0.0964 -0.5289 0.8432
vn 0.5452 -0.4546 0.7043
vn 0.6892 -0.4093 0.5978
vn 0.9044 -0.2254 0.3624
vn 0.7800 -0.6258 0.0000
vn 0.6723 -0.7403 -0.0000
vn 0.0000 0.0000 0.0000
vn -0.8827 -0.4700 0.0000
vn -0.7435 -0.3438 0.5736
vn -0.6540 -0.3504 0.6705
vn -0.0906 -0.4552 0.8858
vn 0.5823 -0.3822 0.7175
vn 0.7416 -0.4000 0.5386
vn 0.7702 -0.4978 0.3988
vn 0.9990 -0.0441 -0.0000
vn -0.8259 -0.5639 -0.0000
vn -0.8696 -0.2649 0.4166
vn -0.6778 -0.2746 0.6820
vn -0.0878 -0.3707 0.9246
vn 0.6125 -0.3019 0.7305
vn 0.9304 -0.1448 0.3369
vn 0.8262 -0.5634 0.0000
vn 0.6088 -0.7934 -0.0000
vn -0.9997 -0.0230 0.0000
vn -0.9484 -0.0336 0.3154
vn -0.7119 -0.0652 0.6992
vn -0.0939 -0.0916 0.9914
vn 0.6588 -0.0719 0.7489
vn 0.9520 -0.0218 0.3052
vn 1.0000 -0.0060 0.0000
vn -0.9996 0.0266 0.0000
vn -0.9357 0.0960 0.3396
vn -0.6949 0.2058 0.6891
vn -0.0918 0.2899 0.9526
vn 0.6415 0.2207 0.7346
vn 0.8792 0.2590 0.4000
vn 0.8750 0.4840 0.0000
vn 0.0000 0.0000 0.0000
vn -0.6321 0.7749 0.0000
vn -0.8304 0.5572 -0.0000
vn -0.9225 0.1637 0.3496
vn -0.6684 0.3221 0.6705
vn -0.0912 0.4294 0.8985
vn 0.5985 0.3584 0.7165
vn 0.7138 0.3264 0.6197
vn 0.8673 0.4799 0.1323
vn 0.9712 0.2382 0.0000
vn -0.9988 0.0486 -0.0000
vn -0.7612 0.5114 0.3988
vn -0.7422 0.4065 0.5328
vn -0.6529 0.3676 0.6622
vn -0.0979 0.4730 0.8756
vn 0.5683 0.4039 0.7169
vn 0.7019 0.3748 0.6057
vn 0.8202 0.3860 0.4223
vn 0.8529 0.5221 0.0000
vn 0.0000 0.0000 -0.0000
vn -0.6890 0.7247 0.0000
vn -0.7621 0.6474 -0.0000
vn -0.8994 0.2389 0.3660
vn -0.6895 0.4168 0.5923
vn -0.6169 0.4351 0.6558
vn -0.0917 0.5359 0.8393
vn 0.5373 0.4559 0.7095
vn 0.6805 0.4128 0.6054
vn 0.6727 0.4182 0.6104
vn 0.8289 0.5424 0.1366
vn 0.9139 0.4059 0.0000
vn -0.6946 0.7194 0.0000
vn -0.7563 0.6542 -0.0000
vn -0.7179 0.6079 0.3392
vn -0.6925 0.4920 0.5276
vn -0.6777 0.4275 0.5983
vn -0.6014 0.4370 0.6688
vn -0.0885 0.5276 0.8448
vn 0.5214 0.4669 0.7142
vn 0.6671 0.4238 0.6127
vn 0.6691 0.4369 0.6012
vn 0.7575 0.4472 0.4756
vn 0.8702 0.4927 -0.0000
vn 0.0000 0.0000 0.0000
vn -0.9959 -0.0901 0.0000
vn -0.7475 0.4976 0.4401
vn -0.7329 0.3234 0.5985
vn -0.7050 0.2570 0.6610
vn -0.7058 0.1993 0.6798
vn -0.6277 0.1533 0.7632
vn -0.0962 0.1513 0.9838
vn 0.5371 0.1726 0.8257
vn 0.7030 0.2023 0.6818
vn 0.7055 0.2490 0.6635
vn 0.6968 0.2875 0.6571
vn 0.8872 0.3622 0.2859
vn 0.9957 0.0925 -0.0000
vn -0.8770 -0.4805 -0.0000
vn -0.8825 -0.3656 0.2959
vn -0.6971 -0.1977 0.6891
vn -0.6827 -0.2407 0.6900
vn -0.6608 -0.2880 0.6931
vn -0.5748 -0.3470 0.7411
vn -0.1015 -0.4109 0.9060
vn 0.4807 -0.3679 0.7960
vn 0.6584 -0.2886 0.6952
vn 0.6805 -0.2405 0.6921
vn 0.6925 -0.1896 0.6961
vn 0.8791 -0.0798 0.4700
vn 0.9968 0.0797 -0.0000
vn 0.0000 0.0000 0.0000
vn -0.6530 -0.7573 0.0000
vn -0.7018 -0.6686 0.2461
vn -0.5717 -0.5533 0.6059
vn -0.5638 -0.5629 0.6044
vn -0.4964 -0.5876 0.6390
vn -0.0918 -0.6695 0.7372
vn 0.4068 -0.6161 0.6745
vn 0.5574 -0.5600 0.6129
vn 0.5688 -0.5465 0.6147
vn 0.6004 -0.5535 0.5772
vn 0.6570 -0.6115 0.4410
vn 0.9935 0.1137 -0.0000
vn 0.0000 0.0000 0.0000
vn -0.7020 -0.7121 -0.0000
vn -0.6880 -0.7017 0.1850
vn -0.5608 -0.5745 0.5963
vn -0.5011 -0.5959 0.6275
vn -0.0883 -0.6827 0.7253
vn 0.4105 -0.6307 0.6586
vn 0.5453 -0.5851 0.6003
vn 0.5722 -0.6033 0.5556
vn 0.6098 -0.6551 0.4461
vn 0.6701 -0.7423 -0.0000
vn 0.7285 -0.6851 -0.0000
vn 0.0000 0.0000 0.0000
vn -0.7070 -0.7072 -0.0000
vn -0.6988 -0.6893 0.1913
vn -0.5092 -0.5794 0.6364
vn -0.0833 -0.6752 0.7329
vn 0.4283 -0.6110 0.6658
vn 0.5837 -0.5847 0.5635
vn 0.6275 -0.6199 0.4712
vn 0.6866 -0.7271 -0.0000
vn 0.7296 -0.6839 -0.0000
vn 0.0000 0.0000 0.0000
vn -0.7040 -0.7102 -0.0000
vn -0.6445 -0.7146 0.2719
vn -0.0843 -0.6801 0.7283
vn 0.4380 -0.6446 0.6266
vn 0.6483 -0.6098 0.4559
vn 0.7360 -0.6769 -0.0000
vn 0.6959 -0.7181 -0.0000
vn 0.0000 0.0000 0.0000
vn -0.7742 -0.6330 0.0000
vn -0.3611 -0.8783 0.3134
vn 0.5156 -0.6963 0.4993
vn 0.7195 -0.6945 0.0000
vn 0.6757 -0.7371 0.0000
vn 0.0000 0.0000 0.0000
vn -0.5673 -0.8235 -0.0000
vn -0.1023 -0.9947 0.0000
vn 0.7050 -0.7092 0.0000
vn -0.4417 0.7549 -0.4848
vn 0.4384 0.8663 -0.2396
vn -0.6560 0.6612 -0.3640
vn -0.2092 0.7295 -0.6512
vn 0.3375 0.6278 -0.7014
vn 0.6966 0.6965 -0.1723
vn -0.6712 0.6446 -0.3659
vn -0.5723 0.6017 -0.5572
vn -0.1802 0.6737 -0.7167
vn 0.3693 0.6353 -0.6783
vn 0.5511 0.5459 -0.6310
vn 0.6988 0.7026 -0.1342
vn -0.6448 0.6692 -0.3693
vn -0.6034 0.5930 -0.5331
vn -0.5404 0.5790 -0.6105
vn -0.1764 0.6700 -0.7211
vn 0.3659 0.6369 -0.6786
vn 0.5498 0.5828 -0.5984
vn 0.5252 0.5834 -0.6195
vn 0.6836 0.7146 -0.1483
vn -0.6592 0.6591 -0.3620
vn -0.5975 0.5851 -0.5483
vn -0.5777 0.5550 -0.5985
vn -0.5361 0.5671 -0.6253
vn -0.1739 0.6523 -0.7378
vn 0.3564 0.6244 -0.6951
vn 0.5390 0.5753 -0.6152
vn 0.5421 0.5792 -0.6088
vn 0.5534 0.5523 -0.6235
vn 0.7140 0.6693 -0.2056
vn -0.7582 0.4573 -0.4649
vn -0.7295 0.2708 -0.6281
vn -0.6717 0.2836 -0.6844
vn -0.6625 0.3137 -0.6802
vn -0.6040 0.3537 -0.7142
vn -0.1919 0.4270 -0.8837
vn 0.4011 0.4052 -0.8216
vn 0.6212 0.3307 -0.7105
vn 0.6464 0.2856 -0.7075
vn 0.6765 0.2394 -0.6965
vn 0.7788 0.1054 -0.6184
vn 0.9157 0.0987 -0.3897
vn -0.8786 -0.4222 -0.2231
vn -0.6915 -0.2493 -0.6780
vn -0.7044 -0.2295 -0.6717
vn -0.7071 -0.1898 -0.6812
vn -0.6608 -0.1549 -0.7344
vn -0.2084 -0.1354 -0.9686
vn 0.4370 -0.1311 -0.8899
vn 0.6807 -0.1665 -0.7134
vn 0.6870 -0.2330 -0.6883
vn 0.6871 -0.2759 -0.6721
vn 0.8801 -0.1698 -0.4433
vn -0.7299 -0.6554 -0.1938
vn -0.6453 -0.4652 -0.6060
vn -0.6567 -0.4532 -0.6028
vn -0.6200 -0.4536 -0.6402
vn -0.2193 -0.5336 -0.8168
vn 0.4233 -0.4903 -0.7618
vn 0.6546 -0.4290 -0.6225
vn 0.6544 -0.4553 -0.6037
vn 0.6536 -0.5171 -0.5526
vn 0.6907 -0.5771 -0.4358
vn -0.7789 -0.4920 -0.3888
vn -0.6641 -0.4513 -0.5961
vn -0.6359 -0.4512 -0.6261
vn -0.2438 -0.5473 -0.8007
vn 0.4211 -0.5010 -0.7561
vn 0.6669 -0.4232 -0.6134
vn 0.6960 -0.4781 -0.5358
vn 0.7225 -0.5793 -0.3774
vn -0.7180 -0.3977 -0.5713
vn -0.6727 -0.3866 -0.6308
vn -0.2693 -0.4804 -0.8347
vn 0.4387 -0.4466 -0.7798
vn 0.6908 -0.3800 -0.6151
vn 0.9045 -0.2170 -0.3672
vn -0.8383 -0.2760 -0.4701
vn -0.7021 -0.3107 -0.6408
vn -0.2722 -0.4192 -0.8661
vn 0.4625 -0.4115 -0.7853
vn 0.7335 -0.4015 -0.5484
vn 0.7791 -0.4783 -0.4052
vn -0.7355 -0.1253 -0.6659
vn -0.2424 -0.2486 -0.9378
vn 0.5277 -0.2956 -0.7963
vn 0.9326 -0.1369 -0.3338
vn -0.9197 0.0985 -0.3801
vn -0.7058 0.1804 -0.6851
vn -0.1480 0.1582 -0.9763
vn 0.6241 0.0324 -0.7807
vn 0.9568 0.0178 -0.2902
vn -0.9196 0.1693 -0.3546
vn -0.6553 0.3481 -0.6704
vn -0.0895 0.4399 -0.8936
vn 0.6069 0.3325 -0.7219
vn 0.8578 0.3239 -0.3991
vn -0.7539 0.4885 -0.4394
vn -0.7138 0.4373 -0.5470
vn -0.6382 0.3988 -0.6586
vn -0.0943 0.5167 -0.8510
vn 0.5607 0.4498 -0.6952
vn 0.6967 0.4057 -0.5916
vn 0.8195 0.5526 -0.1517
vn -0.8871 0.2531 -0.3860
vn -0.6693 0.4298 -0.6061
vn -0.6162 0.4343 -0.6570
vn -0.1081 0.5403 -0.8345
vn 0.5233 0.4808 -0.7036
vn 0.6787 0.4418 -0.5866
vn 0.7458 0.4526 -0.4888
vn -0.7110 0.6062 -0.3562
vn -0.6732 0.5096 -0.5358
vn -0.6519 0.4570 -0.6051
vn -0.5898 0.4652 -0.6601
vn -0.1062 0.5544 -0.8254
vn 0.4989 0.4875 -0.7166
vn 0.6595 0.4459 -0.6051
vn 0.6640 0.4667 -0.5843
vn 0.7609 0.5784 -0.2941
vn -0.7320 0.5250 -0.4342
vn -0.7056 0.4085 -0.5790
vn -0.6724 0.3802 -0.6351
vn -0.6661 0.3720 -0.6464
vn -0.5955 0.3766 -0.7097
vn -0.0933 0.4257 -0.9000
vn 0.5147 0.3761 -0.7705
vn 0.6732 0.3431 -0.6551
vn 0.6840 0.3670 -0.6305
vn 0.6832 0.3797 -0.6238
vn 0.8761 0.4445 -0.1865
vn -0.8946 -0.0457 -0.4446
vn -0.7340 -0.0486 -0.6774
vn -0.7270 -0.0442 -0.6852
vn -0.7109 -0.0382 -0.7023
vn -0.6204 -0.0438 -0.7830
vn -0.0816 -0.0566 -0.9951
vn 0.5378 -0.0562 -0.8412
vn 0.7043 -0.0460 -0.7084
vn 0.7200 -0.0313 -0.6933
vn 0.7347 -0.0139 -0.6783
vn 0.8963 0.0131 -0.4432
vn -0.8658 -0.4702 -0.1711
vn -0.6529 -0.4118 -0.6357
vn -0.6635 -0.4267 -0.6145
vn -0.6557 -0.4171 -0.6294
vn -0.5759 -0.4327 -0.6936
vn -0.0843 -0.5024 -0.8605
vn 0.5011 -0.4397 -0.7454
vn 0.6502 -0.3926 -0.6504
vn 0.6590 -0.3981 -0.6381
vn 0.6984 -0.4321 -0.5705
vn 0.7252 -0.5690 -0.3878
vn -0.7242 -0.6700 -0.1632
vn -0.6408 -0.4758 -0.6025
vn -0.6527 -0.4651 -0.5980
vn -0.5809 -0.4754 -0.6607
vn -0.0967 -0.5656 -0.8190
vn 0.4897 -0.4911 -0.7204
vn 0.6423 -0.4439 -0.6248
vn 0.6781 -0.4977 -0.5408
vn 0.7146 -0.6178 -0.3281
vn -0.7638 -0.5925 -0.2558
vn -0.6817 -0.4144 -0.6029
vn -0.6186 -0.4222 -0.6626
vn -0.1076 -0.5150 -0.8504
vn 0.5145 -0.4506 -0.7296
vn 0.6646 -0.4175 -0.6198
vn 0.8898 -0.2554 -0.3783
vn -0.7913 -0.3844 -0.4754
vn -0.6410 -0.3910 -0.6605
vn -0.1074 -0.4947 -0.8624
vn 0.5386 -0.4311 -0.7239
vn 0.7153 -0.4350 -0.5470
vn 0.7588 -0.5278 -0.3816
vn -0.8694 -0.1393 -0.4740
vn -0.6599 -0.3383 -0.6709
vn -0.1061 -0.4478 -0.8878
vn 0.5662 -0.3755 -0.7338
vn 0.9173 -0.1805 -0.3548
vn -0.6885 -0.1086 -0.7171
vn -0.1221 -0.1540 -0.9805
vn 0.6244 -0.1190 -0.7720
vn 0.9412 -0.0472 -0.3344
vn -0.9313 0.0039 -0.3643
vn -0.6851 0.2016 -0.7000
vn -0.1248 0.2970 -0.9467
vn 0.6157 0.2263 -0.7548
vn 0.9351 0.0860 -0.3437
vn -0.9178 0.1743 -0.3566
vn -0.6607 0.3573 -0.6602
vn -0.1095 0.4664 -0.8777
vn 0.5804 0.3773 -0.7216
vn 0.8403 0.3417 -0.4208
vn -0.7486 0.4857 -0.4513
vn -0.7293 0.4165 -0.5427
vn -0.6536 0.3812 -0.6538
vn -0.1010 0.4908 -0.8654
vn 0.5730 0.4051 -0.7124
vn 0.7157 0.3494 -0.6047
vn 0.7590 0.6271 -0.1752
vn -0.8894 0.2417 -0.3879
vn -0.6857 0.4100 -0.6015
vn -0.6314 0.4199 -0.6519
vn -0.0982 0.5332 -0.8403
vn 0.5516 0.4528 -0.7005
vn 0.6924 0.4117 -0.5926
vn 0.6589 0.4249 -0.6208
vn 0.8384 0.5354 -0.1018
vn -0.7042 0.6078 -0.3670
vn -0.6694 0.5082 -0.5419
vn -0.6690 0.4378 -0.6007
vn -0.6118 0.4487 -0.6514
vn -0.1037 0.5609 -0.8214
vn 0.5186 0.4963 -0.6962
vn 0.6582 0.4621 -0.5943
vn 0.6463 0.4906 -0.5845
vn 0.7790 0.4743 -0.4102
vn -0.7149 0.5346 -0.4506
vn -0.6954 0.4015 -0.5960
vn -0.6679 0.3674 -0.6473
vn -0.6839 0.3472 -0.6417
vn -0.6285 0.3504 -0.6944
vn -0.1147 0.4213 -0.8996
vn 0.5202 0.3892 -0.7602
vn 0.6713 0.3668 -0.6441
vn 0.6688 0.3905 -0.6326
vn 0.6729 0.3956 -0.6250
vn 0.8755 0.4404 -0.1989
vn -0.8905 -0.0543 -0.4517
vn -0.7186 -0.0576 -0.6930
vn -0.7201 -0.0479 -0.6922
vn -0.7256 -0.0382 -0.6870
vn -0.6568 -0.0388 -0.7531
vn -0.1137 -0.0478 -0.9924
vn 0.5355 -0.0459 -0.8433
vn 0.7105 -0.0406 -0.7025
vn 0.7169 -0.0437 -0.6958
vn 0.7307 -0.0410 -0.6815
vn 0.8952 -0.0089 -0.4455
vn -0.8636 -0.4732 -0.1737
vn -0.6455 -0.3994 -0.6510
vn -0.6669 -0.4034 -0.6265
vn -0.6803 -0.3787 -0.6276
vn -0.6198 -0.3869 -0.6827
vn -0.1122 -0.4700 -0.8755
vn 0.5128 -0.4204 -0.7485
vn 0.6664 -0.3878 -0.6368
vn 0.6603 -0.4174 -0.6243
vn 0.6861 -0.4618 -0.5621
vn 0.7264 -0.5685 -0.3863
vn -0.7285 -0.6633 -0.1712
vn -0.6525 -0.4473 -0.6117
vn -0.6786 -0.4235 -0.6001
vn -0.6157 -0.4359 -0.6565
vn -0.1087 -0.5460 -0.8307
vn 0.5132 -0.4797 -0.7117
vn 0.6683 -0.4350 -0.6034
vn 0.6850 -0.4972 -0.5325
vn 0.7312 -0.5938 -0.3358
vn -0.8172 -0.3990 -0.4159
vn -0.7026 -0.3841 -0.5990
vn -0.6390 -0.3934 -0.6610
vn -0.1017 -0.5061 -0.8564
vn 0.5433 -0.4431 -0.7131
vn 0.6876 -0.4097 -0.5995
vn 0.8927 -0.2524 -0.3734
vn -0.8636 -0.4894 -0.1211
vn -0.7149 -0.3358 -0.6134
vn -0.6636 -0.3483 -0.6621
vn -0.0904 -0.4511 -0.8879
vn 0.5858 -0.3840 -0.7137
vn 0.7405 -0.4112 -0.5316
vn 0.7712 -0.5078 -0.3838
vn -0.8586 -0.3102 -0.4081
vn -0.6895 -0.2909 -0.6633
vn -0.0907 -0.3818 -0.9198
vn 0.6224 -0.3020 -0.7221
vn 0.9338 -0.1438 -0.3277
vn -0.9463 -0.0432 -0.3204
vn -0.7253 -0.1051 -0.6803
vn -0.1146 -0.1438 -0.9829
vn 0.6607 -0.0910 -0.7451
vn 0.9529 -0.0274 -0.3021
vn -0.9375 0.0840 -0.3376
vn -0.7106 0.1727 -0.6821
vn -0.1262 0.2307 -0.9648
vn 0.6399 0.1857 -0.7457
vn 0.8921 0.2173 -0.3961
vn -0.9225 0.1698 -0.3468
vn -0.6683 0.3298 -0.6668
vn -0.1099 0.4168 -0.9024
vn 0.5931 0.3408 -0.7294
vn 0.7514 0.3188 -0.5777
vn -0.7624 0.5080 -0.4009
vn -0.7302 0.4226 -0.5369
vn -0.6415 0.3864 -0.6627
vn -0.0975 0.4815 -0.8710
vn 0.5623 0.4051 -0.7209
vn 0.7022 0.3777 -0.6035
vn 0.8090 0.4346 -0.3958
vn -0.8975 0.2387 -0.3708
vn -0.6877 0.4119 -0.5978
vn -0.6112 0.4375 -0.6596
vn -0.0870 0.5409 -0.8366
vn 0.5319 0.4600 -0.7110
vn 0.6724 0.4231 -0.6073
vn 0.6629 0.4388 -0.6067
vn 0.8479 0.5135 -0.1318
vn -0.7176 0.6042 -0.3465
vn -0.6930 0.4869 -0.5317
vn -0.6785 0.4284 -0.5968
vn -0.5984 0.4581 -0.6573
vn -0.0843 0.5682 -0.8185
vn 0.5129 0.4938 -0.7022
vn 0.6528 0.4452 -0.6128
vn 0.6596 0.4520 -0.6005
vn 0.7898 0.4463 -0.4207
vn -0.7430 0.5091 -0.4344
vn -0.7200 0.3674 -0.5887
vn -0.6974 0.3273 -0.6376
vn -0.7036 0.3150 -0.6370
vn -0.6252 0.3335 -0.7056
vn -0.0911 0.4023 -0.9110
vn 0.5332 0.3653 -0.7631
vn 0.6834 0.3255 -0.6535
vn 0.6957 0.3230 -0.6416
vn 0.7057 0.3158 -0.6342
vn 0.8837 0.4219 -0.2025
vn -0.8939 -0.0699 -0.4428
vn -0.7289 -0.0908 -0.6785
vn -0.7358 -0.0870 -0.6716
vn -0.7367 -0.0837 -0.6710
vn -0.6525 -0.0861 -0.7528
vn -0.0936 -0.0917 -0.9914
vn 0.5518 -0.0843 -0.8297
vn 0.7201 -0.0860 -0.6886
vn 0.7315 -0.1014 -0.6743
vn 0.7396 -0.1011 -0.6654
vn 0.8991 -0.0399 -0.4358
vn -0.8623 -0.4814 -0.1569
vn -0.6519 -0.4030 -0.6423
vn -0.6745 -0.4118 -0.6127
vn -0.6804 -0.4035 -0.6117
vn -0.6096 -0.4275 -0.6676
vn -0.0983 -0.5128 -0.8529
vn 0.5203 -0.4488 -0.7266
vn 0.6741 -0.4084 -0.6155
vn 0.6720 -0.4304 -0.6026
vn 0.6851 -0.4734 -0.5537
vn 0.7190 -0.5619 -0.4090
vn -0.7336 -0.6599 -0.1622
vn -0.6570 -0.4449 -0.6086
vn -0.6717 -0.4402 -0.5958
vn -0.6033 -0.4675 -0.6461
vn -0.1003 -0.5819 -0.8070
vn 0.5137 -0.5061 -0.6928
vn 0.6715 -0.4491 -0.5894
vn 0.6941 -0.4982 -0.5197
vn 0.7232 -0.5974 -0.3465
vn -0.7980 -0.4591 -0.3905
vn -0.6905 -0.3951 -0.6059
vn -0.6276 -0.4131 -0.6599
vn -0.0964 -0.5289 -0.8432
vn 0.5452 -0.4546 -0.7043
vn 0.6892 -0.4093 -0.5978
vn 0.9044 -0.2254 -0.3624
vn -0.7435 -0.3438 -0.5736
vn -0.6540 -0.3504 -0.6705
vn -0.0906 -0.4552 -0.8858
vn 0.5823 -0.3822 -0.7175
vn 0.7416 -0.4000 -0.5386
vn 0.7702 -0.4978 -0.3988
vn -0.8696 -0.2649 -0.4166
vn -0.6778 -0.2746 -0.6820
vn -0.0878 -0.3707 -0.9246
vn 0.6125 -0.3019 -0.7305
vn 0.9304 -0.1448 -0.3369
vn -0.9484 -0.0336 -0.3154
vn -0.7119 -0.0652 -0.6992
vn -0.0939 -0.0916 -0.9914
vn 0.6588 -0.0719 -0.7489
vn 0.9520 -0.0218 -0.3052
vn -0.9357 0.0960 -0.3396
vn -0.6949 0.2058 -0.6891
vn -0.0918 0.2899 -0.9526
vn 0.6415 0.2207 -0.7346
vn 0.8792 0.2590 -0.4000
vn -0.9225 0.1637 -0.3496
vn -0.6684 0.3221 -0.6705
vn -0.0912 0.4294 -0.8985
vn 0.5985 0.3584 -0.7165
vn 0.7138 0.3264 -0.6197
vn 0.8673 0.4799 -0.1323
vn -0.7612 0.5114 -0.3988
vn -0.7422 0.4065 -0.5328
vn -0.6529 0.3676 -0.6622
vn -0.0979 0.4730 -0.8756
vn 0.5683 0.4039 -0.7169
vn 0.7019 0.3748 -0.6057
vn 0.8202 0.3860 -0.4223
vn -0.8994 0.2389 -0.3660
vn -0.6895 0.4168 -0.5923
vn -0.6169 0.4351 -0.6558
vn -0.0917 0.5359 -0.8393
vn 0.5373 0.4559 -0.7095
vn 0.6805 0.4128 -0.6054
vn 0.6727 0.4182 -0.6104
vn 0.8289 0.5424 -0.1366
vn -0.7179 0.6079 -0.3392
vn -0.6925 0.4920 -0.5276
vn -0.6777 0.4275 -0.5983
vn -0.6014 0.4370 -0.6688
vn -0.0885 0.5276 -0.8448
vn 0.5214 0.4669 -0.7142
vn 0.6671 0.4238 -0.6127
vn 0.6691 0.4369 -0.6012
vn 0.7575 0.4472 -0.4756
vn -0.7475 0.4976 -0.4401
vn -0.7329 0.3234 -0.5985
vn -0.7050 0.2570 -0.6610
vn -0.7058 0.1993 -0.6798
vn -0.6277 0.1533 -0.7632
vn -0.0962 0.1513 -0.9838
vn 0.5371 0.1726 -0.8257
vn 0.7030 0.2023 -0.6818
vn 0.7055 0.2490 -0.6635
vn 0.6968 0.2875 -0.6571
vn 0.8872 0.3622 -0.2859
vn -0.8825 -0.3656 -0.2959
vn -0.6971 -0.1977 -0.6891
vn -0.6827 -0.2407 -0.6900
vn -0.6608 -0.2880 -0.6931
vn -0.5748 -0.3470 -0.7411
vn -0.1015 -0.4109 -0.9060
vn 0.4807 -0.3679 -0.7960
vn 0.6584 -0.2886 -0.6952
vn 0.6805 -0.2405 -0.6921
vn 0.6925 -0.1896 -0.6961
vn 0.8791 -0.0798 -0.4700
vn -0.7018 -0.6686 -0.2461
vn -0.5717 -0.5533 -0.6059
vn -0.5638 -0.5629 -0.6044
vn -0.4964 -0.5876 -0.6390
vn -0.0918 -0.6695 -0.7372
vn 0.4068 -0.6161 -0.6745
vn 0.5574 -0.5600 -0.6129
vn 0.5688 -0.5465 -0.6147
vn 0.6004 -0.5535 -0.5772
vn 0.6570 -0.6115 -0.4410
vn -0.6880 -0.7017 -0.1850
vn -0.5608 -0.5745 -0.5963
vn -0.5011 -0.5959 -0.6275
vn -0.0883 -0.6827 -0.7253
vn 0.4105 -0.6307 -0.6586
vn 0.5453 -0.5851 -0.6003
vn 0.5722 -0.6033 -0.5556
vn 0.6098 -0.6551 -0.4461
vn -0.6988 -0.6893 -0.1913
vn -0.5092 -0.5794 -0.6364
vn -0.0833 -0.6752 -0.7329
vn 0.4283 -0.6110 -0.6658
vn 0.5837 -0.5847 -0.5635
vn 0.6275 -0.6199 -0.4712
vn -0.6445 -0.7146 -0.2719
vn -0.0843 -0.6801 -0.7283
vn 0.4380 -0.6446 -0.6266
vn 0.6483 -0.6098 -0.4559
vn -0.3611 -0.8783 -0.3134
vn 0.5156 -0.6963 -0.4993
vn -0.7606 0.6492 -0.0000
vn 0.0795 0.9968 -0.0000
vn 0.0935 0.9956 0.0000
vn 0.0000 0.0000 -0.0000
vn -0.6823 0.7311 0.0000
vn -0.6545 0.7561 -0.0000
vn -0.3974 0.7732 0.4942
vn 0.4756 0.8587 0.1908
vn 0.7196 0.6943 0.0000
vn 0.0000 0.0000 -0.0000
vn -0.6938 0.7201 0.0000
vn -0.7257 0.6880 -0.0000
vn -0.6422 0.6866 0.3409
vn -0.0771 0.7589 0.6466
vn 0.4189 0.5972 0.6840
vn 0.8150 0.5625 0.1390
vn 0.9815 0.1914 0.0000
vn -0.7175 0.6965 0.0000
vn -0.7177 0.6963 0.0000
vn -0.6824 0.6594 0.3154
vn -0.5226 0.6275 0.5772
vn -0.0256 0.6788 0.7339
vn 0.4681 0.5968 0.6517
vn 0.7476 0.5114 0.4237
vn 0.7856 0.6187 0.0000
vn 0.0000 0.0000 -0.0000
vn -0.7300 0.6834 0.0000
vn -0.6887 0.7251 0.0000
vn -0.6658 0.6717 0.3250
vn -0.6198 0.5757 0.5334
vn -0.4948 0.5785 0.6484
vn -0.0246 0.6610 0.7500
vn 0.4691 0.5930 0.6544
vn 0.5745 0.5596 0.5973
vn 0.6180 0.7289 0.2946
vn 0.4991 0.8665 0.0000
vn 0.5720 0.8203 0.0000
vn 0.0000 0.0000 -0.0000
vn -0.7107 0.7035 0.0000
vn -0.7127 0.7015 -0.0000
vn -0.6677 0.6661 0.3325
vn -0.6126 0.5718 0.5456
vn -0.5841 0.5337 0.6115
vn -0.4910 0.5603 0.6671
vn -0.0336 0.6422 0.7658
vn 0.4533 0.5863 0.6714
vn 0.5610 0.5603 0.6094
vn 0.5534 0.5724 0.6051
vn 0.5462 0.6497 0.5288
vn 0.7724 0.6122 0.1690
vn 1.0000 0.0039 0.0000
vn -0.9963 -0.0859 0.0000
vn -0.7548 0.4890 0.4373
vn -0.7330 0.2632 0.6272
vn -0.6744 0.2644 0.6894
vn -0.6596 0.2918 0.6927
vn -0.5524 0.3485 0.7572
vn -0.0474 0.4187 0.9069
vn 0.4971 0.3791 0.7805
vn 0.6345 0.3237 0.7019
vn 0.6462 0.2995 0.7019
vn 0.6653 0.2723 0.6952
vn 0.8717 0.1731 0.4584
vn 0.9994 0.0342 0.0000
vn -0.9674 -0.2532 0.0000
vn -0.8792 -0.4189 0.2268
vn -0.6925 -0.2623 0.6721
vn -0.7000 -0.2380 0.6733
vn -0.7014 -0.1977 0.6848
vn -0.6137 -0.1576 0.7737
vn -0.0612 -0.1301 0.9896
vn 0.5402 -0.1341 0.8308
vn 0.6848 -0.1735 0.7077
vn 0.6791 -0.2242 0.6990
vn 0.7114 -0.2781 0.6454
vn 0.7927 -0.4365 0.4255
vn 0.9947 0.1032 0.0000
vn 0.0000 0.0000 0.0000
vn -0.7191 -0.6949 -0.0000
vn -0.7473 -0.6124 0.2580
vn -0.6514 -0.4537 0.6081
vn -0.6631 -0.4345 0.6095
vn -0.5908 -0.4423 0.6748
vn -0.0669 -0.5197 0.8517
vn 0.5271 -0.4587 0.7154
vn 0.6523 -0.4379 0.6186
vn 0.6305 -0.4709 0.6170
vn 0.8124 -0.3621 0.4571
vn 0.7121 -0.7021 -0.0000
vn 0.8163 -0.5776 0.0000
vn 0.0000 0.0000 0.0000
vn -0.8704 -0.4924 -0.0000
vn -0.7675 -0.4421 0.4643
vn -0.6762 -0.4288 0.5991
vn -0.6074 -0.4426 0.6597
vn -0.0693 -0.5432 0.8368
vn 0.5456 -0.4619 0.6992
vn 0.6690 -0.4292 0.6068
vn 0.6696 -0.4963 0.5525
vn 0.7056 -0.5585 0.4362
vn 0.9753 -0.2210 -0.0000
vn -0.9205 -0.3907 0.0000
vn -0.8387 -0.5231 0.1514
vn -0.6887 -0.3927 0.6094
vn -0.6316 -0.4110 0.6573
vn -0.0765 -0.5118 0.8557
vn 0.5695 -0.4215 0.7057
vn 0.7247 -0.4305 0.5380
vn 0.7556 -0.5466 0.3610
vn 0.7946 -0.6071 0.0000
vn 0.6504 -0.7596 -0.0000
vn 0.0000 0.0000 0.0000
vn -0.8664 -0.4994 0.0000
vn -0.8434 -0.3465 0.4107
vn -0.6557 -0.3505 0.6688
vn -0.0833 -0.4734 0.8769
vn 0.5790 -0.3957 0.7129
vn 0.9160 -0.1903 0.3532
vn 0.8134 -0.5817 0.0000
vn 0.6385 -0.7696 0.0000
vn -0.9995 -0.0324 0.0000
vn -0.9425 -0.0505 0.3305
vn -0.6822 -0.1336 0.7189
vn -0.0520 -0.2859 0.9569
vn 0.6211 -0.2781 0.7327
vn 0.9292 -0.1309 0.3455
vn 0.9993 -0.0365 -0.0000
vn -0.9997 0.0237 0.0000
vn -0.9323 0.0901 0.3503
vn -0.6362 0.1921 0.7472
vn 0.0441 0.1482 0.9880
vn 0.6842 0.0257 0.7288
vn 0.9504 0.0200 0.3105
vn 0.9997 0.0226 0.0000
vn -0.6178 0.7864 0.0000
vn -0.8248 0.5654 0.0000
vn -0.9167 0.1762 0.3586
vn -0.5730 0.3702 0.7311
vn 0.0957 0.4271 0.8991
vn 0.6669 0.3017 0.6813
vn 0.8562 0.3124 0.4116
vn 0.8582 0.5133 -0.0000
vn 0.0000 0.0000 0.0000
vn -0.9783 0.2071 0.0000
vn -0.7605 0.5155 0.3948
vn -0.7246 0.4184 0.5476
vn -0.5599 0.4140 0.7178
vn 0.0889 0.5032 0.8596
vn 0.6319 0.4064 0.6599
vn 0.6817 0.3881 0.6202
vn 0.8538 0.5050 0.1264
vn 0.9772 0.2125 0.0000
vn -0.7920 0.6105 -0.0000
vn -0.7285 0.6850 0.0000
vn -0.8424 0.3160 0.4364
vn -0.6759 0.4154 0.6088
vn -0.5405 0.4578 0.7059
vn 0.0760 0.5371 0.8401
vn 0.6030 0.4430 0.6634
vn 0.6709 0.4343 0.6011
vn 0.7984 0.4360 0.4153
vn 0.8559 0.5171 0.0000
vn 0.0000 0.0000 0.0000
vn -0.7034 0.7108 0.0000
vn -0.7394 0.6733 0.0000
vn -0.7653 0.5324 0.3618
vn -0.6682 0.4953 0.5551
vn -0.6547 0.4580 0.6013
vn -0.5078 0.5021 0.7000
vn 0.0820 0.5620 0.8230
vn 0.5790 0.4637 0.6707
vn 0.6457 0.4599 0.6096
vn 0.6343 0.4841 0.6028
vn 0.7212 0.6695 0.1782
vn 0.6876 0.7261 0.0000
vn 0.0000 0.0000 -0.0000
vn -0.9924 -0.1233 -0.0000
vn -0.7289 0.5625 0.3901
vn -0.6882 0.4443 0.5735
vn -0.6665 0.4050 0.6259
vn -0.6645 0.3892 0.6379
vn -0.5035 0.4206 0.7547
vn 0.1020 0.4537 0.8853
vn 0.5935 0.3769 0.7111
vn 0.6541 0.3707 0.6594
vn 0.6567 0.3945 0.6428
vn 0.6652 0.3889 0.6375
vn 0.8725 0.4533 0.1825
vn 0.9930 0.1185 -0.0000
vn -0.9971 -0.0758 0.0000
vn -0.8931 -0.0329 0.4487
vn -0.7320 -0.0120 0.6812
vn -0.7274 0.0032 0.6862
vn -0.7107 0.0074 0.7035
vn -0.5248 0.0079 0.8512
vn 0.1123 0.0067 0.9936
vn 0.6360 -0.0064 0.7717
vn 0.6975 -0.0263 0.7161
vn 0.7013 -0.0326 0.7121
vn 0.7256 -0.0195 0.6879
vn 0.8976 0.0132 0.4406
vn 0.9976 0.0686 -0.0000
vn -0.9962 -0.0870 0.0000
vn -0.8708 -0.4561 0.1835
vn -0.6669 -0.4078 0.6236
vn -0.6773 -0.4006 0.6171
vn -0.6714 -0.3780 0.6375
vn -0.5106 -0.4038 0.7591
vn 0.1139 -0.4378 0.8918
vn 0.6134 -0.3709 0.6972
vn 0.6604 -0.3888 0.6425
vn 0.6407 -0.4255 0.6391
vn 0.6774 -0.4515 0.5808
vn 0.7212 -0.5357 0.4391
vn 0.9955 0.0950 -0.0000
vn 0.0000 0.0000 0.0000
vn -0.6940 -0.7200 -0.0000
vn -0.7237 -0.6654 0.1831
vn -0.6556 -0.4788 0.5838
vn -0.6640 -0.4601 0.5894
vn -0.5139 -0.4939 0.7014
vn 0.1074 -0.5523 0.8267
vn 0.6087 -0.4512 0.6527
vn 0.6611 -0.4482 0.6017
vn 0.6602 -0.5179 0.5440
vn 0.7024 -0.6042 0.3762
vn 0.7496 -0.6619 0.0000
vn 0.6959 -0.7181 0.0000
vn 0.0000 0.0000 0.0000
vn -0.8651 -0.5016 0.0000
vn -0.8056 -0.4357 0.4014
vn -0.6864 -0.4343 0.5833
vn -0.5454 -0.4774 0.6889
vn 0.1001 -0.5471 0.8311
vn 0.6288 -0.4295 0.6481
vn 0.6850 -0.4309 0.5875
vn 0.8450 -0.3636 0.3922
vn 0.7700 -0.6381 -0.0000
vn 0.6865 -0.7271 -0.0000
vn -0.9709 -0.2394 0.0000
vn -0.8615 -0.4882 0.1395
vn -0.7010 -0.3758 0.6061
vn -0.5760 -0.4320 0.6940
vn 0.0883 -0.5189 0.8503
vn 0.6425 -0.3985 0.6545
vn 0.7789 -0.3708 0.5058
vn 0.7847 -0.6199 0.0000
vn 0.9799 -0.1993 0.0000
vn 0.0000 0.0000 0.0000
vn -0.8707 -0.4917 -0.0000
vn -0.8493 -0.3279 0.4138
vn -0.6022 -0.3452 0.7198
vn 0.0963 -0.4443 0.8907
vn 0.6560 -0.3495 0.6689
vn 0.9176 -0.1703 0.3590
vn 0.9078 -0.4195 -0.0000
vn -0.9997 -0.0237 -0.0000
vn -0.9424 -0.0489 0.3309
vn -0.6411 -0.1198 0.7581
vn 0.1267 -0.1716 0.9770
vn 0.7015 -0.1419 0.6983
vn 0.9299 -0.0574 0.3634
vn 0.9998 -0.0197 -0.0000
vn -0.9997 0.0227 0.0000
vn -0.9379 0.0791 0.3379
vn -0.6289 0.1992 0.7515
vn 0.1256 0.2686 0.9550
vn 0.7099 0.1795 0.6810
vn 0.9237 0.0695 0.3768
vn 0.9998 0.0191 -0.0000
vn -0.6231 0.7821 -0.0000
vn -0.8204 0.5718 0.0000
vn -0.9227 0.1700 0.3461
vn -0.5945 0.3708 0.7134
vn 0.1005 0.4745 0.8745
vn 0.6735 0.3661 0.6421
vn 0.8435 0.3542 0.4039
vn 0.8618 0.5072 0.0000
vn 0.0000 0.0000 0.0000
vn -0.9254 0.3789 0.0000
vn -0.7579 0.5211 0.3924
vn -0.7418 0.4085 0.5319
vn -0.5900 0.3998 0.7015
vn 0.0790 0.4968 0.8642
vn 0.6502 0.4011 0.6453
vn 0.6978 0.3846 0.6043
vn 0.8561 0.5004 0.1292
vn 0.9758 0.2189 0.0000
vn -0.9208 0.3899 0.0000
vn -0.7342 0.6789 0.0000
vn -0.7847 0.3838 0.4868
vn -0.6902 0.4057 0.5992
vn -0.5684 0.4273 0.7031
vn 0.0689 0.5060 0.8598
vn 0.6276 0.4139 0.6594
vn 0.6920 0.4111 0.5934
vn 0.8060 0.4237 0.4134
vn 0.8564 0.5164 0.0000
vn 0.0000 0.0000 -0.0000
vn -0.7106 0.7036 0.0000
vn -0.7421 0.6703 0.0000
vn -0.8099 0.4366 0.3917
vn -0.6619 0.4771 0.5781
vn -0.6643 0.4330 0.6093
vn -0.5365 0.4499 0.7140
vn 0.0658 0.5192 0.8521
vn 0.5979 0.4383 0.6711
vn 0.6651 0.4406 0.6029
vn 0.6381 0.4740 0.6068
vn 0.7185 0.6707 0.1840
vn 0.6925 0.7214 -0.0000
vn 0.0000 0.0000 0.0000
vn -0.9928 -0.1201 0.0000
vn -0.7375 0.5283 0.4206
vn -0.7200 0.3550 0.5963
vn -0.6871 0.2938 0.6645
vn -0.6849 0.2425 0.6871
vn -0.5517 0.2171 0.8053
vn 0.0445 0.2544 0.9661
vn 0.5981 0.2869 0.7483
vn 0.6730 0.3282 0.6628
vn 0.6594 0.3801 0.6486
vn 0.6474 0.3938 0.6525
vn 0.8678 0.4561 0.1971
vn 0.9930 0.1182 0.0000
vn -0.9949 -0.1010 -0.0000
vn -0.8840 -0.1016 0.4563
vn -0.7013 -0.1607 0.6946
vn -0.6808 -0.1971 0.7055
vn -0.6561 -0.2387 0.7159
vn -0.5355 -0.2935 0.7919
vn 0.0002 -0.3046 0.9525
vn 0.5465 -0.2246 0.8068
vn 0.6679 -0.1469 0.7296
vn 0.6814 -0.0922 0.7261
vn 0.6983 -0.0436 0.7145
vn 0.8827 0.0124 0.4697
vn 0.9873 0.1590 0.0000
vn -0.9984 -0.0569 0.0000
vn -0.8470 -0.5015 0.1762
vn -0.5777 -0.4927 0.6507
vn -0.5780 -0.5350 0.6162
vn -0.5680 -0.5372 0.6235
vn -0.4751 -0.5644 0.6751
vn -0.0220 -0.6300 0.7763
vn 0.4510 -0.5643 0.6915
vn 0.5538 -0.5331 0.6396
vn 0.5593 -0.5233 0.6429
vn 0.6145 -0.5148 0.5978
vn 0.6792 -0.5904 0.4360
vn 0.9856 0.1693 0.0000
vn 0.0000 0.0000 0.0000
vn -0.7062 -0.7081 0.0000
vn -0.6951 -0.7072 0.1289
vn -0.5443 -0.5506 0.6330
vn -0.5743 -0.5539 0.6029
vn -0.4837 -0.5763 0.6587
vn -0.0155 -0.6531 0.7571
vn 0.4633 -0.5932 0.6584
vn 0.5449 -0.5810 0.6046
vn 0.5519 -0.6191 0.5586
vn 0.6147 -0.6644 0.4251
vn 0.6736 -0.7391 -0.0000
vn 0.7303 -0.6832 -0.0000
vn 0.0000 0.0000 0.0000
vn -0.7103 -0.7039 0.0000
vn -0.7092 -0.6965 0.1095
vn -0.5759 -0.5221 0.6291
vn -0.4931 -0.5734 0.6543
vn -0.0045 -0.6560 0.7548
vn 0.4898 -0.5758 0.6546
vn 0.5968 -0.5745 0.5602
vn 0.6239 -0.6247 0.4695
vn 0.6776 -0.7354 0.0000
vn 0.7305 -0.6829 -0.0000
vn 0.0000 0.0000 0.0000
vn -0.6976 -0.7165 -0.0000
vn -0.7098 -0.6910 0.1365
vn -0.4636 -0.5907 0.6604
vn -0.0106 -0.6805 0.7327
vn 0.5001 -0.6162 0.6085
vn 0.6569 -0.6074 0.4466
vn 0.7348 -0.6783 0.0000
vn 0.7013 -0.7129 -0.0000
vn 0.0000 0.0000 0.0000
vn -0.7112 -0.7030 -0.0000
vn -0.4839 -0.8570 0.1772
vn -0.0406 -0.8816 0.4702
vn 0.5607 -0.6923 0.4543
vn 0.7335 -0.6797 -0.0000
vn 0.6779 -0.7351 0.0000
vn 0.0000 0.0000 0.0000
vn -0.0318 -0.9995 0.0000
vn -0.0872 -0.9962 0.0000
vn -0.1232 -0.9924 0.0000
vn 0.6949 -0.7191 0.0000
vn -0.3974 0.7732 -0.4942
vn 0.4756 0.8587 -0.1908
vn -0.6422 0.6866 -0.3409
vn -0.0771 0.7589 -0.6466
vn 0.4189 0.5972 -0.6840
vn 0.8150 0.5625 -0.1390
vn -0.6824 0.6594 -0.3154
vn -0.5226 0.6275 -0.5772
vn -0.0256 0.6788 -0.7339
vn 0.4681 0.5968 -0.6517
vn 0.7476 0.5114 -0.4237
vn -0.6658 0.6717 -0.3250
vn -0.6198 0.5757 -0.5334
vn -0.4948 0.5785 -0.6484
vn -0.0246 0.6610 -0.7500
vn 0.4691 0.5930 -0.6544
vn 0.5745 0.5596 -0.5973
vn 0.6180 0.7289 -0.2946
vn -0.6677 0.6661 -0.3325
vn -0.6126 0.5718 -0.5456
vn -0.5841 0.5337 -0.6115
vn -0.4910 0.5603 -0.6671
vn -0.0336 0.6422 -0.7658
vn 0.4533 0.5863 -0.6714
vn 0.5610 0.5603 -0.6094
vn 0.5534 0.5724 -0.6051
vn 0.5462 0.6497 -0.5288
vn 0.7724 0.6122 -0.1690
vn -0.7548 0.4890 -0.4373
vn -0.7330 0.2632 -0.6272
vn -0.6744 0.2644 -0.6894
vn -0.6596 0.2918 -0.6927
vn -0.5524 0.3485 -0.7572
vn -0.0474 0.4187 -0.9069
vn 0.4971 0.3791 -0.7805
vn 0.6345 0.3237 -0.7019
vn 0.6462 0.2995 -0.7019
vn 0.6653 0.2723 -0.6952
vn 0.8717 0.1731 -0.4584
vn -0.8792 -0.4189 -0.2268
vn -0.6925 -0.2623 -0.6721
vn -0.7000 -0.2380 -0.6733
vn -0.7014 -0.1977 -0.6848
vn -0.6137 -0.1576 -0.7737
vn -0.0612 -0.1301 -0.9896
vn 0.5402 -0.1341 -0.8308
vn 0.6848 -0.1735 -0.7077
vn 0.6791 -0.2242 -0.6990
vn 0.7114 -0.2781 -0.6454
vn 0.7927 -0.4365 -0.4255
vn -0.7473 -0.6124 -0.2580
vn -0.6514 -0.4537 -0.6081
vn -0.6631 -0.4345 -0.6095
vn -0.5908 -0.4423 -0.6748
vn -0.0669 -0.5197 -0.8517
vn 0.5271 -0.4587 -0.7154
vn 0.6523 -0.4379 -0.6186
vn 0.6305 -0.4709 -0.6170
vn 0.8124 -0.3621 -0.4571
vn -0.7675 -0.4421 -0.4643
vn -0.6762 -0.4288 -0.5991
vn -0.6074 -0.4426 -0.6597
vn -0.0693 -0.5432 -0.8368
vn 0.5456 -0.4619 -0.6992
vn 0.6690 -0.4292 -0.6068
vn 0.6696 -0.4963 -0.5525
vn 0.7056 -0.5585 -0.4362
vn -0.8387 -0.5231 -0.1514
vn -0.6887 -0.3927 -0.6094
vn -0.6316 -0.4110 -0.6573
vn -0.0765 -0.5118 -0.8557
vn 0.5695 -0.4215 -0.7057
vn 0.7247 -0.4305 -0.5380
vn 0.7556 -0.5466 -0.3610
vn -0.8434 -0.3465 -0.4107
vn -0.6557 -0.3505 -0.6688
vn -0.0833 -0.4734 -0.8769
vn 0.5790 -0.3957 -0.7129
vn 0.9160 -0.1903 -0.3532
vn -0.9425 -0.0505 -0.3305
vn -0.6822 -0.1336 -0.7189
vn -0.0520 -0.2859 -0.9569
vn 0.6211 -0.2781 -0.7327
vn 0.9292 -0.1309 -0.3455
vn -0.9323 0.0901 -0.3503
vn -0.6362 0.1921 -0.7472
vn 0.0441 0.1482 -0.9880
vn 0.6842 0.0257 -0.7288
vn 0.9504 0.0200 -0.3105
vn -0.9167 0.1762 -0.3586
vn -0.5730 0.3702 -0.7311
vn 0.0957 0.4271 -0.8991
vn 0.6669 0.3017 -0.6813
vn 0.8562 0.3124 -0.4116
vn -0.7605 0.5155 -0.3948
vn -0.7246 0.4184 -0.5476
vn -0.5599 0.4140 -0.7178
vn 0.0889 0.5032 -0.8596
vn 0.6319 0.4064 -0.6599
vn 0.6817 0.3881 -0.6202
vn 0.8538 0.5050 -0.1264
vn -0.8424 0.3160 -0.4364
vn -0.6759 0.4154 -0.6088
vn -0.5405 0.4578 -0.7059
vn 0.0760 0.5371 -0.8401
vn 0.6030 0.4430 -0.6634
vn 0.6709 0.4343 -0.6011
vn 0.7984 0.4360 -0.4153
vn -0.7653 0.5324 -0.3618
vn -0.6682 0.4953 -0.5551
vn -0.6547 0.4580 -0.6013
vn -0.5078 0.5021 -0.7000
vn 0.0820 0.5620 -0.8230
vn 0.5790 0.4637 -0.6707
vn 0.6457 0.4599 -0.6096
vn 0.6343 0.4841 -0.6028
vn 0.7212 0.6695 -0.1782
vn -0.7289 0.5625 -0.3901
vn -0.6882 0.4443 -0.5735
vn -0.6665 0.4050 -0.6259
vn -0.6645 0.3892 -0.6379
vn -0.5035 0.4206 -0.7547
vn 0.1020 0.4537 -0.8853
vn 0.5935 0.3769 -0.7111
vn 0.6541 0.3707 -0.6594
vn 0.6567 0.3945 -0.6428
vn 0.6652 0.3889 -0.6375
vn 0.8725 0.4533 -0.1825
vn -0.8931 -0.0329 -0.4487
vn -0.7320 -0.0120 -0.6812
vn -0.7274 0.0032 -0.6862
vn -0.7107 0.0074 -0.7035
vn -0.5248 0.0079 -0.8512
vn 0.1123 0.0067 -0.9936
vn 0.6360 -0.0064 -0.7717
vn 0.6975 -0.0263 -0.7161
vn 0.7013 -0.0326 -0.7121
vn 0.7256 -0.0195 -0.6879
vn 0.8976 0.0132 -0.4406
vn -0.8708 -0.4561 -0.1835
vn -0.6669 -0.4078 -0.6236
vn -0.6773 -0.4006 -0.6171
vn -0.6714 -0.3780 -0.6375
vn -0.5106 -0.4038 -0.7591
vn 0.1139 -0.4378 -0.8918
vn 0.6134 -0.3709 -0.6972
vn 0.6604 -0.3888 -0.6425
vn 0.6407 -0.4255 -0.6391
vn 0.6774 -0.4515 -0.5808
vn 0.7212 -0.5357 -0.4391
vn -0.7237 -0.6654 -0.1831
vn -0.6556 -0.4788 -0.5838
vn -0.6640 -0.4601 -0.5894
vn -0.5139 -0.4939 -0.7014
vn 0.1074 -0.5523 -0.8267
vn 0.6087 -0.4512 -0.6527
vn 0.6611 -0.4482 -0.6017
vn 0.6602 -0.5179 -0.5440
vn 0.7024 -0.6042 -0.3762
vn -0.8056 -0.4357 -0.4014
vn -0.6864 -0.4343 -0.5833
vn -0.5454 -0.4774 -0.6889
vn 0.1001 -0.5471 -0.8311
vn 0.6288 -0.4295 -0.6481
vn 0.6850 -0.4309 -0.5875
vn 0.8450 -0.3636 -0.3922
vn -0.8615 -0.4882 -0.1395
vn -0.7010 -0.3758 -0.6061
vn -0.5760 -0.4320 -0.6940
vn 0.0883 -0.5189 -0.8503
vn 0.6425 -0.3985 -0.6545
vn 0.7789 -0.3708 -0.5058
vn -0.8493 -0.3279 -0.4138
vn -0.6022 -0.3452 -0.7198
vn 0.0963 -0.4443 -0.8907
vn 0.6560 -0.3495 -0.6689
vn 0.9176 -0.1703 -0.3590
vn -0.9424 -0.0489 -0.3309
vn -0.6411 -0.1198 -0.7581
vn 0.1267 -0.1716 -0.9770
vn 0.7015 -0.1419 -0.6983
vn 0.9299 -0.0574 -0.3634
vn -0.9379 0.0791 -0.3379
vn -0.6289 0.1992 -0.7515
vn 0.1256 0.2686 -0.9550
vn 0.7099 0.1795 -0.6810
vn 0.9237 0.0695 -0.3768
vn -0.9227 0.1700 -0.3461
vn -0.5945 0.3708 -0.7134
vn 0.1005 0.4745 -0.8745
vn 0.6735 0.3661 -0.6421
vn 0.8435 0.3542 -0.4039
vn -0.7579 0.5211 -0.3924
vn -0.7418 0.4085 -0.5319
vn -0.5900 0.3998 -0.7015
vn 0.0790 0.4968 -0.8642
vn 0.6502 0.4011 -0.6453
vn 0.6978 0.3846 -0.6043
vn 0.8561 0.5004 -0.1292
vn -0.7847 0.3838 -0.4868
vn -0.6902 0.4057 -0.5992
vn -0.5684 0.4273 -0.7031
vn 0.0689 0.5060 -0.8598
vn 0.6276 0.4139 -0.6594
vn 0.6920 0.4111 -0.5934
vn 0.8060 0.4237 -0.4134
vn -0.8099 0.4366 -0.3917
vn -0.6619 0.4771 -0.5781
vn -0.6643 0.4330 -0.6093
vn -0.5365 0.4499 -0.7140
vn 0.0658 0.5192 -0.8521
vn 0.5979 0.4383 -0.6711
vn 0.6651 0.4406 -0.6029
vn 0.6381 0.4740 -0.6068
vn 0.7185 0.6707 -0.1840
vn -0.7375 0.5283 -0.4206
vn -0.7200 0.3550 -0.5963
vn -0.6871 0.2938 -0.6645
vn -0.6849 0.2425 -0.6871
vn -0.5517 0.2171 -0.8053
vn 0.0445 0.2544 -0.9661
vn 0.5981 0.2869 -0.7483
vn 0.6730 0.3282 -0.6628
vn 0.6594 0.3801 -0.6486
vn 0.6474 0.3938 -0.6525
vn 0.8678 0.4561 -0.1971
vn -0.8840 -0.1016 -0.4563
vn -0.7013 -0.1607 -0.6946
vn -0.6808 -0.1971 -0.7055
vn -0.6561 -0.2387 -0.7159
vn -0.5355 -0.2935 -0.7919
vn 0.0002 -0.3046 -0.9525
vn 0.5465 -0.2246 -0.8068
vn 0.6679 -0.1469 -0.7296
vn 0.6814 -0.0922 -0.7261
vn 0.6983 -0.0436 -0.7145
vn 0.8827 0.0124 -0.4697
vn -0.8470 -0.5015 -0.1762
vn -0.5777 -0.4927 -0.6507
vn -0.5780 -0.5350 -0.6162
vn -0.5680 -0.5372 -0.6235
vn -0.4751 -0.5644 -0.6751
vn -0.0220 -0.6300 -0.7763
vn 0.4510 -0.5643 -0.6915
vn 0.5538 -0.5331 -0.6396
vn 0.5593 -0.5233 -0.6429
vn 0.6145 -0.5148 -0.5978
vn 0.6792 -0.5904 -0.4360
vn -0.6951 -0.7072 -0.1289
vn -0.5443 -0.5506 -0.6330
vn -0.5743 -0.5539 -0.6029
vn -0.4837 -0.5763 -0.6587
vn -0.0155 -0.6531 -0.7571
vn 0.4633 -0.5932 -0.6584
vn 0.5449 -0.5810 -0.6046
vn 0.5519 -0.6191 -0.5586
vn 0.6147 -0.6644 -0.4251
vn -0.7092 -0.6965 -0.1095
vn -0.5759 -0.5221 -0.6291
vn -0.4931 -0.5734 -0.6543
vn -0.0045 -0.6560 -0.7548
vn 0.4898 -0.5758 -0.6546
vn 0.5968 -0.5745 -0.5602
vn 0.6239 -0.6247 -0.4695
vn -0.7098 -0.6910 -0.1365
vn -0.4636 -0.5907 -0.6604
vn -0.0106 -0.6805 -0.7327
vn 0.5001 -0.6162 -0.6085
vn 0.6569 -0.6074 -0.4466
vn -0.4839 -0.8570 -0.1772
vn -0.0406 -0.8816 -0.4702
vn 0.5607 -0.6923 -0.4543
vn -0.6856 0.7280 0.0000
vn 0.1236 0.9923 -0.0000
vn 0.0716 0.9974 0.0000
vn 0.0834 0.9965 0.0000
vn 0.0000 0.0000 -0.0000
vn -0.6829 0.7305 0.0000
vn -0.7394 0.6733 0.0000
vn -0.5987 0.6618 0.4513
vn -0.0273 0.8761 0.4814
vn 0.4450 0.8634 0.2376
vn 0.7139 0.7003 0.0000
vn 0.0000 0.0000 -0.0000
vn -0.7160 0.6982 -0.0000
vn -0.7292 0.6843 0.0000
vn -0.6565 0.6089 0.4452
vn -0.5313 0.6125 0.5853
vn -0.0808 0.6915 0.7178
vn 0.4196 0.6173 0.6655
vn 0.7005 0.6902 0.1815
vn 0.7046 0.7096 -0.0000
vn 0.0000 0.0000 0.0000
vn -0.7359 0.6771 0.0000
vn -0.6763 0.7366 -0.0000
vn -0.6195 0.6267 0.4727
vn -0.6072 0.5675 0.5562
vn -0.5270 0.5744 0.6264
vn -0.0876 0.6797 0.7283
vn 0.4435 0.6125 0.6543
vn 0.5684 0.5494 0.6125
vn 0.6948 0.6998 0.1661
vn 0.7133 0.7009 0.0000
vn 0.0000 0.0000 0.0000
vn -0.7148 0.6994 0.0000
vn -0.6856 0.7280 0.0000
vn -0.6099 0.6560 0.4447
vn -0.5720 0.5989 0.5604
vn -0.5767 0.5569 0.5977
vn -0.5304 0.5672 0.6300
vn -0.0944 0.6584 0.7467
vn 0.4421 0.6023 0.6646
vn 0.5698 0.5616 0.5999
vn 0.5353 0.5730 0.6206
vn 0.6829 0.7027 0.1999
vn 0.7015 0.7127 0.0000
vn 0.0000 0.0000 -0.0000
vn -0.9934 -0.1146 0.0000
vn -0.6971 0.5461 0.4646
vn -0.6299 0.4717 0.6170
vn -0.5922 0.4615 0.6606
vn -0.6081 0.4444 0.6578
vn -0.5547 0.4381 0.7074
vn -0.1025 0.4853 0.8683
vn 0.4657 0.4609 0.7554
vn 0.6083 0.4395 0.6609
vn 0.5933 0.4505 0.6671
vn 0.6021 0.4256 0.6755
vn 0.8638 0.4446 0.2370
vn 0.9986 0.0529 -0.0000
vn -0.9967 -0.0816 -0.0000
vn -0.8754 -0.0623 0.4794
vn -0.6749 -0.0633 0.7352
vn -0.6663 -0.0638 0.7430
vn -0.6676 -0.0666 0.7415
vn -0.5949 -0.0717 0.8006
vn -0.1054 -0.0767 0.9915
vn 0.4860 -0.0658 0.8715
vn 0.6676 -0.0474 0.7431
vn 0.6685 -0.0550 0.7417
vn 0.6776 -0.0706 0.7321
vn 0.8760 -0.0247 0.4817
vn 0.9973 0.0738 0.0000
vn -0.9997 -0.0239 0.0000
vn -0.7707 -0.6071 0.1934
vn -0.5747 -0.6179 0.5365
vn -0.5678 -0.5218 0.6367
vn -0.5823 -0.5110 0.6323
vn -0.5320 -0.5145 0.6725
vn -0.1106 -0.5746 0.8110
vn 0.4297 -0.5255 0.7343
vn 0.5911 -0.4799 0.6483
vn 0.5933 -0.4909 0.6380
vn 0.6174 -0.5245 0.5863
vn 0.6703 -0.6063 0.4279
vn 0.9900 0.1414 -0.0000
vn 0.0000 0.0000 0.0000
vn -0.4245 -0.9054 -0.0000
vn -0.4960 -0.8683 0.0000
vn -0.6323 -0.7265 0.2690
vn -0.5625 -0.5735 0.5955
vn -0.5191 -0.5868 0.6215
vn -0.1160 -0.6705 0.7328
vn 0.4067 -0.6166 0.6741
vn 0.5656 -0.5609 0.6046
vn 0.5926 -0.5888 0.5496
vn 0.6242 -0.6624 0.4143
vn 0.6746 -0.7381 -0.0000
vn 0.7287 -0.6848 0.0000
vn 0.0000 0.0000 0.0000
vn -0.6923 -0.7216 -0.0000
vn -0.7143 -0.6535 0.2504
vn -0.5215 -0.5833 0.6228
vn -0.1183 -0.6826 0.7211
vn 0.4034 -0.6267 0.6668
vn 0.5905 -0.5872 0.5536
vn 0.6464 -0.6369 0.4202
vn 0.6899 -0.7239 0.0000
vn 0.7291 -0.6844 -0.0000
vn 0.0000 0.0000 0.0000
vn -0.8634 -0.5046 0.0000
vn -0.6366 -0.5765 0.5123
vn -0.1176 -0.6877 0.7164
vn 0.4173 -0.6657 0.6187
vn 0.6608 -0.6307 0.4068
vn 0.7327 -0.6805 0.0000
vn 0.6988 -0.7153 -0.0000
vn -0.9399 -0.3413 0.0000
vn -0.6220 -0.7604 0.1868
vn -0.0908 -0.8784 0.4693
vn 0.5357 -0.7050 0.4649
vn 0.7207 -0.6933 -0.0000
vn 0.6784 -0.7347 -0.0000
vn 0.0000 0.0000 0.0000
vn 0.0012 -1.0000 -0.0000
vn -0.0861 -0.9963 -0.0000
vn -0.1195 -0.9928 0.0000
vn 0.6972 -0.7168 0.0000
vn -0.5987 0.6618 -0.4513
vn -0.0273 0.8761 -0.4814
vn 0.4450 0.8634 -0.2376
vn -0.6565 0.6089 -0.4452
vn -0.5313 0.6125 -0.5853
vn -0.0808 0.6915 -0.7178
vn 0.4196 0.6173 -0.6655
vn 0.7005 0.6902 -0.1815
vn -0.6195 0.6267 -0.4727
vn -0.6072 0.5675 -0.5562
vn -0.5270 0.5744 -0.6264
vn -0.0876 0.6797 -0.7283
vn 0.4435 0.6125 -0.6543
vn 0.5684 0.5494 -0.6125
vn 0.6948 0.6998 -0.1661
vn -0.6099 0.6560 -0.4447
vn -0.5720 0.5989 -0.5604
vn -0.5767 0.5569 -0.5977
vn -0.5304 0.5672 -0.6300
vn -0.0944 0.6584 -0.7467
vn 0.4421 0.6023 -0.6646
vn 0.5698 0.5616 -0.5999
vn 0.5353 0.5730 -0.6206
vn 0.6829 0.7027 -0.1999
vn -0.6971 0.5461 -0.4646
vn -0.6299 0.4717 -0.6170
vn -0.5922 0.4615 -0.6606
vn -0.6081 0.4444 -0.6578
vn -0.5547 0.4381 -0.7074
vn -0.1025 0.4853 -0.8683
vn 0.4657 0.4609 -0.7554
vn 0.6083 0.4395 -0.6609
vn 0.5933 0.4505 -0.6671
vn 0.6021 0.4256 -0.6755
vn 0.8638 0.4446 -0.2370
vn -0.8754 -0.0623 -0.4794
vn -0.6749 -0.0633 -0.7352
vn -0.6663 -0.0638 -0.7430
vn -0.6676 -0.0666 -0.7415
vn -0.5949 -0.0717 -0.8006
vn -0.1054 -0.0767 -0.9915
vn 0.4860 -0.0658 -0.8715
vn 0.6676 -0.0474 -0.7431
vn 0.6685 -0.0550 -0.7417
vn 0.6776 -0.0706 -0.7321
vn 0.8760 -0.0247 -0.4817
vn -0.7707 -0.6071 -0.1934
vn -0.5747 -0.6179 -0.5365
vn -0.5678 -0.5218 -0.6367
vn -0.5823 -0.5110 -0.6323
vn -0.5320 -0.5145 -0.6725
vn -0.1106 -0.5746 -0.8110
vn 0.4297 -0.5255 -0.7343
vn 0.5911 -0.4799 -0.6483
vn 0.5933 -0.4909 -0.6380
vn 0.6174 -0.5245 -0.5863
vn 0.6703 -0.6063 -0.4279
vn -0.6323 -0.7265 -0.2690
vn -0.5625 -0.5735 -0.5955
vn -0.5191 -0.5868 -0.6215
vn -0.1160 -0.6705 -0.7328
vn 0.4067 -0.6166 -0.6741
vn 0.5656 -0.5609 -0.6046
vn 0.5926 -0.5888 -0.5496
vn 0.6242 -0.6624 -0.4143
vn -0.7143 -0.6535 -0.2504
vn -0.5215 -0.5833 -0.6228
vn -0.1183 -0.6826 -0.7211
vn 0.4034 -0.6267 -0.6668
vn 0.5905 -0.5872 -0.5536
vn 0.6464 -0.6369 -0.4202
vn -0.6366 -0.5765 -0.5123
vn -0.1176 -0.6877 -0.7164
vn 0.4173 -0.6657 -0.6187
vn 0.6608 -0.6307 -0.4068
vn -0.6220 -0.7604 -0.1868
vn -0.0908 -0.8784 -0.4693
vn 0.5357 -0.7050 -0.4649
f 1//1 6//6 7//7
f 1//1 7//7 2//2
f 130//130 6//6 1//1
f 2//2 130//130 1//1
f 2//2 7//7 8//8
f 2//2 8//8 3//3
f 131//131 130//130 2//2
f 3//3 131//131 2//2
f 3//3 8//8 9//9
f 3//3 9//9 4//4
f 9//9 131//131 3//3
f 4//4 9//9 3//3
f 5//5 11//11 12//12
f 5//5 12//12 6//6
f 132//132 11//11 5//5
f 6//6 132//132 5//5
f 6//6 12//12 13//13
f 6//6 13//13 7//7
f 133//133 132//132 6//6
f 130//130 133//133 6//6
f 7//7 13//13 14//14
f 7//7 14//14 8//8
f 134//134 133//133 130//130
f 131//131 134//134 130//130
f 8//8 14//14 15//15
f 8//8 15//15 9//9
f 135//135 134//134 131//131
f 9//9 135//135 131//131
f 9//9 15//15 16//16
f 9//9 16//16 10//10
f 16//16 135//135 9//9
f 10//10 16//16 9//9
f 11//11 20//20 21//21
f 11//11 21//21 12//12
f 136//136 20//20 11//11
f 132//132 136//136 11//11
f 12//12 21//21 22//22
f 12//12 22//22 13//13
f 137//137 136//136 132//132
f 133//133 137//137 132//132
f 13//13 22//22 23//23
f 13//13 23//23 14//14
f 138//138 137//137 133//133
f 134//134 138//138 133//133
f 14//14 23//23 24//24
f 14//14 24//24 15//15
f 139//139 138//138 134//134
f 135//135 139//139 134//134
f 15//15 24//24 25//25
f 15//15 25//25 16//16
f 140//140 139//139 135//135
f 16//16 140//140 135//135
f 16//16 25//25 26//26
f 16//16 26//26 17//17
f 26//26 140//140 16//16
f 17//17 26//26 16//16
f 18//18 29//29 30//30
f 18//18 30//30 19//19
f 141//141 29//29 18//18
f 19//19 141//141 18//18
f 19//19 30//30 31//31
f 19//19 31//31 20//20
f 142//142 141//141 19//19
f 20//20 142//142 19//19
f 20//20 31//31 32//32
f 20//20 32//32 21//21
f 143//143 142//142 20//20
f 136//136 143//143 20//20
f 21//21 32//32 33//33
f 21//21 33//33 22//22
f 144//144 143//143 136//136
f 137//137 144//144 136//136
f 22//22 33//33 34//34
f 22//22 34//34 23//23
f 145//145 144//144 137//137
f 138//138 145//145 137//137
f 23//23 34//34 35//35
f 23//23 35//35 24//24
f 146//146 145//145 138//138
f 139//139 146//146 138//138
f 24//24 35//35 36//36
f 24//24 36//36 25//25
f 147//147 146//146 139//139
f 140//140 147//147 139//139
f 25//25 36//36 37//37
f 25//25 37//37 26//26
f 148//148 147//147 140//140
f 26//26 148//148 140//140
f 26//26 37//37 38//38
f 26//26 38//38 27//27
f 38//38 148//148 26//26
f 27//27 38//38 26//26
f 28//28 40//40 41//41
f 28//28 41//41 29//29
f 149//149 40//40 28//28
f 29//29 149//149 28//28
f 29//29 41//41 42//42
f 29//29 42//42 30//30
f 150//150 149//149 29//29
f 141//141 150//150 29//29
f 30//30 42//42 43//43
f 30//30 43//43 31//31
f 151//151 150//150 141//141
f 142//142 151//151 141//141
f 31//31 43//43 44//44
f 31//31 44//44 32//32
f 152//152 151//151 142//142
f 143//143 152//152 142//142
f 32//32 44//44 45//45
f 32//32 45//45 33//33
f 153//153 152//152 143//143
f 144//144 153//153 143//143
f 33//33 45//45 46//46
f 33//33 46//46 34//34
f 154//154 153//153 144//144
f 145//145 154//154 144//144
f 34//34 46//46 47//47
f 34//34 47//47 35//35
f 155//155 154//154 145//145
f 146//146 155//155 145//145
f 35//35 47//47 48//48
f 35//35 48//48 36//36
f 156//156 155//155 146//146
f 147//147 156//156 146//146
f 36//36 48//48 49//49
f 36//36 49//49 37//37
f 157//157 156//156 147//147
f 148//148 157//157 147//147
f 37//37 49//49 50//50
f 37//37 50//50 38//38
f 158//158 157//157 148//148
f 38//38 158//158 148//148
f 38//38 50//50 51//51
f 38//38 51//51 39//39
f 51//51 158//158 38//38
f 39//39 51//51 38//38
f 40//40 53//53 54//54
f 40//40 54//54 41//41
f 159//159 53//53 40//40
f 149//149 159//159 40//40
f 41//41 54//54 55//55
f 41//41 55//55 42//42
f 160//160 159//159 149//149
f 150//150 160//160 149//149
f 42//42 55//55 56//56
f 42//42 56//56 43//43
f 161//161 160//160 150//150
f 151//151 161//161 150//150
f 43//43 56//56 57//57
f 43//43 57//57 44//44
f 162//162 161//161 151//151
f 152//152 162//162 151//151
f 44//44 57//57 58//58
f 44//44 58//58 45//45
f 163//163 162//162 152//152
f 153//153 163//163 152//152
f 45//45 58//58 59//59
f 45//45 59//59 46//46
f 164//164 163//163 153//153
f 154//154 164//164 153//153
f 46//46 59//59 60//60
f 46//46 60//60 47//47
f 165//165 164//164 154//154
f 155//155 165//165 154//154
f 47//47 60//60 61//61
f 47//47 61//61 48//48
f 166//166 165//165 155//155
f 156//156 166//166 155//155
f 48//48 61//61 62//62
f 48//48 62//62 49//49
f 167//167 166//166 156//156
f 157//157 167//167 156//156
f 49//49 62//62 63//63
f 49//49 63//63 50//50
f 168//168 167//167 157//157
f 158//158 168//168 157//157
f 50//50 63//63 64//64
f 50//50 64//64 51//51
f 169//169 168//168 158//158
f 51//51 169//169 158//158
f 51//51 64//64 65//65
f 51//51 65//65 52//52
f 65//65 169//169 51//51
f 52//52 65//65 51//51
f 53//53 66//66 67//67
f 53//53 67//67 54//54
f 170//170 66//66 53//53
f 159//159 170//170 53//53
f 54//54 67//67 68//68
f 54//54 68//68 55//55
f 171//171 170//170 159//159
f 160//160 171//171 159//159
f 55//55 68//68 69//69
f 55//55 69//69 56//56
f 172//172 171//171 160//160
f 161//161 172//172 160//160
f 56//56 69//69 70//70
f 56//56 70//70 57//57
f 173//173 172//172 161//161
f 162//162 173//173 161//161
f 57//57 70//70 71//71
f 57//57 71//71 58//58
f 174//174 173//173 162//162
f 163//163 174//174 162//162
f 58//58 71//71 72//72
f 58//58 72//72 59//59
f 175//175 174//174 163//163
f 164//164 175//175 163//163
f 59//59 72//72 73//73
f 59//59 73//73 60//60
f 176//176 175//175 164//164
f 165//165 176//176 164//164
f 60//60 73//73 74//74
f 60//60 74//74 61//61
f 177//177 176//176 165//165
f 166//166 177//177 165//165
f 61//61 74//74 75//75
f 61//61 75//75 62//62
f 178//178 177//177 166//166
f 167//167 178//178 166//166
f 62//62 75//75 76//76
f 62//62 76//76 63//63
f 179//179 178//178 167//167
f 168//168 179//179 167//167
f 63//63 76//76 77//77
f 63//63 77//77 64//64
f 180//180 179//179 168//168
f 169//169 180//180 168//168
f 64//64 77//77 78//78
f 64//64 78//78 65//65
f 78//78 180//180 169//169
f 65//65 78//78 169//169
f 66//66 79//79 80//80
f 66//66 80//80 67//67
f 181//181 79//79 66//66
f 170//170 181//181 66//66
f 67//67 80//80 81//81
f 67//67 81//81 68//68
f 182//182 181//181 170//170
f 171//171 182//182 170//170
f 68//68 81//81 82//82
f 68//68 82//82 69//69
f 183//183 182//182 171//171
f 172//172 183//183 171//171
f 69//69 82//82 83//83
f 69//69 83//83 70//70
f 184//184 183//183 172//172
f 173//173 184//184 172//172
f 70//70 83//83 84//84
f 70//70 84//84 71//71
f 185//185 184//184 173//173
f 174//174 185//185 173//173
f 71//71 84//84 85//85
f 71//71 85//85 72//72
f 186//186 185//185 174//174
f 175//175 186//186 174//174
f 72//72 85//85 86//86
f 72//72 86//86 73//73
f 187//187 186//186 175//175
f 176//176 187//187 175//175
f 73//73 86//86 87//87
f 73//73 87//87 74//74
f 188//188 187//187 176//176
f 177//177 188//188 176//176
f 74//74 87//87 88//88
f 74//74 88//88 75//75
f 189//189 188//188 177//177
f 178//178 189//189 177//177
f 75//75 88//88 89//89
f 75//75 89//89 76//76
f 190//190 189//189 178//178
f 179//179 190//190 178//178
f 76//76 89//89 90//90
f 76//76 90//90 77//77
f 90//90 190//190 179//179
f 180//180 90//90 179//179
f 77//77 90//90 91//91
f 77//77 91//91 78//78
f 91//91 90//90 180//180
f 78//78 91//91 180//180
f 79//79 92//92 93//93
f 79//79 93//93 80//80
f 93//93 92//92 79//79
f 181//181 93//93 79//79
f 80//80 93//93 94//94
f 80//80 94//94 81//81
f 94//94 93//93 181//181
f 182//182 94//94 181//181
f 81//81 94//94 95//95
f 81//81 95//95 82//82
f 191//191 94//94 182//182
f 183//183 191//191 182//182
f 82//82 95//95 96//96
f 82//82 96//96 83//83
f 192//192 191//191 183//183
f 184//184 192//192 183//183
f 83//83 96//96 97//97
f 83//83 97//97 84//84
f 193//193 192//192 184//184
f 185//185 193//193 184//184
f 84//84 97//97 98//98
f 84//84 98//98 85//85
f 194//194 193//193 185//185
f 186//186 194//194 185//185
f 85//85 98//98 99//99
f 85//85 99//99 86//86
f 195//195 194//194 186//186
f 187//187 195//195 186//186
f 86//86 99//99 100//100
f 86//86 100//100 87//87
f 196//196 195//195 187//187
f 188//188 196//196 187//187
f 87//87 100//100 101//101
f 87//87 101//101 88//88
f 197//197 196//196 188//188
f 189//189 197//197 188//188
f 88//88 101//101 102//102
f 88//88 102//102 89//89
f 102//102 197//197 189//189
f 190//190 102//102 189//189
f 89//89 102//102 103//103
f 89//89 103//103 90//90
f 103//103 102//102 190//190
f 90//90 103//103 190//190
f 94//94 104//104 105//105
f 94//94 105//105 95//95
f 105//105 104//104 94//94
f 191//191 105//105 94//94
f 95//95 105//105 106//106
f 95//95 106//106 96//96
f 198//198 105//105 191//191
f 192//192 198//198 191//191
f 96//96 106//106 107//107
f 96//96 107//107 97//97
f 199//199 198//198 192//192
f 193//193 199//199 192//192
f 97//97 107//107 108//108
f 97//97 108//108 98//98
f 200//200 199//199 193//193
f 194//194 200//200 193//193
f 98//98 108//108 109//109
f 98//98 109//109 99//99
f 201//201 200//200 194//194
f 195//195 201//201 194//194
f 99//99 109//109 110//110
f 99//99 110//110 100//100
f 202//202 201//201 195//195
f 196//196 202//202 195//195
f 100//100 110//110 111//111
f 100//100 111//111 101//101
f 111//111 202//202 196//196
f 197//197 111//111 196//196
f 101//101 111//111 112//112
f 101//101 112//112 102//102
f 112//112 111//111 197//197
f 102//102 112//112 197//197
f 105//105 113//113 114//114
f 105//105 114//114 106//106
f 203//203 113//113 105//105
f 198//198 203//203 105//105
f 106//106 114//114 115//115
f 106//106 115//115 107//107
f 204//204 203//203 198//198
f 199//199 204//204 198//198
f 107//107 115//115 116//116
f 107//107 116//116 108//108
f 205//205 204//204 199//199
f 200//200 205//205 199//199
f 108//108 116//116 117//117
f 108//108 117//117 109//109
f 206//206 205//205 200//200
f 201//201 206//206 200//200
f 109//109 117//117 118//118
f 109//109 118//118 110//110
f 118//118 206//206 201//201
f 202//202 118//118 201//201
f 110//110 118//118 119//119
f 110//110 119//119 111//111
f 119//119 118//118 202//202
f 111//111 119//119 202//202
f 113//113 120//120 121//121
f 113//113 121//121 114//114
f 121//121 120//120 113//113
f 203//203 121//121 113//113
f 114//114 121//121 122//122
f 114//114 122//122 115//115
f 207//207 121//121 203//203
f 204//204 207//207 203//203
f 115//115 122//122 123//123
f 115//115 123//123 116//116
f 208//208 207//207 204//204
f 205//205 208//208 204//204
f 116//116 123//123 124//124
f 116//116 124//124 117//117
f 124//124 208//208 205//205
f 206//206 124//124 205//205
f 117//117 124//124 125//125
f 117//117 125//125 118//118
f 125//125 124//124 206//206
f 118//118 125//125 206//206
f 121//121 126//126 127//127
f 121//121 127//127 122//122
f 127//127 126//126 121//121
f 207//207 127//127 121//121
f 122//122 127//127 128//128
f 122//122 128//128 123//123
f 128//128 127//127 207//207
f 208//208 128//128 207//207
f 123//123 128//128 129//129
f 123//123 129//129 124//124
f 129//129 128//128 208//208
f 124//124 129//129 208//208
f 209//209 215//215 216//216
f 209//209 216//216 210//210
f 334//334 215//215 209//209
f 210//210 334//334 209//209
f 210//210 216//216 217//217
f 210//210 217//217 211//211
f 335//335 334//334 210//210
f 211//211 335//335 210//210
f 211//211 217//217 218//218
f 211//211 218//218 212//212
f 336//336 335//335 211//211
f 212//212 336//336 211//211
f 212//212 218//218 219//219
f 212//212 219//219 213//213
f 219//219 336//336 212//212
f 213//213 219//219 212//212
f 214//214 221//221 222//222
f 214//214 222//222 215//215
f 337//337 221//221 214//214
f 215//215 337//337 214//214
f 215//215 222//222 223//223
f 215//215 223//223 216//216
f 338//338 337//337 215//215
f 334//334 338//338 215//215
f 216//216 223//223 224//224
f 216//216 224//224 217//217
f 339//339 338//338 334//334
f 335//335 339//339 334//334
f 217//217 224//224 225//225
f 217//217 225//225 218//218
f 340//340 339//339 335//335
f 336//336 340//340 335//335
f 218//218 225//225 226//226
f 218//218 226//226 219//219
f 226//226 340//340 336//336
f 219//219 226//226 336//336
f 220//220 229//229 230//230
f 220//220 230//230 221//221
f 341//341 229//229 220//220
f 221//221 341//341 220//220
f 221//221 230//230 231//231
f 221//221 231//231 222//222
f 342//342 341//341 221//221
f 337//337 342//342 221//221
f 222//222 231//231 232//232
f 222//222 232//232 223//223
f 343//343 342//342 337//337
f 338//338 343//343 337//337
f 223//223 232//232 233//233
f 223//223 233//233 224//224
f 344//344 343//343 338//338
f 339//339 344//344 338//338
f 224//224 233//233 234//234
f 224//224 234//234 225//225
f 345//345 344//344 339//339
f 340//340 345//345 339//339
f 225//225 234//234 235//235
f 225//225 235//235 226//226
f 346//346 345//345 340//340
f 226//226 346//346 340//340
f 226//226 235//235 236//236
f 226//226 236//236 227//227
f 236//236 346//346 226//226
f 227//227 236//236 226//226
f 228//228 240//240 241//241
f 228//228 241//241 229//229
f 347//347 240//240 228//228
f 229//229 347//347 228//228
f 229//229 241//241 242//242
f 229//229 242//242 230//230
f 348//348 347//347 229//229
f 341//341 348//348 229//229
f 230//230 242//242 243//243
f 230//230 243//243 231//231
f 349//349 348//348 341//341
f 342//342 349//349 341//341
f 231//231 243//243 244//244
f 231//231 244//244 232//232
f 350//350 349//349 342//342
f 343//343 350//350 342//342
f 232//232 244//244 245//245
f 232//232 245//245 233//233
f 351//351 350//350 343//343
f 344//344 351//351 343//343
f 233//233 245//245 246//246
f 233//233 246//246 234//234
f 352//352 351//351 344//344
f 345//345 352//352 344//344
f 234//234 246//246 247//247
f 234//234 247//247 235//235
f 353//353 352//352 345//345
f 346//346 353//353 345//345
f 235//235 247//247 248//248
f 235//235 248//248 236//236
f 354//354 353//353 346//346
f 236//236 354//354 346//346
f 236//236 248//248 249//249
f 236//236 249//249 237//237
f 355//355 354//354 236//236
f 237//237 355//355 236//236
f 237//237 249//249 250//250
f 237//237 250//250 238//238
f 250//250 355//355 237//237
f 238//238 250//250 237//237
f 239//239 253//253 254//254
f 239//239 254//254 240//240
f 356//356 253//253 239//239
f 240//240 356//356 239//239
f 240//240 254//254 255//255
f 240//240 255//255 241//241
f 357//357 356//356 240//240
f 347//347 357//357 240//240
f 241//241 255//255 256//256
f 241//241 256//256 242//242
f 358//358 357//357 347//347
f 348//348 358//358 347//347
f 242//242 256//256 257//257
f 242//242 257//257 243//243
f 359//359 358//358 348//348
f 349//349 359//359 348//348
f 243//243 257//257 258//258
f 243//243 258//258 244//244
f 360//360 359//359 349//349
f 350//350 360//360 349//349
f 244//244 258//258 259//259
f 244//244 259//259 245//245
f 361//361 360//360 350//350
f 351//351 361//361 350//350
f 245//245 259//259 260//260
f 245//245 260//260 246//246
f 362//362 361//361 351//351
f 352//352 362//362 351//351
f 246//246 260//260 261//261
f 246//246 261//261 247//247
f 363//363 362//362 352//352
f 353//353 363//363 352//352
f 247//247 261//261 262//262
f 247//247 262//262 248//248
f 364//364 363//363 353//353
f 354//354 364//364 353//353
f 248//248 262//262 263//263
f 248//248 263//263 249//249
f 365//365 364//364 354//354
f 355//355 365//365 354//354
f 249//249 263//263 264//264
f 249//249 264//264 250//250
f 366//366 365//365 355//355
f 250//250 366//366 355//355
f 250//250 264//264 265//265
f 250//250 265//265 251//251
f 265//265 366//366 250//250
f 251//251 265//265 250//250
f 252//252 266//266 267//267
f 252//252 267//267 253//253
f 367//367 266//266 252//252
f 253//253 367//367 252//252
f 253//253 267//267 268//268
f 253//253 268//268 254//254
f 368//368 367//367 253//253
f 356//356 368//368 253//253
f 254//254 268//268 269//269
f 254//254 269//269 255//255
f 369//369 368//368 356//356
f 357//357 369//369 356//356
f 255//255 269//269 270//270
f 255//255 270//270 256//256
f 370//370 369//369 357//357
f 358//358 370//370 357//357
f 256//256 270//270 271//271
f 256//256 271//271 257//257
f 371//371 370//370 358//358
f 359//359 371//371 358//358
f 257//257 271//271 272//272
f 257//257 272//272 258//258
f 372//372 371//371 359//359
f 360//360 372//372 359//359
f 258//258 272//272 273//273
f 258//258 273//273 259//259
f 373//373 372//372 360//360
f 361//361 373//373 360//360
f 259//259 273//273 274//274
f 259//259 274//274 260//260
f 374//374 373//373 361//361
f 362//362 374//374 361//361
f 260//260 274//274 275//275
f 260//260 275//275 261//261
f 375//375 374//374 362//362
f 363//363 375//375 362//362
f 261//261 275//275 276//276
f 261//261 276//276 262//262
f 376//376 375//375 363//363
f 364//364 376//376 363//363
f 262//262 276//276 277//277
f 262//262 277//277 263//263
f 377//377 376//376 364//364
f 365//365 377//377 364//364
f 263//263 277//277 278//278
f 263//263 278//278 264//264
f 378//378 377//377 365//365
f 366//366 378//378 365//365
f 264//264 278//278 279//279
f 264//264 279//279 265//265
f 279//279 378//378 366//366
f 265//265 279//279 366//366
f 266//266 280//280 281//281
f 266//266 281//281 267//267
f 281//281 280//280 266//266
f 367//367 281//281 266//266
f 267//267 281//281 282//282
f 267//267 282//282 268//268
f 379//379 281//281 367//367
f 368//368 379//379 367//367
f 268//268 282//282 283//283
f 268//268 283//283 269//269
f 380//380 379//379 368//368
f 369//369 380//380 368//368
f 269//269 283//283 284//284
f 269//269 284//284 270//270
f 381//381 380//380 369//369
f 370//370 381//381 369//369
f 270//270 284//284 285//285
f 270//270 285//285 271//271
f 382//382 381//381 370//370
f 371//371 382//382 370//370
f 271//271 285//285 286//286
f 271//271 286//286 272//272
f 383//383 382//382 371//371
f 372//372 383//383 371//371
f 272//272 286//286 287//287
f 272//272 287//287 273//273
f 384//384 383//383 372//372
f 373//373 384//384 372//372
f 273//273 287//287 288//288
f 273//273 288//288 274//274
f 385//385 384//384 373//373
f 374//374 385//385 373//373
f 274//274 288//288 289//289
f 274//274 289//289 275//275
f 386//386 385//385 374//374
f 375//375 386//386 374//374
f 275//275 289//289 290//290
f 275//275 290//290 276//276
f 387//387 386//386 375//375
f 376//376 387//387 375//375
f 276//276 290//290 291//291
f 276//276 291//291 277//277
f 388//388 387//387 376//376
f 377//377 388//388 376//376
f 277//277 291//291 292//292
f 277//277 292//292 278//278
f 292//292 388//388 377//377
f 378//378 292//292 377//377
f 278//278 292//292 293//293
f 278//278 293//293 279//279
f 293//293 292//292 378//378
f 279//279 293//293 378//378
f 281//281 294//294 295//295
f 281//281 295//295 282//282
f 295//295 294//294 281//281
f 379//379 295//295 281//281
f 282//282 295//295 296//296
f 282//282 296//296 283//283
f 389//389 295//295 379//379
f 380//380 389//389 379//379
f 283//283 296//296 297//297
f 283//283 297//297 284//284
f 390//390 389//389 380//380
f 381//381 390//390 380//380
f 284//284 297//297 298//298
f 284//284 298//298 285//285
f 391//391 390//390 381//381
f 382//382 391//391 381//381
f 285//285 298//298 299//299
f 285//285 299//299 286//286
f 392//392 391//391 382//382
f 383//383 392//392 382//382
f 286//286 299//299 300//300
f 286//286 300//300 287//287
f 393//393 392//392 383//383
f 384//384 393//393 383//383
f 287//287 300//300 301//301
f 287//287 301//301 288//288
f 394//394 393//393 384//384
f 385//385 394//394 384//384
f 288//288 301//301 302//302
f 288//288 302//302 289//289
f 395//395 394//394 385//385
f 386//386 395//395 385//385
f 289//289 302//302 303//303
f 289//289 303//303 290//290
f 396//396 395//395 386//386
f 387//387 396//396 386//386
f 290//290 303//303 304//304
f 290//290 304//304 291//291
f 304//304 396//396 387//387
f 388//388 304//304 387//387
f 291//291 304//304 305//305
f 291//291 305//305 292//292
f 305//305 304//304 388//388
f 292//292 305//305 388//388
f 295//295 306//306 307//307
f 295//295 307//307 296//296
f 307//307 306//306 295//295
f 389//389 307//307 295//295
f 296//296 307//307 308//308
f 296//296 308//308 297//297
f 397//397 307//307 389//389
f 390//390 397//397 389//389
f 297//297 308//308 309//309
f 297//297 309//309 298//298
f 398//398 397//397 390//390
f 391//391 398//398 390//390
f 298//298 309//309 310//310
f 298//298 310//310 299//299
f 399//399 398//398 391//391
f 392//392 399//399 391//391
f 299//299 310//310 311//311
f 299//299 311//311 300//300
f 400//400 399//399 392//392
f 393//393 400//400 392//392
f 300//300 311//311 312//312
f 300//300 312//312 301//301
f 401//401 400//400 393//393
f 394//394 401//401 393//393
f 301//301 312//312 313//313
f 301//301 313//313 302//302
f 402//402 401//401 394//394
f 395//395 402//402 394//394
f 302//302 313//313 314//314
f 302//302 314//314 303//303
f 314//314 402//402 395//395
f 396//396 314//314 395//395
f 303//303 314//314 315//315
f 303//303 315//315 304//304
f 315//315 314//314 396//396
f 304//304 315//315 396//396
f 307//307 316//316 317//317
f 307//307 317//317 308//308
f 317//317 316//316 307//307
f 397//397 317//317 307//307
f 308//308 317//317 318//318
f 308//308 318//318 309//309
f 403//403 317//317 397//397
f 398//398 403//403 397//397
f 309//309 318//318 319//319
f 309//309 319//319 310//310
f 404//404 403//403 398//398
f 399//399 404//404 398//398
f 310//310 319//319 320//320
f 310//310 320//320 311//311
f 405//405 404//404 399//399
f 400//400 405//405 399//399
f 311//311 320//320 321//321
f 311//311 321//321 312//312
f 406//406 405//405 400//400
f 401//401 406//406 400//400
f 312//312 321//321 322//322
f 312//312 322//322 313//313
f 322//322 406//406 401//401
f 402//402 322//322 401//401
f 313//313 322//322 323//323
f 313//313 323//323 314//314
f 323//323 322//322 402//402
f 314//314 323//323 402//402
f 317//317 324//324 325//325
f 317//317 325//325 318//318
f 325//325 324//324 317//317
f 403//403 325//325 317//317
f 318//318 325//325 326//326
f 318//318 326//326 319//319
f 407//407 325//325 403//403
f 404//404 407//407 403//403
f 319//319 326//326 327//327
f 319//319 327//327 320//320
f 408//408 407//407 404//404
f 405//405 408//408 404//404
f 320//320 327//327 328//328
f 320//320 328//328 321//321
f 328//328 408//408 405//405
f 406//406 328//328 405//405
f 321//321 328//328 329//329
f 321//321 329//329 322//322
f 329//329 328//328 406//406
f 322//322 329//329 406//406
f 325//325 330//330 331//331
f 325//325 331//331 326//326
f 331//331 330//330 325//325
f 407//407 331//331 325//325
f 326//326 331//331 332//332
f 326//326 332//332 327//327
f 332//332 331//331 407//407
f 408//408 332//332 407//407
f 327//327 332//332 333//333
f 327//327 333//333 328//328
f 333//333 332//332 408//408
f 328//328 333//333 408//408
f 409//409 415//415 416//416
f 409//409 416//416 410//410
f 535//535 415//415 409//409
f 410//410 535//535 409//409
f 410//410 416//416 417//417
f 410//410 417//417 411//411
f 536//536 535//535 410//410
f 411//411 536//536 410//410
f 411//411 417//417 418//418
f 411//411 418//418 412//412
f 537//537 536//536 411//411
f 412//412 537//537 411//411
f 412//412 418//418 419//419
f 412//412 419//419 413//413
f 419//419 537//537 412//412
f 413//413 419//419 412//412
f 414//414 422//422 423//423
f 414//414 423//423 415//415
f 538//538 422//422 414//414
f 415//415 538//538 414//414
f 415//415 423//423 424//424
f 415//415 424//424 416//416
f 539//539 538//538 415//415
f 535//535 539//539 415//415
f 416//416 424//424 425//425
f 416//416 425//425 417//417
f 540//540 539//539 535//535
f 536//536 540//540 535//535
f 417//417 425//425 426//426
f 417//417 426//426 418//418
f 541//541 540//540 536//536
f 537//537 541//541 536//536
f 418//418 426//426 427//427
f 418//418 427//427 419//419
f 542//542 541//541 537//537
f 419//419 542//542 537//537
f 419//419 427//427 428//428
f 419//419 428//428 420//420
f 428//428 542//542 419//419
f 420//420 428//428 419//419
f 421//421 431//431 432//432
f 421//421 432//432 422//422
f 543//543 431//431 421//421
f 422//422 543//543 421//421
f 422//422 432//432 433//433
f 422//422 433//433 423//423
f 544//544 543//543 422//422
f 538//538 544//544 422//422
f 423//423 433//433 434//434
f 423//423 434//434 424//424
f 545//545 544//544 538//538
f 539//539 545//545 538//538
f 424//424 434//434 435//435
f 424//424 435//435 425//425
f 546//546 545//545 539//539
f 540//540 546//546 539//539
f 425//425 435//435 436//436
f 425//425 436//436 426//426
f 547//547 546//546 540//540
f 541//541 547//547 540//540
f 426//426 436//436 437//437
f 426//426 437//437 427//427
f 548//548 547//547 541//541
f 542//542 548//548 541//541
f 427//427 437//437 438//438
f 427//427 438//438 428//428
f 549//549 548//548 542//542
f 428//428 549//549 542//542
f 428//428 438//438 439//439
f 428//428 439//439 429//429
f 439//439 549//549 428//428
f 429//429 439//439 428//428
f 430//430 442//442 443//443
f 430//430 443//443 431//431
f 550//550 442//442 430//430
f 431//431 550//550 430//430
f 431//431 443//443 444//444
f 431//431 444//444 432//432
f 551//551 550//550 431//431
f 543//543 551//551 431//431
f 432//432 444//444 445//445
f 432//432 445//445 433//433
f 552//552 551//551 543//543
f 544//544 552//552 543//543
f 433//433 445//445 446//446
f 433//433 446//446 434//434
f 553//553 552//552 544//544
f 545//545 553//553 544//544
f 434//434 446//446 447//447
f 434//434 447//447 435//435
f 554//554 553//553 545//545
f 546//546 554//554 545//545
f 435//435 447//447 448//448
f 435//435 448//448 436//436
f 555//555 554//554 546//546
f 547//547 555//555 546//546
f 436//436 448//448 449//449
f 436//436 449//449 437//437
f 556//556 555//555 547//547
f 548//548 556//556 547//547
f 437//437 449//449 450//450
f 437//437 450//450 438//438
f 557//557 556//556 548//548
f 549//549 557//557 548//548
f 438//438 450//450 451//451
f 438//438 451//451 439//439
f 558//558 557//557 549//549
f 439//439 558//558 549//549
f 439//439 451//451 452//452
f 439//439 452//452 440//440
f 452//452 558//558 439//439
f 440//440 452//452 439//439
f 441//441 454//454 455//455
f 441//441 455//455 442//442
f 559//559 454//454 441//441
f 442//442 559//559 441//441
f 442//442 455//455 456//456
f 442//442 456//456 443//443
f 560//560 559//559 442//442
f 550//550 560//560 442//442
f 443//443 456//456 457//457
f 443//443 457//457 444//444
f 561//561 560//560 550//550
f 551//551 561//561 550//550
f 444//444 457//457 458//458
f 444//444 458//458 445//445
f 562//562 561//561 551//551
f 552//552 562//562 551//551
f 445//445 458//458 459//459
f 445//445 459//459 446//446
f 563//563 562//562 552//552
f 553//553 563//563 552//552
f 446//446 459//459 460//460
f 446//446 460//460 447//447
f 564//564 563//563 553//553
f 554//554 564//564 553//553
f 447//447 460//460 461//461
f 447//447 461//461 448//448
f 565//565 564//564 554//554
f 555//555 565//565 554//554
f 448//448 461//461 462//462
f 448//448 462//462 449//449
f 566//566 565//565 555//555
f 556//556 566//566 555//555
f 449//449 462//462 463//463
f 449//449 463//463 450//450
f 567//567 566//566 556//556
f 557//557 567//567 556//556
f 450//450 463//463 464//464
f 450//450 464//464 451//451
f 568//568 567//567 557//557
f 558//558 568//568 557//557
f 451//451 464//464 465//465
f 451//451 465//465 452//452
f 569//569 568//568 558//558
f 452//452 569//569 558//558
f 452//452 465//465 466//466
f 452//452 466//466 453//453
f 466//466 569//569 452//452
f 453//453 466//466 452//452
f 454//454 467//467 468//468
f 454//454 468//468 455//455
f 570//570 467//467 454//454
f 559//559 570//570 454//454
f 455//455 468//468 469//469
f 455//455 469//469 456//456
f 571//571 570//570 559//559
f 560//560 571//571 559//559
f 456//456 469//469 470//470
f 456//456 470//470 457//457
f 572//572 571//571 560//560
f 561//561 572//572 560//560
f 457//457 470//470 471//471
f 457//457 471//471 458//458
f 573//573 572//572 561//561
f 562//562 573//573 561//561
f 458//458 471//471 472//472
f 458//458 472//472 459//459
f 574//574 573//573 562//562
f 563//563 574//574 562//562
f 459//459 472//472 473//473
f 459//459 473//473 460//460
f 575//575 574//574 563//563
f 564//564 575//575 563//563
f 460//460 473//473 474//474
f 460//460 474//474 461//461
f 576//576 575//575 564//564
f 565//565 576//576 564//564
f 461//461 474//474 475//475
f 461//461 475//475 462//462
f 577//577 576//576 565//565
f 566//566 577//577 565//565
f 462//462 475//475 476//476
f 462//462 476//476 463//463
f 578//578 577//577 566//566
f 567//567 578//578 566//566
f 463//463 476//476 477//477
f 463//463 477//477 464//464
f 579//579 578//578 567//567
f 568//568 579//579 567//567
f 464//464 477//477 478//478
f 464//464 478//478 465//465
f 580//580 579//579 568//568
f 569//569 580//580 568//568
f 465//465 478//478 479//479
f 465//465 479//479 466//466
f 479//479 580//580 569//569
f 466//466 479//479 569//569
f 467//467 480//480 481//481
f 467//467 481//481 468//468
f 581//581 480//480 467//467
f 570//570 581//581 467//467
f 468//468 481//481 482//482
f 468//468 482//482 469//469
f 582//582 581//581 570//570
f 571//571 582//582 570//570
f 469//469 482//482 483//483
f 469//469 483//483 470//470
f 583//583 582//582 571//571
f 572//572 583//583 571//571
f 470//470 483//483 484//484
f 470//470 484//484 471//471
f 584//584 583//583 572//572
f 573//573 584//584 572//572
f 471//471 484//484 485//485
f 471//471 485//485 472//472
f 585//585 584//584 573//573
f 574//574 585//585 573//573
f 472//472 485//485 486//486
f 472//472 486//486 473//473
f 586//586 585//585 574//574
f 575//575 586//586 574//574
f 473//473 486//486 487//487
f 473//473 487//487 474//474
f 587//587 586//586 575//575
f 576//576 587//587 575//575
f 474//474 487//487 488//488
f 474//474 488//488 475//475
f 588//588 587//587 576//576
f 577//577 588//588 576//576
f 475//475 488//488 489//489
f 475//475 489//489 476//476
f 589//589 588//588 577//577
f 578//578 589//589 577//577
f 476//476 489//489 490//490
f 476//476 490//490 477//477
f 590//590 589//589 578//578
f 579//579 590//590 578//578
f 477//477 490//490 491//491
f 477//477 491//491 478//478
f 591//591 590//590 579//579
f 580//580 591//591 579//579
f 478//478 491//491 492//492
f 478//478 492//492 479//479
f 492//492 591//591 580//580
f 479//479 492//492 580//580
f 480//480 493//493 494//494
f 480//480 494//494 481//481
f 494//494 493//493 480//480
f 581//581 494//494 480//480
f 481//481 494//494 495//495
f 481//481 495//495 482//482
f 592//592 494//494 581//581
f 582//582 592//592 581//581
f 482//482 495//495 496//496
f 482//482 496//496 483//483
f 593//593 592//592 582//582
f 583//583 593//593 582//582
f 483//483 496//496 497//497
f 483//483 497//497 484//484
f 594//594 593//593 583//583
f 584//584 594//594 583//583
f 484//484 497//497 498//498
f 484//484 498//498 485//485
f 595//595 594//594 584//584
f 585//585 595//595 584//584
f 485//485 498//498 499//499
f 485//485 499//499 486//486
f 596//596 595//595 585//585
f 586//586 596//596 585//585
f 486//486 499//499 500//500
f 486//486 500//500 487//487
f 597//597 596//596 586//586
f 587//587 597//597 586//586
f 487//487 500//500 501//501
f 487//487 501//501 488//488
f 598//598 597//597 587//587
f 588//588 598//598 587//587
f 488//488 501//501 502//502
f 488//488 502//502 489//489
f 599//599 598//598 588//588
f 589//589 599//599 588//588
f 489//489 502//502 503//503
f 489//489 503//503 490//490
f 503//503 599//599 589//589
f 590//590 503//503 589//589
f 490//490 503//503 504//504
f 490//490 504//504 491//491
f 504//504 503//503 590//590
f 591//591 504//504 590//590
f 491//491 504//504 505//505
f 491//491 505//505 492//492
f 505//505 504//504 591//591
f 492//492 505//505 591//591
f 494//494 506//506 507//507
f 494//494 507//507 495//495
f 507//507 506//506 494//494
f 592//592 507//507 494//494
f 495//495 507//507 508//508
f 495//495 508//508 496//496
f 600//600 507//507 592//592
f 593//593 600//600 592//592
f 496//496 508//508 509//509
f 496//496 509//509 497//497
f 601//601 600//600 593//593
f 594//594 601//601 593//593
f 497//497 509//509 510//510
f 497//497 510//510 498//498
f 602//602 601//601 594//594
f 595//595 602//602 594//594
f 498//498 510//510 511//511
f 498//498 511//511 499//499
f 603//603 602//602 595//595
f 596//596 603//603 595//595
f 499//499 511//511 512//512
f 499//499 512//512 500//500
f 604//604 603//603 596//596
f 597//597 604//604 596//596
f 500//500 512//512 513//513
f 500//500 513//513 501//501
f 605//605 604//604 597//597
f 598//598 605//605 597//597
f 501//501 513//513 514//514
f 501//501 514//514 502//502
f 514//514 605//605 598//598
f 599//599 514//514 598//598
f 502//502 514//514 515//515
f 502//502 515//515 503//503
f 515//515 514//514 599//599
f 503//503 515//515 599//599
f 507//507 516//516 517//517
f 507//507 517//517 508//508
f 517//517 516//516 507//507
f 600//600 517//517 507//507
f 508//508 517//517 518//518
f 508//508 518//518 509//509
f 606//606 517//517 600//600
f 601//601 606//606 600//600
f 509//509 518//518 519//519
f 509//509 519//519 510//510
f 607//607 606//606 601//601
f 602//602 607//607 601//601
f 510//510 519//519 520//520
f 510//510 520//520 511//511
f 608//608 607//607 602//602
f 603//603 608//608 602//602
f 511//511 520//520 521//521
f 511//511 521//521 512//512
f 609//609 608//608 603//603
f 604//604 609//609 603//603
f 512//512 521//521 522//522
f 512//512 522//522 513//513
f 522//522 609//609 604//604
f 605//605 522//522 604//604
f 513//513 522//522 523//523
f 513//513 523//523 514//514
f 523//523 522//522 605//605
f 514//514 523//523 605//605
f 517//517 524//524 525//525
f 517//517 525//525 518//518
f 525//525 524//524 517//517
f 606//606 525//525 517//517
f 518//518 525//525 526//526
f 518//518 526//526 519//519
f 610//610 525//525 606//606
f 607//607 610//610 606//606
f 519//519 526//526 527//527
f 519//519 527//527 520//520
f 611//611 610//610 607//607
f 608//608 611//611 607//607
f 520//520 527//527 528//528
f 520//520 528//528 521//521
f 612//612 611//611 608//608
f 609//609 612//612 608//608
f 521//521 528//528 529//529
f 521//521 529//529 522//522
f 529//529 612//612 609//609
f 522//522 529//529 609//609
f 525//525 530//530 531//531
f 525//525 531//531 526//526
f 531//531 530//530 525//525
f 610//610 531//531 525//525
f 526//526 531//531 532//532
f 526//526 532//532 527//527
f 532//532 531//531 610//610
f 611//611 532//532 610//610
f 527//527 532//532 533//533
f 527//527 533//533 528//528
f 533//533 532//532 611//611
f 612//612 533//533 611//611
f 528//528 533//533 534//534
f 528//528 534//534 529//529
f 534//534 533//533 612//612
f 529//529 534//534 612//612
f 613//613 617//617 618//618
f 613//613 618//618 614//614
f 1279//1279 617//617 613//613
f 614//614 1279//1279 613//613
f 614//614 618//618 619//619
f 614//614 619//619 615//615
f 619//619 1279//1279 614//614
f 615//615 619//619 614//614
f 616//616 622//622 623//623
f 616//616 623//623 617//617
f 1280//1280 622//622 616//616
f 617//617 1280//1280 616//616
f 617//617 623//623 624//624
f 617//617 624//624 618//618
f 1281//1281 1280//1280 617//617
f 1279//1279 1281//1281 617//617
f 618//618 624//624 625//625
f 618//618 625//625 619//619
f 1282//1282 1281//1281 1279//1279
f 619//619 1282//1282 1279//1279
f 619//619 625//625 626//626
f 619//619 626//626 620//620
f 626//626 1282//1282 619//619
f 620//620 626//626 619//619
f 621//621 629//629 630//630
f 621//621 630//630 622//622
f 1283//1283 629//629 621//621
f 622//622 1283//1283 621//621
f 622//622 630//630 631//631
f 622//622 631//631 623//623
f 1284//1284 1283//1283 622//622
f 1280//1280 1284//1284 622//622
f 623//623 631//631 632//632
f 623//623 632//632 624//624
f 1285//1285 1284//1284 1280//1280
f 1281//1281 1285//1285 1280//1280
f 624//624 632//632 633//633
f 624//624 633//633 625//625
f 1286//1286 1285//1285 1281//1281
f 1282//1282 1286//1286 1281//1281
f 625//625 633//633 634//634
f 625//625 634//634 626//626
f 1287//1287 1286//1286 1282//1282
f 626//626 1287//1287 1282//1282
f 626//626 634//634 635//635
f 626//626 635//635 627//627
f 635//635 1287//1287 626//626
f 627//627 635//635 626//626
f 628//628 638//638 639//639
f 628//628 639//639 629//629
f 1288//1288 638//638 628//628
f 629//629 1288//1288 628//628
f 629//629 639//639 640//640
f 629//629 640//640 630//630
f 1289//1289 1288//1288 629//629
f 1283//1283 1289//1289 629//629
f 630//630 640//640 641//641
f 630//630 641//641 631//631
f 1290//1290 1289//1289 1283//1283
f 1284//1284 1290//1290 1283//1283
f 631//631 641//641 642//642
f 631//631 642//642 632//632
f 1291//1291 1290//1290 1284//1284
f 1285//1285 1291//1291 1284//1284
f 632//632 642//642 643//643
f 632//632 643//643 633//633
f 1292//1292 1291//1291 1285//1285
f 1286//1286 1292//1292 1285//1285
f 633//633 643//643 644//644
f 633//633 644//644 634//634
f 1293//1293 1292//1292 1286//1286
f 1287//1287 1293//1293 1286//1286
f 634//634 644//644 645//645
f 634//634 645//645 635//635
f 1294//1294 1293//1293 1287//1287
f 635//635 1294//1294 1287//1287
f 635//635 645//645 646//646
f 635//635 646//646 636//636
f 646//646 1294//1294 635//635
f 636//636 646//646 635//635
f 637//637 649//649 650//650
f 637//637 650//650 638//638
f 1295//1295 649//649 637//637
f 638//638 1295//1295 637//637
f 638//638 650//650 651//651
f 638//638 651//651 639//639
f 1296//1296 1295//1295 638//638
f 1288//1288 1296//1296 638//638
f 639//639 651//651 652//652
f 639//639 652//652 640//640
f 1297//1297 1296//1296 1288//1288
f 1289//1289 1297//1297 1288//1288
f 640//640 652//652 653//653
f 640//640 653//653 641//641
f 1298//1298 1297//1297 1289//1289
f 1290//1290 1298//1298 1289//1289
f 641//641 653//653 654//654
f 641//641 654//654 642//642
f 1299//1299 1298//1298 1290//1290
f 1291//1291 1299//1299 1290//1290
f 642//642 654//654 655//655
f 642//642 655//655 643//643
f 1300//1300 1299//1299 1291//1291
f 1292//1292 1300//1300 1291//1291
f 643//643 655//655 656//656
f 643//643 656//656 644//644
f 1301//1301 1300//1300 1292//1292
f 1293//1293 1301//1301 1292//1292
f 644//644 656//656 657//657
f 644//644 657//657 645//645
f 1302//1302 1301//1301 1293//1293
f 1294//1294 1302//1302 1293//1293
f 645//645 657//657 658//658
f 645//645 658//658 646//646
f 1303//1303 1302//1302 1294//1294
f 646//646 1303//1303 1294//1294
f 646//646 658//658 659//659
f 646//646 659//659 647//647
f 659//659 1303//1303 646//646
f 647//647 659//659 646//646
f 648//648 661//661 662//662
f 648//648 662//662 649//649
f 1304//1304 661//661 648//648
f 649//649 1304//1304 648//648
f 649//649 662//662 663//663
f 649//649 663//663 650//650
f 1305//1305 1304//1304 649//649
f 1295//1295 1305//1305 649//649
f 650//650 663//663 664//664
f 650//650 664//664 651//651
f 1306//1306 1305//1305 1295//1295
f 1296//1296 1306//1306 1295//1295
f 651//651 664//664 665//665
f 651//651 665//665 652//652
f 1307//1307 1306//1306 1296//1296
f 1297//1297 1307//1307 1296//1296
f 652//652 665//665 666//666
f 652//652 666//666 653//653
f 1308//1308 1307//1307 1297//1297
f 1298//1298 1308//1308 1297//1297
f 653//653 666//666 667//667
f 653//653 667//667 654//654
f 1309//1309 1308//1308 1298//1298
f 1299//1299 1309//1309 1298//1298
f 654//654 667//667 668//668
f 654//654 668//668 655//655
f 1310//1310 1309//1309 1299//1299
f 1300//1300 1310//1310 1299//1299
f 655//655 668//668 669//669
f 655//655 669//669 656//656
f 1311//1311 1310//1310 1300//1300
f 1301//1301 1311//1311 1300//1300
f 656//656 669//669 670//670
f 656//656 670//670 657//657
f 1312//1312 1311//1311 1301//1301
f 1302//1302 1312//1312 1301//1301
f 657//657 670//670 671//671
f 657//657 671//671 658//658
f 1313//1313 1312//1312 1302//1302
f 1303//1303 1313//1313 1302//1302
f 658//658 671//671 672//672
f 658//658 672//672 659//659
f 1314//1314 1313//1313 1303//1303
f 659//659 1314//1314 1303//1303
f 659//659 672//672 673//673
f 659//659 673//673 660//660
f 673//673 1314//1314 659//659
f 660//660 673//673 659//659
f 661//661 674//674 675//675
f 661//661 675//675 662//662
f 1315//1315 674//674 661//661
f 1304//1304 1315//1315 661//661
f 662//662 675//675 676//676
f 662//662 676//676 663//663
f 1316//1316 1315//1315 1304//1304
f 1305//1305 1316//1316 1304//1304
f 663//663 676//676 677//677
f 663//663 677//677 664//664
f 1317//1317 1316//1316 1305//1305
f 1306//1306 1317//1317 1305//1305
f 664//664 677//677 678//678
f 664//664 678//678 665//665
f 1318//1318 1317//1317 1306//1306
f 1307//1307 1318//1318 1306//1306
f 665//665 678//678 679//679
f 665//665 679//679 666//666
f 1319//1319 1318//1318 1307//1307
f 1308//1308 1319//1319 1307//1307
f 666//666 679//679 680//680
f 666//666 680//680 667//667
f 1320//1320 1319//1319 1308//1308
f 1309//1309 1320//1320 1308//1308
f 667//667 680//680 681//681
f 667//667 681//681 668//668
f 1321//1321 1320//1320 1309//1309
f 1310//1310 1321//1321 1309//1309
f 668//668 681//681 682//682
f 668//668 682//682 669//669
f 1322//1322 1321//1321 1310//1310
f 1311//1311 1322//1322 1310//1310
f 669//669 682//682 683//683
f 669//669 683//683 670//670
f 1323//1323 1322//1322 1311//1311
f 1312//1312 1323//1323 1311//1311
f 670//670 683//683 684//684
f 670//670 684//684 671//671
f 1324//1324 1323//1323 1312//1312
f 1313//1313 1324//1324 1312//1312
f 671//671 684//684 685//685
f 671//671 685//685 672//672
f 1325//1325 1324//1324 1313//1313
f 1314//1314 1325//1325 1313//1313
f 672//672 685//685 686//686
f 672//672 686//686 673//673
f 686//686 1325//1325 1314//1314
f 673//673 686//686 1314//1314
f 674//674 687//687 688//688
f 674//674 688//688 675//675
f 688//688 687//687 674//674
f 1315//1315 688//688 674//674
f 675//675 688//688 689//689
f 675//675 689//689 676//676
f 1326//1326 688//688 1315//1315
f 1316//1316 1326//1326 1315//1315
f 676//676 689//689 690//690
f 676//676 690//690 677//677
f 1327//1327 1326//1326 1316//1316
f 1317//1317 1327//1327 1316//1316
f 677//677 690//690 691//691
f 677//677 691//691 678//678
f 1328//1328 1327//1327 1317//1317
f 1318//1318 1328//1328 1317//1317
f 678//678 691//691 692//692
f 678//678 692//692 679//679
f 1329//1329 1328//1328 1318//1318
f 1319//1319 1329//1329 1318//1318
f 679//679 692//692 693//693
f 679//679 693//693 680//680
f 1330//1330 1329//1329 1319//1319
f 1320//1320 1330//1330 1319//1319
f 680//680 693//693 694//694
f 680//680 694//694 681//681
f 1331//1331 1330//1330 1320//1320
f 1321//1321 1331//1331 1320//1320
f 681//681 694//694 695//695
f 681//681 695//695 682//682
f 1332//1332 1331//1331 1321//1321
f 1322//1322 1332//1332 1321//1321
f 682//682 695//695 696//696
f 682//682 696//696 683//683
f 1333//1333 1332//1332 1322//1322
f 1323//1323 1333//1333 1322//1322
f 683//683 696//696 697//697
f 683//683 697//697 684//684
f 1334//1334 1333//1333 1323//1323
f 1324//1324 1334//1334 1323//1323
f 684//684 697//697 698//698
f 684//684 698//698 685//685
f 698//698 1334//1334 1324//1324
f 1325//1325 698//698 1324//1324
f 685//685 698//698 699//699
f 685//685 699//699 686//686
f 699//699 698//698 1325//1325
f 686//686 699//699 1325//1325
f 688//688 700//700 701//701
f 688//688 701//701 689//689
f 1335//1335 700//700 688//688
f 1326//1326 1335//1335 688//688
f 689//689 701//701 702//702
f 689//689 702//702 690//690
f 1336//1336 1335//1335 1326//1326
f 1327//1327 1336//1336 1326//1326
f 690//690 702//702 703//703
f 690//690 703//703 691//691
f 1337//1337 1336//1336 1327//1327
f 1328//1328 1337//1337 1327//1327
f 691//691 703//703 704//704
f 691//691 704//704 692//692
f 1338//1338 1337//1337 1328//1328
f 1329//1329 1338//1338 1328//1328
f 692//692 704//704 705//705
f 692//692 705//705 693//693
f 1339//1339 1338//1338 1329//1329
f 1330//1330 1339//1339 1329//1329
f 693//693 705//705 706//706
f 693//693 706//706 694//694
f 1340//1340 1339//1339 1330//1330
f 1331//1331 1340//1340 1330//1330
f 694//694 706//706 707//707
f 694//694 707//707 695//695
f 1341//1341 1340//1340 1331//1331
f 1332//1332 1341//1341 1331//1331
f 695//695 707//707 708//708
f 695//695 708//708 696//696
f 1342//1342 1341//1341 1332//1332
f 1333//1333 1342//1342 1332//1332
f 696//696 708//708 709//709
f 696//696 709//709 697//697
f 1343//1343 1342//1342 1333//1333
f 1334//1334 1343//1343 1333//1333
f 697//697 709//709 710//710
f 697//697 710//710 698//698
f 710//710 1343//1343 1334//1334
f 698//698 710//710 1334//1334
f 700//700 711//711 712//712
f 700//700 712//712 701//701
f 712//712 711//711 700//700
f 1335//1335 712//712 700//700
f 701//701 712//712 713//713
f 701//701 713//713 702//702
f 1344//1344 712//712 1335//1335
f 1336//1336 1344//1344 1335//1335
f 702//702 713//713 714//714
f 702//702 714//714 703//703
f 1345//1345 1344//1344 1336//1336
f 1337//1337 1345//1345 1336//1336
f 703//703 714//714 715//715
f 703//703 715//715 704//704
f 1346//1346 1345//1345 1337//1337
f 1338//1338 1346//1346 1337//1337
f 704//704 715//715 716//716
f 704//704 716//716 705//705
f 1347//1347 1346//1346 1338//1338
f 1339//1339 1347//1347 1338//1338
f 705//705 716//716 717//717
f 705//705 717//717 706//706
f 1348//1348 1347//1347 1339//1339
f 1340//1340 1348//1348 1339//1339
f 706//706 717//717 718//718
f 706//706 718//718 707//707
f 1349//1349 1348//1348 1340//1340
f 1341//1341 1349//1349 1340//1340
f 707//707 718//718 719//719
f 707//707 719//719 708//708
f 1350//1350 1349//1349 1341//1341
f 1342//1342 1350//1350 1341//1341
f 708//708 719//719 720//720
f 708//708 720//720 709//709
f 720//720 1350//1350 1342//1342
f 1343//1343 720//720 1342//1342
f 709//709 720//720 721//721
f 709//709 721//721 710//710
f 721//721 720//720 1343//1343
f 710//710 721//721 1343//1343
f 712//712 722//722 723//723
f 712//712 723//723 713//713
f 723//723 722//722 712//712
f 1344//1344 723//723 712//712
f 713//713 723//723 724//724
f 713//713 724//724 714//714
f 1351//1351 723//723 1344//1344
f 1345//1345 1351//1351 1344//1344
f 714//714 724//724 725//725
f 714//714 725//725 715//715
f 1352//1352 1351//1351 1345//1345
f 1346//1346 1352//1352 1345//1345
f 715//715 725//725 726//726
f 715//715 726//726 716//716
f 1353//1353 1352//1352 1346//1346
f 1347//1347 1353//1353 1346//1346
f 716//716 726//726 727//727
f 716//716 727//727 717//717
f 1354//1354 1353//1353 1347//1347
f 1348//1348 1354//1354 1347//1347
f 717//717 727//727 728//728
f 717//717 728//728 718//718
f 1355//1355 1354//1354 1348//1348
f 1349//1349 1355//1355 1348//1348
f 718//718 728//728 729//729
f 718//718 729//729 719//719
f 729//729 1355//1355 1349//1349
f 1350//1350 729//729 1349//1349
f 719//719 729//729 730//730
f 719//719 730//730 720//720
f 730//730 729//729 1350//1350
f 720//720 730//730 1350//1350
f 723//723 731//731 732//732
f 723//723 732//732 724//724
f 1356//1356 731//731 723//723
f 1351//1351 1356//1356 723//723
f 724//724 732//732 733//733
f 724//724 733//733 725//725
f 1357//1357 1356//1356 1351//1351
f 1352//1352 1357//1357 1351//1351
f 725//725 733//733 734//734
f 725//725 734//734 726//726
f 1358//1358 1357//1357 1352//1352
f 1353//1353 1358//1358 1352//1352
f 726//726 734//734 735//735
f 726//726 735//735 727//727
f 1359//1359 1358//1358 1353//1353
f 1354//1354 1359//1359 1353//1353
f 727//727 735//735 736//736
f 727//727 736//736 728//728
f 1360//1360 1359//1359 1354//1354
f 1355//1355 1360//1360 1354//1354
f 728//728 736//736 737//737
f 728//728 737//737 729//729
f 737//737 1360//1360 1355//1355
f 729//729 737//737 1355//1355
f 731//731 738//738 739//739
f 731//731 739//739 732//732
f 1361//1361 738//738 731//731
f 1356//1356 1361//1361 731//731
f 732//732 739//739 740//740
f 732//732 740//740 733//733
f 1362//1362 1361//1361 1356//1356
f 1357//1357 1362//1362 1356//1356
f 733//733 740//740 741//741
f 733//733 741//741 734//734
f 1363//1363 1362//1362 1357//1357
f 1358//1358 1363//1363 1357//1357
f 734//734 741//741 742//742
f 734//734 742//742 735//735
f 1364//1364 1363//1363 1358//1358
f 1359//1359 1364//1364 1358//1358
f 735//735 742//742 743//743
f 735//735 743//743 736//736
f 743//743 1364//1364 1359//1359
f 1360//1360 743//743 1359//1359
f 736//736 743//743 744//744
f 736//736 744//744 737//737
f 744//744 743//743 1360//1360
f 737//737 744//744 1360//1360
f 738//738 746//746 747//747
f 738//738 747//747 739//739
f 1365//1365 746//746 738//738
f 1361//1361 1365//1365 738//738
f 739//739 747//747 748//748
f 739//739 748//748 740//740
f 1366//1366 1365//1365 1361//1361
f 1362//1362 1366//1366 1361//1361
f 740//740 748//748 749//749
f 740//740 749//749 741//741
f 1367//1367 1366//1366 1362//1362
f 1363//1363 1367//1367 1362//1362
f 741//741 749//749 750//750
f 741//741 750//750 742//742
f 1368//1368 1367//1367 1363//1363
f 1364//1364 1368//1368 1363//1363
f 742//742 750//750 751//751
f 742//742 751//751 743//743
f 1369//1369 1368//1368 1364//1364
f 743//743 1369//1369 1364//1364
f 743//743 751//751 752//752
f 743//743 752//752 744//744
f 752//752 1369//1369 743//743
f 744//744 752//752 743//743
f 745//745 754//754 755//755
f 745//745 755//755 746//746
f 1370//1370 754//754 745//745
f 746//746 1370//1370 745//745
f 746//746 755//755 756//756
f 746//746 756//756 747//747
f 1371//1371 1370//1370 746//746
f 1365//1365 1371//1371 746//746
f 747//747 756//756 757//757
f 747//747 757//757 748//748
f 1372//1372 1371//1371 1365//1365
f 1366//1366 1372//1372 1365//1365
f 748//748 757//757 758//758
f 748//748 758//758 749//749
f 1373//1373 1372//1372 1366//1366
f 1367//1367 1373//1373 1366//1366
f 749//749 758//758 759//759
f 749//749 759//759 750//750
f 1374//1374 1373//1373 1367//1367
f 1368//1368 1374//1374 1367//1367
f 750//750 759//759 760//760
f 750//750 760//760 751//751
f 1375//1375 1374//1374 1368//1368
f 1369//1369 1375//1375 1368//1368
f 751//751 760//760 761//761
f 751//751 761//761 752//752
f 761//761 1375//1375 1369//1369
f 752//752 761//761 1369//1369
f 753//753 763//763 764//764
f 753//753 764//764 754//754
f 1376//1376 763//763 753//753
f 754//754 1376//1376 753//753
f 754//754 764//764 765//765
f 754//754 765//765 755//755
f 1377//1377 1376//1376 754//754
f 1370//1370 1377//1377 754//754
f 755//755 765//765 766//766
f 755//755 766//766 756//756
f 1378//1378 1377//1377 1370//1370
f 1371//1371 1378//1378 1370//1370
f 756//756 766//766 767//767
f 756//756 767//767 757//757
f 1379//1379 1378//1378 1371//1371
f 1372//1372 1379//1379 1371//1371
f 757//757 767//767 768//768
f 757//757 768//768 758//758
f 1380//1380 1379//1379 1372//1372
f 1373//1373 1380//1380 1372//1372
f 758//758 768//768 769//769
f 758//758 769//769 759//759
f 1381//1381 1380//1380 1373//1373
f 1374//1374 1381//1381 1373//1373
f 759//759 769//769 770//770
f 759//759 770//770 760//760
f 1382//1382 1381//1381 1374//1374
f 1375//1375 1382//1382 1374//1374
f 760//760 770//770 771//771
f 760//760 771//771 761//761
f 1383//1383 1382//1382 1375//1375
f 761//761 1383//1383 1375//1375
f 761//761 771//771 772//772
f 761//761 772//772 762//762
f 772//772 1383//1383 761//761
f 762//762 772//772 761//761
f 763//763 775//775 776//776
f 763//763 776//776 764//764
f 1384//1384 775//775 763//763
f 1376//1376 1384//1384 763//763
f 764//764 776//776 777//777
f 764//764 777//777 765//765
f 1385//1385 1384//1384 1376//1376
f 1377//1377 1385//1385 1376//1376
f 765//765 777//777 778//778
f 765//765 778//778 766//766
f 1386//1386 1385//1385 1377//1377
f 1378//1378 1386//1386 1377//1377
f 766//766 778//778 779//779
f 766//766 779//779 767//767
f 1387//1387 1386//1386 1378//1378
f 1379//1379 1387//1387 1378//1378
f 767//767 779//779 780//780
f 767//767 780//780 768//768
f 1388//1388 1387//1387 1379//1379
f 1380//1380 1388//1388 1379//1379
f 768//768 780//780 781//781
f 768//768 781//781 769//769
f 1389//1389 1388//1388 1380//1380
f 1381//1381 1389//1389 1380//1380
f 769//769 781//781 782//782
f 769//769 782//782 770//770
f 1390//1390 1389//1389 1381//1381
f 1382//1382 1390//1390 1381//1381
f 770//770 782//782 783//783
f 770//770 783//783 771//771
f 1391//1391 1390//1390 1382//1382
f 1383//1383 1391//1391 1382//1382
f 771//771 783//783 784//784
f 771//771 784//784 772//772
f 1392//1392 1391//1391 1383//1383
f 772//772 1392//1392 1383//1383
f 772//772 784//784 785//785
f 772//772 785//785 773//773
f 785//785 1392//1392 772//772
f 773//773 785//785 772//772
f 774//774 787//787 788//788
f 774//774 788//788 775//775
f 1393//1393 787//787 774//774
f 775//775 1393//1393 774//774
f 775//775 788//788 789//789
f 775//775 789//789 776//776
f 1394//1394 1393//1393 775//775
f 1384//1384 1394//1394 775//775
f 776//776 789//789 790//790
f 776//776 790//790 777//777
f 1395//1395 1394//1394 1384//1384
f 1385//1385 1395//1395 1384//1384
f 777//777 790//790 791//791
f 777//777 791//791 778//778
f 1396//1396 1395//1395 1385//1385
f 1386//1386 1396//1396 1385//1385
f 778//778 791//791 792//792
f 778//778 792//792 779//779
f 1397//1397 1396//1396 1386//1386
f 1387//1387 1397//1397 1386//1386
f 779//779 792//792 793//793
f 779//779 793//793 780//780
f 1398//1398 1397//1397 1387//1387
f 1388//1388 1398//1398 1387//1387
f 780//780 793//793 794//794
f 780//780 794//794 781//781
f 1399//1399 1398//1398 1388//1388
f 1389//1389 1399//1399 1388//1388
f 781//781 794//794 795//795
f 781//781 795//795 782//782
f 1400//1400 1399//1399 1389//1389
f 1390//1390 1400//1400 1389//1389
f 782//782 795//795 796//796
f 782//782 796//796 783//783
f 1401//1401 1400//1400 1390//1390
f 1391//1391 1401//1401 1390//1390
f 783//783 796//796 797//797
f 783//783 797//797 784//784
f 1402//1402 1401//1401 1391//1391
f 1392//1392 1402//1402 1391//1391
f 784//784 797//797 798//798
f 784//784 798//798 785//785
f 1403//1403 1402//1402 1392//1392
f 785//785 1403//1403 1392//1392
f 785//785 798//798 799//799
f 785//785 799//799 786//786
f 799//799 1403//1403 785//785
f 786//786 799//799 785//785
f 787//787 800//800 801//801
f 787//787 801//801 788//788
f 1404//1404 800//800 787//787
f 1393//1393 1404//1404 787//787
f 788//788 801//801 802//802
f 788//788 802//802 789//789
f 1405//1405 1404//1404 1393//1393
f 1394//1394 1405//1405 1393//1393
f 789//789 802//802 803//803
f 789//789 803//803 790//790
f 1406//1406 1405//1405 1394//1394
f 1395//1395 1406//1406 1394//1394
f 790//790 803//803 804//804
f 790//790 804//804 791//791
f 1407//1407 1406//1406 1395//1395
f 1396//1396 1407//1407 1395//1395
f 791//791 804//804 805//805
f 791//791 805//805 792//792
f 1408//1408 1407//1407 1396//1396
f 1397//1397 1408//1408 1396//1396
f 792//792 805//805 806//806
f 792//792 806//806 793//793
f 1409//1409 1408//1408 1397//1397
f 1398//1398 1409//1409 1397//1397
f 793//793 806//806 807//807
f 793//793 807//807 794//794
f 1410//1410 1409//1409 1398//1398
f 1399//1399 1410//1410 1398//1398
f 794//794 807//807 808//808
f 794//794 808//808 795//795
f 1411//1411 1410//1410 1399//1399
f 1400//1400 1411//1411 1399//1399
f 795//795 808//808 809//809
f 795//795 809//809 796//796
f 1412//1412 1411//1411 1400//1400
f 1401//1401 1412//1412 1400//1400
f 796//796 809//809 810//810
f 796//796 810//810 797//797
f 1413//1413 1412//1412 1401//1401
f 1402//1402 1413//1413 1401//1401
f 797//797 810//810 811//811
f 797//797 811//811 798//798
f 1414//1414 1413//1413 1402//1402
f 1403//1403 1414//1414 1402//1402
f 798//798 811//811 812//812
f 798//798 812//812 799//799
f 812//812 1414//1414 1403//1403
f 799//799 812//812 1403//1403
f 800//800 813//813 814//814
f 800//800 814//814 801//801
f 1415//1415 813//813 800//800
f 1404//1404 1415//1415 800//800
f 801//801 814//814 815//815
f 801//801 815//815 802//802
f 1416//1416 1415//1415 1404//1404
f 1405//1405 1416//1416 1404//1404
f 802//802 815//815 816//816
f 802//802 816//816 803//803
f 1417//1417 1416//1416 1405//1405
f 1406//1406 1417//1417 1405//1405
f 803//803 816//816 817//817
f 803//803 817//817 804//804
f 1418//1418 1417//1417 1406//1406
f 1407//1407 1418//1418 1406//1406
f 804//804 817//817 818//818
f 804//804 818//818 805//805
f 1419//1419 1418//1418 1407//1407
f 1408//1408 1419//1419 1407//1407
f 805//805 818//818 819//819
f 805//805 819//819 806//806
f 1420//1420 1419//1419 1408//1408
f 1409//1409 1420//1420 1408//1408
f 806//806 819//819 820//820
f 806//806 820//820 807//807
f 1421//1421 1420//1420 1409//1409
f 1410//1410 1421//1421 1409//1409
f 807//807 820//820 821//821
f 807//807 821//821 808//808
f 1422//1422 1421//1421 1410//1410
f 1411//1411 1422//1422 1410//1410
f 808//808 821//821 822//822
f 808//808 822//822 809//809
f 1423//1423 1422//1422 1411//1411
f 1412//1412 1423//1423 1411//1411
f 809//809 822//822 823//823
f 809//809 823//823 810//810
f 1424//1424 1423//1423 1412//1412
f 1413//1413 1424//1424 1412//1412
f 810//810 823//823 824//824
f 810//810 824//824 811//811
f 1425//1425 1424//1424 1413//1413
f 1414//1414 1425//1425 1413//1413
f 811//811 824//824 825//825
f 811//811 825//825 812//812
f 825//825 1425//1425 1414//1414
f 812//812 825//825 1414//1414
f 813//813 826//826 827//827
f 813//813 827//827 814//814
f 827//827 826//826 813//813
f 1415//1415 827//827 813//813
f 814//814 827//827 828//828
f 814//814 828//828 815//815
f 1426//1426 827//827 1415//1415
f 1416//1416 1426//1426 1415//1415
f 815//815 828//828 829//829
f 815//815 829//829 816//816
f 1427//1427 1426//1426 1416//1416
f 1417//1417 1427//1427 1416//1416
f 816//816 829//829 830//830
f 816//816 830//830 817//817
f 1428//1428 1427//1427 1417//1417
f 1418//1418 1428//1428 1417//1417
f 817//817 830//830 831//831
f 817//817 831//831 818//818
f 1429//1429 1428//1428 1418//1418
f 1419//1419 1429//1429 1418//1418
f 818//818 831//831 832//832
f 818//818 832//832 819//819
f 1430//1430 1429//1429 1419//1419
f 1420//1420 1430//1430 1419//1419
f 819//819 832//832 833//833
f 819//819 833//833 820//820
f 1431//1431 1430//1430 1420//1420
f 1421//1421 1431//1431 1420//1420
f 820//820 833//833 834//834
f 820//820 834//834 821//821
f 1432//1432 1431//1431 1421//1421
f 1422//1422 1432//1432 1421//1421
f 821//821 834//834 835//835
f 821//821 835//835 822//822
f 1433//1433 1432//1432 1422//1422
f 1423//1423 1433//1433 1422//1422
f 822//822 835//835 836//836
f 822//822 836//836 823//823
f 1434//1434 1433//1433 1423//1423
f 1424//1424 1434//1434 1423//1423
f 823//823 836//836 837//837
f 823//823 837//837 824//824
f 837//837 1434//1434 1424//1424
f 1425//1425 837//837 1424//1424
f 824//824 837//837 838//838
f 824//824 838//838 825//825
f 838//838 837//837 1425//1425
f 825//825 838//838 1425//1425
f 827//827 839//839 840//840
f 827//827 840//840 828//828
f 840//840 839//839 827//827
f 1426//1426 840//840 827//827
f 828//828 840//840 841//841
f 828//828 841//841 829//829
f 1435//1435 840//840 1426//1426
f 1427//1427 1435//1435 1426//1426
f 829//829 841//841 842//842
f 829//829 842//842 830//830
f 1436//1436 1435//1435 1427//1427
f 1428//1428 1436//1436 1427//1427
f 830//830 842//842 843//843
f 830//830 843//843 831//831
f 1437//1437 1436//1436 1428//1428
f 1429//1429 1437//1437 1428//1428
f 831//831 843//843 844//844
f 831//831 844//844 832//832
f 1438//1438 1437//1437 1429//1429
f 1430//1430 1438//1438 1429//1429
f 832//832 844//844 845//845
f 832//832 845//845 833//833
f 1439//1439 1438//1438 1430//1430
f 1431//1431 1439//1439 1430//1430
f 833//833 845//845 846//846
f 833//833 846//846 834//834
f 1440//1440 1439//1439 1431//1431
f 1432//1432 1440//1440 1431//1431
f 834//834 846//846 847//847
f 834//834 847//847 835//835
f 1441//1441 1440//1440 1432//1432
f 1433//1433 1441//1441 1432//1432
f 835//835 847//847 848//848
f 835//835 848//848 836//836
f 848//848 1441//1441 1433//1433
f 1434//1434 848//848 1433//1433
f 836//836 848//848 849//849
f 836//836 849//849 837//837
f 849//849 848//848 1434//1434
f 837//837 849//849 1434//1434
f 840//840 850//850 851//851
f 840//840 851//851 841//841
f 1442//1442 850//850 840//840
f 1435//1435 1442//1442 840//840
f 841//841 851//851 852//852
f 841//841 852//852 842//842
f 1443//1443 1442//1442 1435//1435
f 1436//1436 1443//1443 1435//1435
f 842//842 852//852 853//853
f 842//842 853//853 843//843
f 1444//1444 1443//1443 1436//1436
f 1437//1437 1444//1444 1436//1436
f 843//843 853//853 854//854
f 843//843 854//854 844//844
f 1445//1445 1444//1444 1437//1437
f 1438//1438 1445//1445 1437//1437
f 844//844 854//854 855//855
f 844//844 855//855 845//845
f 1446//1446 1445//1445 1438//1438
f 1439//1439 1446//1446 1438//1438
f 845//845 855//855 856//856
f 845//845 856//856 846//846
f 1447//1447 1446//1446 1439//1439
f 1440//1440 1447//1447 1439//1439
f 846//846 856//856 857//857
f 846//846 857//857 847//847
f 857//857 1447//1447 1440//1440
f 1441//1441 857//857 1440//1440
f 847//847 857//857 858//858
f 847//847 858//858 848//848
f 858//858 857//857 1441//1441
f 848//848 858//858 1441//1441
f 850//850 859//859 860//860
f 850//850 860//860 851//851
f 860//860 859//859 850//850
f 1442//1442 860//860 850//850
f 851//851 860//860 861//861
f 851//851 861//861 852//852
f 1448//1448 860//860 1442//1442
f 1443//1443 1448//1448 1442//1442
f 852//852 861//861 862//862
f 852//852 862//862 853//853
f 1449//1449 1448//1448 1443//1443
f 1444//1444 1449//1449 1443//1443
f 853//853 862//862 863//863
f 853//853 863//863 854//854
f 1450//1450 1449//1449 1444//1444
f 1445//1445 1450//1450 1444//1444
f 854//854 863//863 864//864
f 854//854 864//864 855//855
f 1451//1451 1450//1450 1445//1445
f 1446//1446 1451//1451 1445//1445
f 855//855 864//864 865//865
f 855//855 865//865 856//856
f 1452//1452 1451//1451 1446//1446
f 1447//1447 1452//1452 1446//1446
f 856//856 865//865 866//866
f 856//856 866//866 857//857
f 866//866 1452//1452 1447//1447
f 857//857 866//866 1447//1447
f 860//860 867//867 868//868
f 860//860 868//868 861//861
f 1453//1453 867//867 860//860
f 1448//1448 1453//1453 860//860
f 861//861 868//868 869//869
f 861//861 869//869 862//862
f 1454//1454 1453//1453 1448//1448
f 1449//1449 1454//1454 1448//1448
f 862//862 869//869 870//870
f 862//862 870//870 863//863
f 1455//1455 1454//1454 1449//1449
f 1450//1450 1455//1455 1449//1449
f 863//863 870//870 871//871
f 863//863 871//871 864//864
f 1456//1456 1455//1455 1450//1450
f 1451//1451 1456//1456 1450//1450
f 864//864 871//871 872//872
f 864//864 872//872 865//865
f 872//872 1456//1456 1451//1451
f 1452//1452 872//872 1451//1451
f 865//865 872//872 873//873
f 865//865 873//873 866//866
f 873//873 872//872 1452//1452
f 866//866 873//873 1452//1452
f 867//867 874//874 875//875
f 867//867 875//875 868//868
f 1457//1457 874//874 867//867
f 1453//1453 1457//1457 867//867
f 868//868 875//875 876//876
f 868//868 876//876 869//869
f 1458//1458 1457//1457 1453//1453
f 1454//1454 1458//1458 1453//1453
f 869//869 876//876 877//877
f 869//869 877//877 870//870
f 1459//1459 1458//1458 1454//1454
f 1455//1455 1459//1459 1454//1454
f 870//870 877//877 878//878
f 870//870 878//878 871//871
f 1460//1460 1459//1459 1455//1455
f 1456//1456 1460//1460 1455//1455
f 871//871 878//878 879//879
f 871//871 879//879 872//872
f 1461//1461 1460//1460 1456//1456
f 872//872 1461//1461 1456//1456
f 872//872 879//879 880//880
f 872//872 880//880 873//873
f 880//880 1461//1461 872//872
f 873//873 880//880 872//872
f 874//874 882//882 883//883
f 874//874 883//883 875//875
f 1462//1462 882//882 874//874
f 1457//1457 1462//1462 874//874
f 875//875 883//883 884//884
f 875//875 884//884 876//876
f 1463//1463 1462//1462 1457//1457
f 1458//1458 1463//1463 1457//1457
f 876//876 884//884 885//885
f 876//876 885//885 877//877
f 1464//1464 1463//1463 1458//1458
f 1459//1459 1464//1464 1458//1458
f 877//877 885//885 886//886
f 877//877 886//886 878//878
f 1465//1465 1464//1464 1459//1459
f 1460//1460 1465//1465 1459//1459
f 878//878 886//886 887//887
f 878//878 887//887 879//879
f 1466//1466 1465//1465 1460//1460
f 1461//1461 1466//1466 1460//1460
f 879//879 887//887 888//888
f 879//879 888//888 880//880
f 888//888 1466//1466 1461//1461
f 880//880 888//888 1461//1461
f 881//881 890//890 891//891
f 881//881 891//891 882//882
f 1467//1467 890//890 881//881
f 882//882 1467//1467 881//881
f 882//882 891//891 892//892
f 882//882 892//892 883//883
f 1468//1468 1467//1467 882//882
f 1462//1462 1468//1468 882//882
f 883//883 892//892 893//893
f 883//883 893//893 884//884
f 1469//1469 1468//1468 1462//1462
f 1463//1463 1469//1469 1462//1462
f 884//884 893//893 894//894
f 884//884 894//894 885//885
f 1470//1470 1469//1469 1463//1463
f 1464//1464 1470//1470 1463//1463
f 885//885 894//894 895//895
f 885//885 895//895 886//886
f 1471//1471 1470//1470 1464//1464
f 1465//1465 1471//1471 1464//1464
f 886//886 895//895 896//896
f 886//886 896//896 887//887
f 1472//1472 1471//1471 1465//1465
f 1466//1466 1472//1472 1465//1465
f 887//887 896//896 897//897
f 887//887 897//897 888//888
f 897//897 1472//1472 1466//1466
f 888//888 897//897 1466//1466
f 889//889 899//899 900//900
f 889//889 900//900 890//890
f 1473//1473 899//899 889//889
f 890//890 1473//1473 889//889
f 890//890 900//900 901//901
f 890//890 901//901 891//891
f 1474//1474 1473//1473 890//890
f 1467//1467 1474//1474 890//890
f 891//891 901//901 902//902
f 891//891 902//902 892//892
f 1475//1475 1474//1474 1467//1467
f 1468//1468 1475//1475 1467//1467
f 892//892 902//902 903//903
f 892//892 903//903 893//893
f 1476//1476 1475//1475 1468//1468
f 1469//1469 1476//1476 1468//1468
f 893//893 903//903 904//904
f 893//893 904//904 894//894
f 1477//1477 1476//1476 1469//1469
f 1470//1470 1477//1477 1469//1469
f 894//894 904//904 905//905
f 894//894 905//905 895//895
f 1478//1478 1477//1477 1470//1470
f 1471//1471 1478//1478 1470//1470
f 895//895 905//905 906//906
f 895//895 906//906 896//896
f 1479//1479 1478//1478 1471//1471
f 1472//1472 1479//1479 1471//1471
f 896//896 906//906 907//907
f 896//896 907//907 897//897
f 1480//1480 1479//1479 1472//1472
f 897//897 1480//1480 1472//1472
f 897//897 907//907 908//908
f 897//897 908//908 898//898
f 908//908 1480//1480 897//897
f 898//898 908//908 897//897
f 899//899 911//911 912//912
f 899//899 912//912 900//900
f 1481//1481 911//911 899//899
f 1473//1473 1481//1481 899//899
f 900//900 912//912 913//913
f 900//900 913//913 901//901
f 1482//1482 1481//1481 1473//1473
f 1474//1474 1482//1482 1473//1473
f 901//901 913//913 914//914
f 901//901 914//914 902//902
f 1483//1483 1482//1482 1474//1474
f 1475//1475 1483//1483 1474//1474
f 902//902 914//914 915//915
f 902//902 915//915 903//903
f 1484//1484 1483//1483 1475//1475
f 1476//1476 1484//1484 1475//1475
f 903//903 915//915 916//916
f 903//903 916//916 904//904
f 1485//1485 1484//1484 1476//1476
f 1477//1477 1485//1485 1476//1476
f 904//904 916//916 917//917
f 904//904 917//917 905//905
f 1486//1486 1485//1485 1477//1477
f 1478//1478 1486//1486 1477//1477
f 905//905 917//917 918//918
f 905//905 918//918 906//906
f 1487//1487 1486//1486 1478//1478
f 1479//1479 1487//1487 1478//1478
f 906//906 918//918 919//919
f 906//906 919//919 907//907
f 1488//1488 1487//1487 1479//1479
f 1480//1480 1488//1488 1479//1479
f 907//907 919//919 920//920
f 907//907 920//920 908//908
f 1489//1489 1488//1488 1480//1480
f 908//908 1489//1489 1480//1480
f 908//908 920//920 921//921
f 908//908 921//921 909//909
f 921//921 1489//1489 908//908
f 909//909 921//921 908//908
f 910//910 923//923 924//924
f 910//910 924//924 911//911
f 1490//1490 923//923 910//910
f 911//911 1490//1490 910//910
f 911//911 924//924 925//925
f 911//911 925//925 912//912
f 1491//1491 1490//1490 911//911
f 1481//1481 1491//1491 911//911
f 912//912 925//925 926//926
f 912//912 926//926 913//913
f 1492//1492 1491//1491 1481//1481
f 1482//1482 1492//1492 1481//1481
f 913//913 926//926 927//927
f 913//913 927//927 914//914
f 1493//1493 1492//1492 1482//1482
f 1483//1483 1493//1493 1482//1482
f 914//914 927//927 928//928
f 914//914 928//928 915//915
f 1494//1494 1493//1493 1483//1483
f 1484//1484 1494//1494 1483//1483
f 915//915 928//928 929//929
f 915//915 929//929 916//916
f 1495//1495 1494//1494 1484//1484
f 1485//1485 1495//1495 1484//1484
f 916//916 929//929 930//930
f 916//916 930//930 917//917
f 1496//1496 1495//1495 1485//1485
f 1486//1486 1496//1496 1485//1485
f 917//917 930//930 931//931
f 917//917 931//931 918//918
f 1497//1497 1496//1496 1486//1486
f 1487//1487 1497//1497 1486//1486
f 918//918 931//931 932//932
f 918//918 932//932 919//919
f 1498//1498 1497//1497 1487//1487
f 1488//1488 1498//1498 1487//1487
f 919//919 932//932 933//933
f 919//919 933//933 920//920
f 1499//1499 1498//1498 1488//1488
f 1489//1489 1499//1499 1488//1488
f 920//920 933//933 934//934
f 920//920 934//934 921//921
f 1500//1500 1499//1499 1489//1489
f 921//921 1500//1500 1489//1489
f 921//921 934//934 935//935
f 921//921 935//935 922//922
f 935//935 1500//1500 921//921
f 922//922 935//935 921//921
f 923//923 936//936 937//937
f 923//923 937//937 924//924
f 1501//1501 936//936 923//923
f 1490//1490 1501//1501 923//923
f 924//924 937//937 938//938
f 924//924 938//938 925//925
f 1502//1502 1501//1501 1490//1490
f 1491//1491 1502//1502 1490//1490
f 925//925 938//938 939//939
f 925//925 939//939 926//926
f 1503//1503 1502//1502 1491//1491
f 1492//1492 1503//1503 1491//1491
f 926//926 939//939 940//940
f 926//926 940//940 927//927
f 1504//1504 1503//1503 1492//1492
f 1493//1493 1504//1504 1492//1492
f 927//927 940//940 941//941
f 927//927 941//941 928//928
f 1505//1505 1504//1504 1493//1493
f 1494//1494 1505//1505 1493//1493
f 928//928 941//941 942//942
f 928//928 942//942 929//929
f 1506//1506 1505//1505 1494//1494
f 1495//1495 1506//1506 1494//1494
f 929//929 942//942 943//943
f 929//929 943//943 930//930
f 1507//1507 1506//1506 1495//1495
f 1496//1496 1507//1507 1495//1495
f 930//930 943//943 944//944
f 930//930 944//944 931//931
f 1508//1508 1507//1507 1496//1496
f 1497//1497 1508//1508 1496//1496
f 931//931 944//944 945//945
f 931//931 945//945 932//932
f 1509//1509 1508//1508 1497//1497
f 1498//1498 1509//1509 1497//1497
f 932//932 945//945 946//946
f 932//932 946//946 933//933
f 1510//1510 1509//1509 1498//1498
f 1499//1499 1510//1510 1498//1498
f 933//933 946//946 947//947
f 933//933 947//947 934//934
f 1511//1511 1510//1510 1499//1499
f 1500//1500 1511//1511 1499//1499
f 934//934 947//947 948//948
f 934//934 948//948 935//935
f 948//948 1511//1511 1500//1500
f 935//935 948//948 1500//1500
f 936//936 949//949 950//950
f 936//936 950//950 937//937
f 1512//1512 949//949 936//936
f 1501//1501 1512//1512 936//936
f 937//937 950//950 951//951
f 937//937 951//951 938//938
f 1513//1513 1512//1512 1501//1501
f 1502//1502 1513//1513 1501//1501
f 938//938 951//951 952//952
f 938//938 952//952 939//939
f 1514//1514 1513//1513 1502//1502
f 1503//1503 1514//1514 1502//1502
f 939//939 952//952 953//953
f 939//939 953//953 940//940
f 1515//1515 1514//1514 1503//1503
f 1504//1504 1515//1515 1503//1503
f 940//940 953//953 954//954
f 940//940 954//954 941//941
f 1516//1516 1515//1515 1504//1504
f 1505//1505 1516//1516 1504//1504
f 941//941 954//954 955//955
f 941//941 955//955 942//942
f 1517//1517 1516//1516 1505//1505
f 1506//1506 1517//1517 1505//1505
f 942//942 955//955 956//956
f 942//942 956//956 943//943
f 1518//1518 1517//1517 1506//1506
f 1507//1507 1518//1518 1506//1506
f 943//943 956//956 957//957
f 943//943 957//957 944//944
f 1519//1519 1518//1518 1507//1507
f 1508//1508 1519//1519 1507//1507
f 944//944 957//957 958//958
f 944//944 958//958 945//945
f 1520//1520 1519//1519 1508//1508
f 1509//1509 1520//1520 1508//1508
f 945//945 958//958 959//959
f 945//945 959//959 946//946
f 1521//1521 1520//1520 1509//1509
f 1510//1510 1521//1521 1509//1509
f 946//946 959//959 960//960
f 946//946 960//960 947//947
f 1522//1522 1521//1521 1510//1510
f 1511//1511 1522//1522 1510//1510
f 947//947 960//960 961//961
f 947//947 961//961 948//948
f 961//961 1522//1522 1511//1511
f 948//948 961//961 1511//1511
f 949//949 962//962 963//963
f 949//949 963//963 950//950
f 963//963 962//962 949//949
f 1512//1512 963//963 949//949
f 950//950 963//963 964//964
f 950//950 964//964 951//951
f 1523//1523 963//963 1512//1512
f 1513//1513 1523//1523 1512//1512
f 951//951 964//964 965//965
f 951//951 965//965 952//952
f 1524//1524 1523//1523 1513//1513
f 1514//1514 1524//1524 1513//1513
f 952//952 965//965 966//966
f 952//952 966//966 953//953
f 1525//1525 1524//1524 1514//1514
f 1515//1515 1525//1525 1514//1514
f 953//953 966//966 967//967
f 953//953 967//967 954//954
f 1526//1526 1525//1525 1515//1515
f 1516//1516 1526//1526 1515//1515
f 954//954 967//967 968//968
f 954//954 968//968 955//955
f 1527//1527 1526//1526 1516//1516
f 1517//1517 1527//1527 1516//1516
f 955//955 968//968 969//969
f 955//955 969//969 956//956
f 1528//1528 1527//1527 1517//1517
f 1518//1518 1528//1528 1517//1517
f 956//956 969//969 970//970
f 956//956 970//970 957//957
f 1529//1529 1528//1528 1518//1518
f 1519//1519 1529//1529 1518//1518
f 957//957 970//970 971//971
f 957//957 971//971 958//958
f 1530//1530 1529//1529 1519//1519
f 1520//1520 1530//1530 1519//1519
f 958//958 971//971 972//972
f 958//958 972//972 959//959
f 1531//1531 1530//1530 1520//1520
f 1521//1521 1531//1531 1520//1520
f 959//959 972//972 973//973
f 959//959 973//973 960//960
f 973//973 1531//1531 1521//1521
f 1522//1522 973//973 1521//1521
f 960//960 973//973 974//974
f 960//960 974//974 961//961
f 974//974 973//973 1522//1522
f 961//961 974//974 1522//1522
f 963//963 975//975 976//976
f 963//963 976//976 964//964
f 976//976 975//975 963//963
f 1523//1523 976//976 963//963
f 964//964 976//976 977//977
f 964//964 977//977 965//965
f 1532//1532 976//976 1523//1523
f 1524//1524 1532//1532 1523//1523
f 965//965 977//977 978//978
f 965//965 978//978 966//966
f 1533//1533 1532//1532 1524//1524
f 1525//1525 1533//1533 1524//1524
f 966//966 978//978 979//979
f 966//966 979//979 967//967
f 1534//1534 1533//1533 1525//1525
f 1526//1526 1534//1534 1525//1525
f 967//967 979//979 980//980
f 967//967 980//980 968//968
f 1535//1535 1534//1534 1526//1526
f 1527//1527 1535//1535 1526//1526
f 968//968 980//980 981//981
f 968//968 981//981 969//969
f 1536//1536 1535//1535 1527//1527
f 1528//1528 1536//1536 1527//1527
f 969//969 981//981 982//982
f 969//969 982//982 970//970
f 1537//1537 1536//1536 1528//1528
f 1529//1529 1537//1537 1528//1528
f 970//970 982//982 983//983
f 970//970 983//983 971//971
f 1538//1538 1537//1537 1529//1529
f 1530//1530 1538//1538 1529//1529
f 971//971 983//983 984//984
f 971//971 984//984 972//972
f 984//984 1538//1538 1530//1530
f 1531//1531 984//984 1530//1530
f 972//972 984//984 985//985
f 972//972 985//985 973//973
f 985//985 984//984 1531//1531
f 973//973 985//985 1531//1531
f 976//976 986//986 987//987
f 976//976 987//987 977//977
f 1539//1539 986//986 976//976
f 1532//1532 1539//1539 976//976
f 977//977 987//987 988//988
f 977//977 988//988 978//978
f 1540//1540 1539//1539 1532//1532
f 1533//1533 1540//1540 1532//1532
f 978//978 988//988 989//989
f 978//978 989//989 979//979
f 1541//1541 1540//1540 1533//1533
f 1534//1534 1541//1541 1533//1533
f 979//979 989//989 990//990
f 979//979 990//990 980//980
f 1542//1542 1541//1541 1534//1534
f 1535//1535 1542//1542 1534//1534
f 980//980 990//990 991//991
f 980//980 991//991 981//981
f 1543//1543 1542//1542 1535//1535
f 1536//1536 1543//1543 1535//1535
f 981//981 991//991 992//992
f 981//981 992//992 982//982
f 1544//1544 1543//1543 1536//1536
f 1537//1537 1544//1544 1536//1536
f 982//982 992//992 993//993
f 982//982 993//993 983//983
f 993//993 1544//1544 1537//1537
f 1538//1538 993//993 1537//1537
f 983//983 993//993 994//994
f 983//983 994//994 984//984
f 994//994 993//993 1538//1538
f 984//984 994//994 1538//1538
f 986//986 995//995 996//996
f 986//986 996//996 987//987
f 996//996 995//995 986//986
f 1539//1539 996//996 986//986
f 987//987 996//996 997//997
f 987//987 997//997 988//988
f 1545//1545 996//996 1539//1539
f 1540//1540 1545//1545 1539//1539
f 988//988 997//997 998//998
f 988//988 998//998 989//989
f 1546//1546 1545//1545 1540//1540
f 1541//1541 1546//1546 1540//1540
f 989//989 998//998 999//999
f 989//989 999//999 990//990
f 1547//1547 1546//1546 1541//1541
f 1542//1542 1547//1547 1541//1541
f 990//990 999//999 1000//1000
f 990//990 1000//1000 991//991
f 1548//1548 1547//1547 1542//1542
f 1543//1543 1548//1548 1542//1542
f 991//991 1000//1000 1001//1001
f 991//991 1001//1001 992//992
f 1549//1549 1548//1548 1543//1543
f 1544//1544 1549//1549 1543//1543
f 992//992 1001//1001 1002//1002
f 992//992 1002//1002 993//993
f 1002//1002 1549//1549 1544//1544
f 993//993 1002//1002 1544//1544
f 996//996 1003//1003 1004//1004
f 996//996 1004//1004 997//997
f 1550//1550 1003//1003 996//996
f 1545//1545 1550//1550 996//996
f 997//997 1004//1004 1005//1005
f 997//997 1005//1005 998//998
f 1551//1551 1550//1550 1545//1545
f 1546//1546 1551//1551 1545//1545
f 998//998 1005//1005 1006//1006
f 998//998 1006//1006 999//999
f 1552//1552 1551//1551 1546//1546
f 1547//1547 1552//1552 1546//1546
f 999//999 1006//1006 1007//1007
f 999//999 1007//1007 1000//1000
f 1553//1553 1552//1552 1547//1547
f 1548//1548 1553//1553 1547//1547
f 1000//1000 1007//1007 1008//1008
f 1000//1000 1008//1008 1001//1001
f 1554//1554 1553//1553 1548//1548
f 1549//1549 1554//1554 1548//1548
f 1001//1001 1008//1008 1009//1009
f 1001//1001 1009//1009 1002//1002
f 1009//1009 1554//1554 1549//1549
f 1002//1002 1009//1009 1549//1549
f 1003//1003 1011//1011 1012//1012
f 1003//1003 1012//1012 1004//1004
f 1555//1555 1011//1011 1003//1003
f 1550//1550 1555//1555 1003//1003
f 1004//1004 1012//1012 1013//1013
f 1004//1004 1013//1013 1005//1005
f 1556//1556 1555//1555 1550//1550
f 1551//1551 1556//1556 1550//1550
f 1005//1005 1013//1013 1014//1014
f 1005//1005 1014//1014 1006//1006
f 1557//1557 1556//1556 1551//1551
f 1552//1552 1557//1557 1551//1551
f 1006//1006 1014//1014 1015//1015
f 1006//1006 1015//1015 1007//1007
f 1558//1558 1557//1557 1552//1552
f 1553//1553 1558//1558 1552//1552
f 1007//1007 1015//1015 1016//1016
f 1007//1007 1016//1016 1008//1008
f 1559//1559 1558//1558 1553//1553
f 1554//1554 1559//1559 1553//1553
f 1008//1008 1016//1016 1017//1017
f 1008//1008 1017//1017 1009//1009
f 1017//1017 1559//1559 1554//1554
f 1009//1009 1017//1017 1554//1554
f 1010//1010 1018//1018 1019//1019
f 1010//1010 1019//1019 1011//1011
f 1560//1560 1018//1018 1010//1010
f 1011//1011 1560//1560 1010//1010
f 1011//1011 1019//1019 1020//1020
f 1011//1011 1020//1020 1012//1012
f 1561//1561 1560//1560 1011//1011
f 1555//1555 1561//1561 1011//1011
f 1012//1012 1020//1020 1021//1021
f 1012//1012 1021//1021 1013//1013
f 1562//1562 1561//1561 1555//1555
f 1556//1556 1562//1562 1555//1555
f 1013//1013 1021//1021 1022//1022
f 1013//1013 1022//1022 1014//1014
f 1563//1563 1562//1562 1556//1556
f 1557//1557 1563//1563 1556//1556
f 1014//1014 1022//1022 1023//1023
f 1014//1014 1023//1023 1015//1015
f 1564//1564 1563//1563 1557//1557
f 1558//1558 1564//1564 1557//1557
f 1015//1015 1023//1023 1024//1024
f 1015//1015 1024//1024 1016//1016
f 1565//1565 1564//1564 1558//1558
f 1559//1559 1565//1565 1558//1558
f 1016//1016 1024//1024 1025//1025
f 1016//1016 1025//1025 1017//1017
f 1025//1025 1565//1565 1559//1559
f 1017//1017 1025//1025 1559//1559
f 1018//1018 1028//1028 1029//1029
f 1018//1018 1029//1029 1019//1019
f 1566//1566 1028//1028 1018//1018
f 1560//1560 1566//1566 1018//1018
f 1019//1019 1029//1029 1030//1030
f 1019//1019 1030//1030 1020//1020
f 1567//1567 1566//1566 1560//1560
f 1561//1561 1567//1567 1560//1560
f 1020//1020 1030//1030 1031//1031
f 1020//1020 1031//1031 1021//1021
f 1568//1568 1567//1567 1561//1561
f 1562//1562 1568//1568 1561//1561
f 1021//1021 1031//1031 1032//1032
f 1021//1021 1032//1032 1022//1022
f 1569//1569 1568//1568 1562//1562
f 1563//1563 1569//1569 1562//1562
f 1022//1022 1032//1032 1033//1033
f 1022//1022 1033//1033 1023//1023
f 1570//1570 1569//1569 1563//1563
f 1564//1564 1570//1570 1563//1563
f 1023//1023 1033//1033 1034//1034
f 1023//1023 1034//1034 1024//1024
f 1571//1571 1570//1570 1564//1564
f 1565//1565 1571//1571 1564//1564
f 1024//1024 1034//1034 1035//1035
f 1024//1024 1035//1035 1025//1025
f 1572//1572 1571//1571 1565//1565
f 1025//1025 1572//1572 1565//1565
f 1025//1025 1035//1035 1036//1036
f 1025//1025 1036//1036 1026//1026
f 1036//1036 1572//1572 1025//1025
f 1026//1026 1036//1036 1025//1025
f 1027//1027 1037//1037 1038//1038
f 1027//1027 1038//1038 1028//1028
f 1573//1573 1037//1037 1027//1027
f 1028//1028 1573//1573 1027//1027
f 1028//1028 1038//1038 1039//1039
f 1028//1028 1039//1039 1029//1029
f 1574//1574 1573//1573 1028//1028
f 1566//1566 1574//1574 1028//1028
f 1029//1029 1039//1039 1040//1040
f 1029//1029 1040//1040 1030//1030
f 1575//1575 1574//1574 1566//1566
f 1567//1567 1575//1575 1566//1566
f 1030//1030 1040//1040 1041//1041
f 1030//1030 1041//1041 1031//1031
f 1576//1576 1575//1575 1567//1567
f 1568//1568 1576//1576 1567//1567
f 1031//1031 1041//1041 1042//1042
f 1031//1031 1042//1042 1032//1032
f 1577//1577 1576//1576 1568//1568
f 1569//1569 1577//1577 1568//1568
f 1032//1032 1042//1042 1043//1043
f 1032//1032 1043//1043 1033//1033
f 1578//1578 1577//1577 1569//1569
f 1570//1570 1578//1578 1569//1569
f 1033//1033 1043//1043 1044//1044
f 1033//1033 1044//1044 1034//1034
f 1579//1579 1578//1578 1570//1570
f 1571//1571 1579//1579 1570//1570
f 1034//1034 1044//1044 1045//1045
f 1034//1034 1045//1045 1035//1035
f 1580//1580 1579//1579 1571//1571
f 1572//1572 1580//1580 1571//1571
f 1035//1035 1045//1045 1046//1046
f 1035//1035 1046//1046 1036//1036
f 1046//1046 1580//1580 1572//1572
f 1036//1036 1046//1046 1572//1572
f 1037//1037 1049//1049 1050//1050
f 1037//1037 1050//1050 1038//1038
f 1581//1581 1049//1049 1037//1037
f 1573//1573 1581//1581 1037//1037
f 1038//1038 1050//1050 1051//1051
f 1038//1038 1051//1051 1039//1039
f 1582//1582 1581//1581 1573//1573
f 1574//1574 1582//1582 1573//1573
f 1039//1039 1051//1051 1052//1052
f 1039//1039 1052//1052 1040//1040
f 1583//1583 1582//1582 1574//1574
f 1575//1575 1583//1583 1574//1574
f 1040//1040 1052//1052 1053//1053
f 1040//1040 1053//1053 1041//1041
f 1584//1584 1583//1583 1575//1575
f 1576//1576 1584//1584 1575//1575
f 1041//1041 1053//1053 1054//1054
f 1041//1041 1054//1054 1042//1042
f 1585//1585 1584//1584 1576//1576
f 1577//1577 1585//1585 1576//1576
f 1042//1042 1054//1054 1055//1055
f 1042//1042 1055//1055 1043//1043
f 1586//1586 1585//1585 1577//1577
f 1578//1578 1586//1586 1577//1577
f 1043//1043 1055//1055 1056//1056
f 1043//1043 1056//1056 1044//1044
f 1587//1587 1586//1586 1578//1578
f 1579//1579 1587//1587 1578//1578
f 1044//1044 1056//1056 1057//1057
f 1044//1044 1057//1057 1045//1045
f 1588//1588 1587//1587 1579//1579
f 1580//1580 1588//1588 1579//1579
f 1045//1045 1057//1057 1058//1058
f 1045//1045 1058//1058 1046//1046
f 1589//1589 1588//1588 1580//1580
f 1046//1046 1589//1589 1580//1580
f 1046//1046 1058//1058 1059//1059
f 1046//1046 1059//1059 1047//1047
f 1059//1059 1589//1589 1046//1046
f 1047//1047 1059//1059 1046//1046
f 1048//1048 1061//1061 1062//1062
f 1048//1048 1062//1062 1049//1049
f 1590//1590 1061//1061 1048//1048
f 1049//1049 1590//1590 1048//1048
f 1049//1049 1062//1062 1063//1063
f 1049//1049 1063//1063 1050//1050
f 1591//1591 1590//1590 1049//1049
f 1581//1581 1591//1591 1049//1049
f 1050//1050 1063//1063 1064//1064
f 1050//1050 1064//1064 1051//1051
f 1592//1592 1591//1591 1581//1581
f 1582//1582 1592//1592 1581//1581
f 1051//1051 1064//1064 1065//1065
f 1051//1051 1065//1065 1052//1052
f 1593//1593 1592//1592 1582//1582
f 1583//1583 1593//1593 1582//1582
f 1052//1052 1065//1065 1066//1066
f 1052//1052 1066//1066 1053//1053
f 1594//1594 1593//1593 1583//1583
f 1584//1584 1594//1594 1583//1583
f 1053//1053 1066//1066 1067//1067
f 1053//1053 1067//1067 1054//1054
f 1595//1595 1594//1594 1584//1584
f 1585//1585 1595//1595 1584//1584
f 1054//1054 1067//1067 1068//1068
f 1054//1054 1068//1068 1055//1055
f 1596//1596 1595//1595 1585//1585
f 1586//1586 1596//1596 1585//1585
f 1055//1055 1068//1068 1069//1069
f 1055//1055 1069//1069 1056//1056
f 1597//1597 1596//1596 1586//1586
f 1587//1587 1597//1597 1586//1586
f 1056//1056 1069//1069 1070//1070
f 1056//1056 1070//1070 1057//1057
f 1598//1598 1597//1597 1587//1587
f 1588//1588 1598//1598 1587//1587
f 1057//1057 1070//1070 1071//1071
f 1057//1057 1071//1071 1058//1058
f 1599//1599 1598//1598 1588//1588
f 1589//1589 1599//1599 1588//1588
f 1058//1058 1071//1071 1072//1072
f 1058//1058 1072//1072 1059//1059
f 1600//1600 1599//1599 1589//1589
f 1059//1059 1600//1600 1589//1589
f 1059//1059 1072//1072 1073//1073
f 1059//1059 1073//1073 1060//1060
f 1073//1073 1600//1600 1059//1059
f 1060//1060 1073//1073 1059//1059
f 1061//1061 1074//1074 1075//1075
f 1061//1061 1075//1075 1062//1062
f 1601//1601 1074//1074 1061//1061
f 1590//1590 1601//1601 1061//1061
f 1062//1062 1075//1075 1076//1076
f 1062//1062 1076//1076 1063//1063
f 1602//1602 1601//1601 1590//1590
f 1591//1591 1602//1602 1590//1590
f 1063//1063 1076//1076 1077//1077
f 1063//1063 1077//1077 1064//1064
f 1603//1603 1602//1602 1591//1591
f 1592//1592 1603//1603 1591//1591
f 1064//1064 1077//1077 1078//1078
f 1064//1064 1078//1078 1065//1065
f 1604//1604 1603//1603 1592//1592
f 1593//1593 1604//1604 1592//1592
f 1065//1065 1078//1078 1079//1079
f 1065//1065 1079//1079 1066//1066
f 1605//1605 1604//1604 1593//1593
f 1594//1594 1605//1605 1593//1593
f 1066//1066 1079//1079 1080//1080
f 1066//1066 1080//1080 1067//1067
f 1606//1606 1605//1605 1594//1594
f 1595//1595 1606//1606 1594//1594
f 1067//1067 1080//1080 1081//1081
f 1067//1067 1081//1081 1068//1068
f 1607//1607 1606//1606 1595//1595
f 1596//1596 1607//1607 1595//1595
f 1068//1068 1081//1081 1082//1082
f 1068//1068 1082//1082 1069//1069
f 1608//1608 1607//1607 1596//1596
f 1597//1597 1608//1608 1596//1596
f 1069//1069 1082//1082 1083//1083
f 1069//1069 1083//1083 1070//1070
f 1609//1609 1608//1608 1597//1597
f 1598//1598 1609//1609 1597//1597
f 1070//1070 1083//1083 1084//1084
f 1070//1070 1084//1084 1071//1071
f 1610//1610 1609//1609 1598//1598
f 1599//1599 1610//1610 1598//1598
f 1071//1071 1084//1084 1085//1085
f 1071//1071 1085//1085 1072//1072
f 1611//1611 1610//1610 1599//1599
f 1600//1600 1611//1611 1599//1599
f 1072//1072 1085//1085 1086//1086
f 1072//1072 1086//1086 1073//1073
f 1086//1086 1611//1611 1600//1600
f 1073//1073 1086//1086 1600//1600
f 1074//1074 1087//1087 1088//1088
f 1074//1074 1088//1088 1075//1075
f 1612//1612 1087//1087 1074//1074
f 1601//1601 1612//1612 1074//1074
f 1075//1075 1088//1088 1089//1089
f 1075//1075 1089//1089 1076//1076
f 1613//1613 1612//1612 1601//1601
f 1602//1602 1613//1613 1601//1601
f 1076//1076 1089//1089 1090//1090
f 1076//1076 1090//1090 1077//1077
f 1614//1614 1613//1613 1602//1602
f 1603//1603 1614//1614 1602//1602
f 1077//1077 1090//1090 1091//1091
f 1077//1077 1091//1091 1078//1078
f 1615//1615 1614//1614 1603//1603
f 1604//1604 1615//1615 1603//1603
f 1078//1078 1091//1091 1092//1092
f 1078//1078 1092//1092 1079//1079
f 1616//1616 1615//1615 1604//1604
f 1605//1605 1616//1616 1604//1604
f 1079//1079 1092//1092 1093//1093
f 1079//1079 1093//1093 1080//1080
f 1617//1617 1616//1616 1605//1605
f 1606//1606 1617//1617 1605//1605
f 1080//1080 1093//1093 1094//1094
f 1080//1080 1094//1094 1081//1081
f 1618//1618 1617//1617 1606//1606
f 1607//1607 1618//1618 1606//1606
f 1081//1081 1094//1094 1095//1095
f 1081//1081 1095//1095 1082//1082
f 1619//1619 1618//1618 1607//1607
f 1608//1608 1619//1619 1607//1607
f 1082//1082 1095//1095 1096//1096
f 1082//1082 1096//1096 1083//1083
f 1620//1620 1619//1619 1608//1608
f 1609//1609 1620//1620 1608//1608
f 1083//1083 1096//1096 1097//1097
f 1083//1083 1097//1097 1084//1084
f 1621//1621 1620//1620 1609//1609
f 1610//1610 1621//1621 1609//1609
f 1084//1084 1097//1097 1098//1098
f 1084//1084 1098//1098 1085//1085
f 1622//1622 1621//1621 1610//1610
f 1611//1611 1622//1622 1610//1610
f 1085//1085 1098//1098 1099//1099
f 1085//1085 1099//1099 1086//1086
f 1099//1099 1622//1622 1611//1611
f 1086//1086 1099//1099 1611//1611
f 1087//1087 1100//1100 1101//1101
f 1087//1087 1101//1101 1088//1088
f 1101//1101 1100//1100 1087//1087
f 1612//1612 1101//1101 1087//1087
f 1088//1088 1101//1101 1102//1102
f 1088//1088 1102//1102 1089//1089
f 1623//1623 1101//1101 1612//1612
f 1613//1613 1623//1623 1612//1612
f 1089//1089 1102//1102 1103//1103
f 1089//1089 1103//1103 1090//1090
f 1624//1624 1623//1623 1613//1613
f 1614//1614 1624//1624 1613//1613
f 1090//1090 1103//1103 1104//1104
f 1090//1090 1104//1104 1091//1091
f 1625//1625 1624//1624 1614//1614
f 1615//1615 1625//1625 1614//1614
f 1091//1091 1104//1104 1105//1105
f 1091//1091 1105//1105 1092//1092
f 1626//1626 1625//1625 1615//1615
f 1616//1616 1626//1626 1615//1615
f 1092//1092 1105//1105 1106//1106
f 1092//1092 1106//1106 1093//1093
f 1627//1627 1626//1626 1616//1616
f 1617//1617 1627//1627 1616//1616
f 1093//1093 1106//1106 1107//1107
f 1093//1093 1107//1107 1094//1094
f 1628//1628 1627//1627 1617//1617
f 1618//1618 1628//1628 1617//1617
f 1094//1094 1107//1107 1108//1108
f 1094//1094 1108//1108 1095//1095
f 1629//1629 1628//1628 1618//1618
f 1619//1619 1629//1629 1618//1618
f 1095//1095 1108//1108 1109//1109
f 1095//1095 1109//1109 1096//1096
f 1630//1630 1629//1629 1619//1619
f 1620//1620 1630//1630 1619//1619
f 1096//1096 1109//1109 1110//1110
f 1096//1096 1110//1110 1097//1097
f 1631//1631 1630//1630 1620//1620
f 1621//1621 1631//1631 1620//1620
f 1097//1097 1110//1110 1111//1111
f 1097//1097 1111//1111 1098//1098
f 1111//1111 1631//1631 1621//1621
f 1622//1622 1111//1111 1621//1621
f 1098//1098 1111//1111 1112//1112
f 1098//1098 1112//1112 1099//1099
f 1112//1112 1111//1111 1622//1622
f 1099//1099 1112//1112 1622//1622
f 1101//1101 1113//1113 1114//1114
f 1101//1101 1114//1114 1102//1102
f 1114//1114 1113//1113 1101//1101
f 1623//1623 1114//1114 1101//1101
f 1102//1102 1114//1114 1115//1115
f 1102//1102 1115//1115 1103//1103
f 1632//1632 1114//1114 1623//1623
f 1624//1624 1632//1632 1623//1623
f 1103//1103 1115//1115 1116//1116
f 1103//1103 1116//1116 1104//1104
f 1633//1633 1632//1632 1624//1624
f 1625//1625 1633//1633 1624//1624
f 1104//1104 1116//1116 1117//1117
f 1104//1104 1117//1117 1105//1105
f 1634//1634 1633//1633 1625//1625
f 1626//1626 1634//1634 1625//1625
f 1105//1105 1117//1117 1118//1118
f 1105//1105 1118//1118 1106//1106
f 1635//1635 1634//1634 1626//1626
f 1627//1627 1635//1635 1626//1626
f 1106//1106 1118//1118 1119//1119
f 1106//1106 1119//1119 1107//1107
f 1636//1636 1635//1635 1627//1627
f 1628//1628 1636//1636 1627//1627
f 1107//1107 1119//1119 1120//1120
f 1107//1107 1120//1120 1108//1108
f 1637//1637 1636//1636 1628//1628
f 1629//1629 1637//1637 1628//1628
f 1108//1108 1120//1120 1121//1121
f 1108//1108 1121//1121 1109//1109
f 1638//1638 1637//1637 1629//1629
f 1630//1630 1638//1638 1629//1629
f 1109//1109 1121//1121 1122//1122
f 1109//1109 1122//1122 1110//1110
f 1122//1122 1638//1638 1630//1630
f 1631//1631 1122//1122 1630//1630
f 1110//1110 1122//1122 1123//1123
f 1110//1110 1123//1123 1111//1111
f 1123//1123 1122//1122 1631//1631
f 1111//1111 1123//1123 1631//1631
f 1114//1114 1124//1124 1125//1125
f 1114//1114 1125//1125 1115//1115
f 1639//1639 1124//1124 1114//1114
f 1632//1632 1639//1639 1114//1114
f 1115//1115 1125//1125 1126//1126
f 1115//1115 1126//1126 1116//1116
f 1640//1640 1639//1639 1632//1632
f 1633//1633 1640//1640 1632//1632
f 1116//1116 1126//1126 1127//1127
f 1116//1116 1127//1127 1117//1117
f 1641//1641 1640//1640 1633//1633
f 1634//1634 1641//1641 1633//1633
f 1117//1117 1127//1127 1128//1128
f 1117//1117 1128//1128 1118//1118
f 1642//1642 1641//1641 1634//1634
f 1635//1635 1642//1642 1634//1634
f 1118//1118 1128//1128 1129//1129
f 1118//1118 1129//1129 1119//1119
f 1643//1643 1642//1642 1635//1635
f 1636//1636 1643//1643 1635//1635
f 1119//1119 1129//1129 1130//1130
f 1119//1119 1130//1130 1120//1120
f 1644//1644 1643//1643 1636//1636
f 1637//1637 1644//1644 1636//1636
f 1120//1120 1130//1130 1131//1131
f 1120//1120 1131//1131 1121//1121
f 1131//1131 1644//1644 1637//1637
f 1638//1638 1131//1131 1637//1637
f 1121//1121 1131//1131 1132//1132
f 1121//1121 1132//1132 1122//1122
f 1132//1132 1131//1131 1638//1638
f 1122//1122 1132//1132 1638//1638
f 1124//1124 1133//1133 1134//1134
f 1124//1124 1134//1134 1125//1125
f 1134//1134 1133//1133 1124//1124
f 1639//1639 1134//1134 1124//1124
f 1125//1125 1134//1134 1135//1135
f 1125//1125 1135//1135 1126//1126
f 1645//1645 1134//1134 1639//1639
f 1640//1640 1645//1645 1639//1639
f 1126//1126 1135//1135 1136//1136
f 1126//1126 1136//1136 1127//1127
f 1646//1646 1645//1645 1640//1640
f 1641//1641 1646//1646 1640//1640
f 1127//1127 1136//1136 1137//1137
f 1127//1127 1137//1137 1128//1128
f 1647//1647 1646//1646 1641//1641
f 1642//1642 1647//1647 1641//1641
f 1128//1128 1137//1137 1138//1138
f 1128//1128 1138//1138 1129//1129
f 1648//1648 1647//1647 1642//1642
f 1643//1643 1648//1648 1642//1642
f 1129//1129 1138//1138 1139//1139
f 1129//1129 1139//1139 1130//1130
f 1649//1649 1648//1648 1643//1643
f 1644//1644 1649//1649 1643//1643
f 1130//1130 1139//1139 1140//1140
f 1130//1130 1140//1140 1131//1131
f 1140//1140 1649//1649 1644//1644
f 1131//1131 1140//1140 1644//1644
f 1134//1134 1141//1141 1142//1142
f 1134//1134 1142//1142 1135//1135
f 1650//1650 1141//1141 1134//1134
f 1645//1645 1650//1650 1134//1134
f 1135//1135 1142//1142 1143//1143
f 1135//1135 1143//1143 1136//1136
f 1651//1651 1650//1650 1645//1645
f 1646//1646 1651//1651 1645//1645
f 1136//1136 1143//1143 1144//1144
f 1136//1136 1144//1144 1137//1137
f 1652//1652 1651//1651 1646//1646
f 1647//1647 1652//1652 1646//1646
f 1137//1137 1144//1144 1145//1145
f 1137//1137 1145//1145 1138//1138
f 1653//1653 1652//1652 1647//1647
f 1648//1648 1653//1653 1647//1647
f 1138//1138 1145//1145 1146//1146
f 1138//1138 1146//1146 1139//1139
f 1654//1654 1653//1653 1648//1648
f 1649//1649 1654//1654 1648//1648
f 1139//1139 1146//1146 1147//1147
f 1139//1139 1147//1147 1140//1140
f 1147//1147 1654//1654 1649//1649
f 1140//1140 1147//1147 1649//1649
f 1141//1141 1149//1149 1150//1150
f 1141//1141 1150//1150 1142//1142
f 1655//1655 1149//1149 1141//1141
f 1650//1650 1655//1655 1141//1141
f 1142//1142 1150//1150 1151//1151
f 1142//1142 1151//1151 1143//1143
f 1656//1656 1655//1655 1650//1650
f 1651//1651 1656//1656 1650//1650
f 1143//1143 1151//1151 1152//1152
f 1143//1143 1152//1152 1144//1144
f 1657//1657 1656//1656 1651//1651
f 1652//1652 1657//1657 1651//1651
f 1144//1144 1152//1152 1153//1153
f 1144//1144 1153//1153 1145//1145
f 1658//1658 1657//1657 1652//1652
f 1653//1653 1658//1658 1652//1652
f 1145//1145 1153//1153 1154//1154
f 1145//1145 1154//1154 1146//1146
f 1659//1659 1658//1658 1653//1653
f 1654//1654 1659//1659 1653//1653
f 1146//1146 1154//1154 1155//1155
f 1146//1146 1155//1155 1147//1147
f 1155//1155 1659//1659 1654//1654
f 1147//1147 1155//1155 1654//1654
f 1148//1148 1156//1156 1157//1157
f 1148//1148 1157//1157 1149//1149
f 1660//1660 1156//1156 1148//1148
f 1149//1149 1660//1660 1148//1148
f 1149//1149 1157//1157 1158//1158
f 1149//1149 1158//1158 1150//1150
f 1661//1661 1660//1660 1149//1149
f 1655//1655 1661//1661 1149//1149
f 1150//1150 1158//1158 1159//1159
f 1150//1150 1159//1159 1151//1151
f 1662//1662 1661//1661 1655//1655
f 1656//1656 1662//1662 1655//1655
f 1151//1151 1159//1159 1160//1160
f 1151//1151 1160//1160 1152//1152
f 1663//1663 1662//1662 1656//1656
f 1657//1657 1663//1663 1656//1656
f 1152//1152 1160//1160 1161//1161
f 1152//1152 1161//1161 1153//1153
f 1664//1664 1663//1663 1657//1657
f 1658//1658 1664//1664 1657//1657
f 1153//1153 1161//1161 1162//1162
f 1153//1153 1162//1162 1154//1154
f 1665//1665 1664//1664 1658//1658
f 1659//1659 1665//1665 1658//1658
f 1154//1154 1162//1162 1163//1163
f 1154//1154 1163//1163 1155//1155
f 1163//1163 1665//1665 1659//1659
f 1155//1155 1163//1163 1659//1659
f 1156//1156 1166//1166 1167//1167
f 1156//1156 1167//1167 1157//1157
f 1666//1666 1166//1166 1156//1156
f 1660//1660 1666//1666 1156//1156
f 1157//1157 1167//1167 1168//1168
f 1157//1157 1168//1168 1158//1158
f 1667//1667 1666//1666 1660//1660
f 1661//1661 1667//1667 1660//1660
f 1158//1158 1168//1168 1169//1169
f 1158//1158 1169//1169 1159//1159
f 1668//1668 1667//1667 1661//1661
f 1662//1662 1668//1668 1661//1661
f 1159//1159 1169//1169 1170//1170
f 1159//1159 1170//1170 1160//1160
f 1669//1669 1668//1668 1662//1662
f 1663//1663 1669//1669 1662//1662
f 1160//1160 1170//1170 1171//1171
f 1160//1160 1171//1171 1161//1161
f 1670//1670 1669//1669 1663//1663
f 1664//1664 1670//1670 1663//1663
f 1161//1161 1171//1171 1172//1172
f 1161//1161 1172//1172 1162//1162
f 1671//1671 1670//1670 1664//1664
f 1665//1665 1671//1671 1664//1664
f 1162//1162 1172//1172 1173//1173
f 1162//1162 1173//1173 1163//1163
f 1672//1672 1671//1671 1665//1665
f 1163//1163 1672//1672 1665//1665
f 1163//1163 1173//1173 1174//1174
f 1163//1163 1174//1174 1164//1164
f 1174//1174 1672//1672 1163//1163
f 1164//1164 1174//1174 1163//1163
f 1165//1165 1176//1176 1177//1177
f 1165//1165 1177//1177 1166//1166
f 1673//1673 1176//1176 1165//1165
f 1166//1166 1673//1673 1165//1165
f 1166//1166 1177//1177 1178//1178
f 1166//1166 1178//1178 1167//1167
f 1674//1674 1673//1673 1166//1166
f 1666//1666 1674//1674 1166//1166
f 1167//1167 1178//1178 1179//1179
f 1167//1167 1179//1179 1168//1168
f 1675//1675 1674//1674 1666//1666
f 1667//1667 1675//1675 1666//1666
f 1168//1168 1179//1179 1180//1180
f 1168//1168 1180//1180 1169//1169
f 1676//1676 1675//1675 1667//1667
f 1668//1668 1676//1676 1667//1667
f 1169//1169 1180//1180 1181//1181
f 1169//1169 1181//1181 1170//1170
f 1677//1677 1676//1676 1668//1668
f 1669//1669 1677//1677 1668//1668
f 1170//1170 1181//1181 1182//1182
f 1170//1170 1182//1182 1171//1171
f 1678//1678 1677//1677 1669//1669
f 1670//1670 1678//1678 1669//1669
f 1171//1171 1182//1182 1183//1183
f 1171//1171 1183//1183 1172//1172
f 1679//1679 1678//1678 1670//1670
f 1671//1671 1679//1679 1670//1670
f 1172//1172 1183//1183 1184//1184
f 1172//1172 1184//1184 1173//1173
f 1680//1680 1679//1679 1671//1671
f 1672//1672 1680//1680 1671//1671
f 1173//1173 1184//1184 1185//1185
f 1173//1173 1185//1185 1174//1174
f 1185//1185 1680//1680 1672//1672
f 1174//1174 1185//1185 1672//1672
f 1175//1175 1187//1187 1188//1188
f 1175//1175 1188//1188 1176//1176
f 1681//1681 1187//1187 1175//1175
f 1176//1176 1681//1681 1175//1175
f 1176//1176 1188//1188 1189//1189
f 1176//1176 1189//1189 1177//1177
f 1682//1682 1681//1681 1176//1176
f 1673//1673 1682//1682 1176//1176
f 1177//1177 1189//1189 1190//1190
f 1177//1177 1190//1190 1178//1178
f 1683//1683 1682//1682 1673//1673
f 1674//1674 1683//1683 1673//1673
f 1178//1178 1190//1190 1191//1191
f 1178//1178 1191//1191 1179//1179
f 1684//1684 1683//1683 1674//1674
f 1675//1675 1684//1684 1674//1674
f 1179//1179 1191//1191 1192//1192
f 1179//1179 1192//1192 1180//1180
f 1685//1685 1684//1684 1675//1675
f 1676//1676 1685//1685 1675//1675
f 1180//1180 1192//1192 1193//1193
f 1180//1180 1193//1193 1181//1181
f 1686//1686 1685//1685 1676//1676
f 1677//1677 1686//1686 1676//1676
f 1181//1181 1193//1193 1194//1194
f 1181//1181 1194//1194 1182//1182
f 1687//1687 1686//1686 1677//1677
f 1678//1678 1687//1687 1677//1677
f 1182//1182 1194//1194 1195//1195
f 1182//1182 1195//1195 1183//1183
f 1688//1688 1687//1687 1678//1678
f 1679//1679 1688//1688 1678//1678
f 1183//1183 1195//1195 1196//1196
f 1183//1183 1196//1196 1184//1184
f 1689//1689 1688//1688 1679//1679
f 1680//1680 1689//1689 1679//1679
f 1184//1184 1196//1196 1197//1197
f 1184//1184 1197//1197 1185//1185
f 1690//1690 1689//1689 1680//1680
f 1185//1185 1690//1690 1680//1680
f 1185//1185 1197//1197 1198//1198
f 1185//1185 1198//1198 1186//1186
f 1198//1198 1690//1690 1185//1185
f 1186//1186 1198//1198 1185//1185
f 1187//1187 1200//1200 1201//1201
f 1187//1187 1201//1201 1188//1188
f 1691//1691 1200//1200 1187//1187
f 1681//1681 1691//1691 1187//1187
f 1188//1188 1201//1201 1202//1202
f 1188//1188 1202//1202 1189//1189
f 1692//1692 1691//1691 1681//1681
f 1682//1682 1692//1692 1681//1681
f 1189//1189 1202//1202 1203//1203
f 1189//1189 1203//1203 1190//1190
f 1693//1693 1692//1692 1682//1682
f 1683//1683 1693//1693 1682//1682
f 1190//1190 1203//1203 1204//1204
f 1190//1190 1204//1204 1191//1191
f 1694//1694 1693//1693 1683//1683
f 1684//1684 1694//1694 1683//1683
f 1191//1191 1204//1204 1205//1205
f 1191//1191 1205//1205 1192//1192
f 1695//1695 1694//1694 1684//1684
f 1685//1685 1695//1695 1684//1684
f 1192//1192 1205//1205 1206//1206
f 1192//1192 1206//1206 1193//1193
f 1696//1696 1695//1695 1685//1685
f 1686//1686 1696//1696 1685//1685
f 1193//1193 1206//1206 1207//1207
f 1193//1193 1207//1207 1194//1194
f 1697//1697 1696//1696 1686//1686
f 1687//1687 1697//1697 1686//1686
f 1194//1194 1207//1207 1208//1208
f 1194//1194 1208//1208 1195//1195
f 1698//1698 1697//1697 1687//1687
f 1688//1688 1698//1698 1687//1687
f 1195//1195 1208//1208 1209//1209
f 1195//1195 1209//1209 1196//1196
f 1699//1699 1698//1698 1688//1688
f 1689//1689 1699//1699 1688//1688
f 1196//1196 1209//1209 1210//1210
f 1196//1196 1210//1210 1197//1197
f 1700//1700 1699//1699 1689//1689
f 1690//1690 1700//1700 1689//1689
f 1197//1197 1210//1210 1211//1211
f 1197//1197 1211//1211 1198//1198
f 1701//1701 1700//1700 1690//1690
f 1198//1198 1701//1701 1690//1690
f 1198//1198 1211//1211 1212//1212
f 1198//1198 1212//1212 1199//1199
f 1212//1212 1701//1701 1198//1198
f 1199//1199 1212//1212 1198//1198
f 1200//1200 1213//1213 1214//1214
f 1200//1200 1214//1214 1201//1201
f 1702//1702 1213//1213 1200//1200
f 1691//1691 1702//1702 1200//1200
f 1201//1201 1214//1214 1215//1215
f 1201//1201 1215//1215 1202//1202
f 1703//1703 1702//1702 1691//1691
f 1692//1692 1703//1703 1691//1691
f 1202//1202 1215//1215 1216//1216
f 1202//1202 1216//1216 1203//1203
f 1704//1704 1703//1703 1692//1692
f 1693//1693 1704//1704 1692//1692
f 1203//1203 1216//1216 1217//1217
f 1203//1203 1217//1217 1204//1204
f 1705//1705 1704//1704 1693//1693
f 1694//1694 1705//1705 1693//1693
f 1204//1204 1217//1217 1218//1218
f 1204//1204 1218//1218 1205//1205
f 1706//1706 1705//1705 1694//1694
f 1695//1695 1706//1706 1694//1694
f 1205//1205 1218//1218 1219//1219
f 1205//1205 1219//1219 1206//1206
f 1707//1707 1706//1706 1695//1695
f 1696//1696 1707//1707 1695//1695
f 1206//1206 1219//1219 1220//1220
f 1206//1206 1220//1220 1207//1207
f 1708//1708 1707//1707 1696//1696
f 1697//1697 1708//1708 1696//1696
f 1207//1207 1220//1220 1221//1221
f 1207//1207 1221//1221 1208//1208
f 1709//1709 1708//1708 1697//1697
f 1698//1698 1709//1709 1697//1697
f 1208//1208 1221//1221 1222//1222
f 1208//1208 1222//1222 1209//1209
f 1710//1710 1709//1709 1698//1698
f 1699//1699 1710//1710 1698//1698
f 1209//1209 1222//1222 1223//1223
f 1209//1209 1223//1223 1210//1210
f 1711//1711 1710//1710 1699//1699
f 1700//1700 1711//1711 1699//1699
f 1210//1210 1223//1223 1224//1224
f 1210//1210 1224//1224 1211//1211
f 1712//1712 1711//1711 1700//1700
f 1701//1701 1712//1712 1700//1700
f 1211//1211 1224//1224 1225//1225
f 1211//1211 1225//1225 1212//1212
f 1225//1225 1712//1712 1701//1701
f 1212//1212 1225//1225 1701//1701
f 1213//1213 1226//1226 1227//1227
f 1213//1213 1227//1227 1214//1214
f 1713//1713 1226//1226 1213//1213
f 1702//1702 1713//1713 1213//1213
f 1214//1214 1227//1227 1228//1228
f 1214//1214 1228//1228 1215//1215
f 1714//1714 1713//1713 1702//1702
f 1703//1703 1714//1714 1702//1702
f 1215//1215 1228//1228 1229//1229
f 1215//1215 1229//1229 1216//1216
f 1715//1715 1714//1714 1703//1703
f 1704//1704 1715//1715 1703//1703
f 1216//1216 1229//1229 1230//1230
f 1216//1216 1230//1230 1217//1217
f 1716//1716 1715//1715 1704//1704
f 1705//1705 1716//1716 1704//1704
f 1217//1217 1230//1230 1231//1231
f 1217//1217 1231//1231 1218//1218
f 1717//1717 1716//1716 1705//1705
f 1706//1706 1717//1717 1705//1705
f 1218//1218 1231//1231 1232//1232
f 1218//1218 1232//1232 1219//1219
f 1718//1718 1717//1717 1706//1706
f 1707//1707 1718//1718 1706//1706
f 1219//1219 1232//1232 1233//1233
f 1219//1219 1233//1233 1220//1220
f 1719//1719 1718//1718 1707//1707
f 1708//1708 1719//1719 1707//1707
f 1220//1220 1233//1233 1234//1234
f 1220//1220 1234//1234 1221//1221
f 1720//1720 1719//1719 1708//1708
f 1709//1709 1720//1720 1708//1708
f 1221//1221 1234//1234 1235//1235
f 1221//1221 1235//1235 1222//1222
f 1721//1721 1720//1720 1709//1709
f 1710//1710 1721//1721 1709//1709
f 1222//1222 1235//1235 1236//1236
f 1222//1222 1236//1236 1223//1223
f 1722//1722 1721//1721 1710//1710
f 1711//1711 1722//1722 1710//1710
f 1223//1223 1236//1236 1237//1237
f 1223//1223 1237//1237 1224//1224
f 1237//1237 1722//1722 1711//1711
f 1712//1712 1237//1237 1711//1711
f 1224//1224 1237//1237 1238//1238
f 1224//1224 1238//1238 1225//1225
f 1238//1238 1237//1237 1712//1712
f 1225//1225 1238//1238 1712//1712
f 1226//1226 1239//1239 1240//1240
f 1226//1226 1240//1240 1227//1227
f 1240//1240 1239//1239 1226//1226
f 1713//1713 1240//1240 1226//1226
f 1227//1227 1240//1240 1241//1241
f 1227//1227 1241//1241 1228//1228
f 1723//1723 1240//1240 1713//1713
f 1714//1714 1723//1723 1713//1713
f 1228//1228 1241//1241 1242//1242
f 1228//1228 1242//1242 1229//1229
f 1724//1724 1723//1723 1714//1714
f 1715//1715 1724//1724 1714//1714
f 1229//1229 1242//1242 1243//1243
f 1229//1229 1243//1243 1230//1230
f 1725//1725 1724//1724 1715//1715
f 1716//1716 1725//1725 1715//1715
f 1230//1230 1243//1243 1244//1244
f 1230//1230 1244//1244 1231//1231
f 1726//1726 1725//1725 1716//1716
f 1717//1717 1726//1726 1716//1716
f 1231//1231 1244//1244 1245//1245
f 1231//1231 1245//1245 1232//1232
f 1727//1727 1726//1726 1717//1717
f 1718//1718 1727//1727 1717//1717
f 1232//1232 1245//1245 1246//1246
f 1232//1232 1246//1246 1233//1233
f 1728//1728 1727//1727 1718//1718
f 1719//1719 1728//1728 1718//1718
f 1233//1233 1246//1246 1247//1247
f 1233//1233 1247//1247 1234//1234
f 1729//1729 1728//1728 1719//1719
f 1720//1720 1729//1729 1719//1719
f 1234//1234 1247//1247 1248//1248
f 1234//1234 1248//1248 1235//1235
f 1730//1730 1729//1729 1720//1720
f 1721//1721 1730//1730 1720//1720
f 1235//1235 1248//1248 1249//1249
f 1235//1235 1249//1249 1236//1236
f 1249//1249 1730//1730 1721//1721
f 1722//1722 1249//1249 1721//1721
f 1236//1236 1249//1249 1250//1250
f 1236//1236 1250//1250 1237//1237
f 1250//1250 1249//1249 1722//1722
f 1237//1237 1250//1250 1722//1722
f 1240//1240 1251//1251 1252//1252
f 1240//1240 1252//1252 1241//1241
f 1252//1252 1251//1251 1240//1240
f 1723//1723 1252//1252 1240//1240
f 1241//1241 1252//1252 1253//1253
f 1241//1241 1253//1253 1242//1242
f 1731//1731 1252//1252 1723//1723
f 1724//1724 1731//1731 1723//1723
f 1242//1242 1253//1253 1254//1254
f 1242//1242 1254//1254 1243//1243
f 1732//1732 1731//1731 1724//1724
f 1725//1725 1732//1732 1724//1724
f 1243//1243 1254//1254 1255//1255
f 1243//1243 1255//1255 1244//1244
f 1733//1733 1732//1732 1725//1725
f 1726//1726 1733//1733 1725//1725
f 1244//1244 1255//1255 1256//1256
f 1244//1244 1256//1256 1245//1245
f 1734//1734 1733//1733 1726//1726
f 1727//1727 1734//1734 1726//1726
f 1245//1245 1256//1256 1257//1257
f 1245//1245 1257//1257 1246//1246
f 1735//1735 1734//1734 1727//1727
f 1728//1728 1735//1735 1727//1727
f 1246//1246 1257//1257 1258//1258
f 1246//1246 1258//1258 1247//1247
f 1736//1736 1735//1735 1728//1728
f 1729//1729 1736//1736 1728//1728
f 1247//1247 1258//1258 1259//1259
f 1247//1247 1259//1259 1248//1248
f 1259//1259 1736//1736 1729//1729
f 1730//1730 1259//1259 1729//1729
f 1248//1248 1259//1259 1260//1260
f 1248//1248 1260//1260 1249//1249
f 1260//1260 1259//1259 1730//1730
f 1249//1249 1260//1260 1730//1730
f 1252//1252 1261//1261 1262//1262
f 1252//1252 1262//1262 1253//1253
f 1262//1262 1261//1261 1252//1252
f 1731//1731 1262//1262 1252//1252
f 1253//1253 1262//1262 1263//1263
f 1253//1253 1263//1263 1254//1254
f 1737//1737 1262//1262 1731//1731
f 1732//1732 1737//1737 1731//1731
f 1254//1254 1263//1263 1264//1264
f 1254//1254 1264//1264 1255//1255
f 1738//1738 1737//1737 1732//1732
f 1733//1733 1738//1738 1732//1732
f 1255//1255 1264//1264 1265//1265
f 1255//1255 1265//1265 1256//1256
f 1739//1739 1738//1738 1733//1733
f 1734//1734 1739//1739 1733//1733
f 1256//1256 1265//1265 1266//1266
f 1256//1256 1266//1266 1257//1257
f 1740//1740 1739//1739 1734//1734
f 1735//1735 1740//1740 1734//1734
f 1257//1257 1266//1266 1267//1267
f 1257//1257 1267//1267 1258//1258
f 1267//1267 1740//1740 1735//1735
f 1736//1736 1267//1267 1735//1735
f 1258//1258 1267//1267 1268//1268
f 1258//1258 1268//1268 1259//1259
f 1268//1268 1267//1267 1736//1736
f 1259//1259 1268//1268 1736//1736
f 1262//1262 1269//1269 1270//1270
f 1262//1262 1270//1270 1263//1263
f 1270//1270 1269//1269 1262//1262
f 1737//1737 1270//1270 1262//1262
f 1263//1263 1270//1270 1271//1271
f 1263//1263 1271//1271 1264//1264
f 1741//1741 1270//1270 1737//1737
f 1738//1738 1741//1741 1737//1737
f 1264//1264 1271//1271 1272//1272
f 1264//1264 1272//1272 1265//1265
f 1742//1742 1741//1741 1738//1738
f 1739//1739 1742//1742 1738//1738
f 1265//1265 1272//1272 1273//1273
f 1265//1265 1273//1273 1266//1266
f 1273//1273 1742//1742 1739//1739
f 1740//1740 1273//1273 1739//1739
f 1266//1266 1273//1273 1274//1274
f 1266//1266 1274//1274 1267//1267
f 1274//1274 1273//1273 1740//1740
f 1267//1267 1274//1274 1740//1740
f 1270//1270 1275//1275 1276//1276
f 1270//1270 1276//1276 1271//1271
f 1276//1276 1275//1275 1270//1270
f 1741//1741 1276//1276 1270//1270
f 1271//1271 1276//1276 1277//1277
f 1271//1271 1277//1277 1272//1272
f 1277//1277 1276//1276 1741//1741
f 1742//1742 1277//1277 1741//1741
f 1272//1272 1277//1277 1278//1278
f 1272//1272 1278//1278 1273//1273
f 1278//1278 1277//1277 1742//1742
f 1273//1273 1278//1278 1742//1742
f 1743//1743 1748//1748 1749//1749
f 1743//1743 1749//1749 1744//1744
f 2147//2147 1748//1748 1743//1743
f 1744//1744 2147//2147 1743//1743
f 1744//1744 1749//1749 1750//1750
f 1744//1744 1750//1750 1745//1745
f 2148//2148 2147//2147 1744//1744
f 1745//1745 2148//2148 1744//1744
f 1745//1745 1750//1750 1751//1751
f 1745//1745 1751//1751 1746//1746
f 1751//1751 2148//2148 1745//1745
f 1746//1746 1751//1751 1745//1745
f 1747//1747 1754//1754 1755//1755
f 1747//1747 1755//1755 1748//1748
f 2149//2149 1754//1754 1747//1747
f 1748//1748 2149//2149 1747//1747
f 1748//1748 1755//1755 1756//1756
f 1748//1748 1756//1756 1749//1749
f 2150//2150 2149//2149 1748//1748
f 2147//2147 2150//2150 1748//1748
f 1749//1749 1756//1756 1757//1757
f 1749//1749 1757//1757 1750//1750
f 2151//2151 2150//2150 2147//2147
f 2148//2148 2151//2151 2147//2147
f 1750//1750 1757//1757 1758//1758
f 1750//1750 1758//1758 1751//1751
f 2152//2152 2151//2151 2148//2148
f 1751//1751 2152//2152 2148//2148
f 1751//1751 1758//1758 1759//1759
f 1751//1751 1759//1759 1752//1752
f 1759//1759 2152//2152 1751//1751
f 1752//1752 1759//1759 1751//1751
f 1753//1753 1762//1762 1763//1763
f 1753//1753 1763//1763 1754//1754
f 2153//2153 1762//1762 1753//1753
f 1754//1754 2153//2153 1753//1753
f 1754//1754 1763//1763 1764//1764
f 1754//1754 1764//1764 1755//1755
f 2154//2154 2153//2153 1754//1754
f 2149//2149 2154//2154 1754//1754
f 1755//1755 1764//1764 1765//1765
f 1755//1755 1765//1765 1756//1756
f 2155//2155 2154//2154 2149//2149
f 2150//2150 2155//2155 2149//2149
f 1756//1756 1765//1765 1766//1766
f 1756//1756 1766//1766 1757//1757
f 2156//2156 2155//2155 2150//2150
f 2151//2151 2156//2156 2150//2150
f 1757//1757 1766//1766 1767//1767
f 1757//1757 1767//1767 1758//1758
f 2157//2157 2156//2156 2151//2151
f 2152//2152 2157//2157 2151//2151
f 1758//1758 1767//1767 1768//1768
f 1758//1758 1768//1768 1759//1759
f 2158//2158 2157//2157 2152//2152
f 1759//1759 2158//2158 2152//2152
f 1759//1759 1768//1768 1769//1769
f 1759//1759 1769//1769 1760//1760
f 1769//1769 2158//2158 1759//1759
f 1760//1760 1769//1769 1759//1759
f 1761//1761 1772//1772 1773//1773
f 1761//1761 1773//1773 1762//1762
f 2159//2159 1772//1772 1761//1761
f 1762//1762 2159//2159 1761//1761
f 1762//1762 1773//1773 1774//1774
f 1762//1762 1774//1774 1763//1763
f 2160//2160 2159//2159 1762//1762
f 2153//2153 2160//2160 1762//1762
f 1763//1763 1774//1774 1775//1775
f 1763//1763 1775//1775 1764//1764
f 2161//2161 2160//2160 2153//2153
f 2154//2154 2161//2161 2153//2153
f 1764//1764 1775//1775 1776//1776
f 1764//1764 1776//1776 1765//1765
f 2162//2162 2161//2161 2154//2154
f 2155//2155 2162//2162 2154//2154
f 1765//1765 1776//1776 1777//1777
f 1765//1765 1777//1777 1766//1766
f 2163//2163 2162//2162 2155//2155
f 2156//2156 2163//2163 2155//2155
f 1766//1766 1777//1777 1778//1778
f 1766//1766 1778//1778 1767//1767
f 2164//2164 2163//2163 2156//2156
f 2157//2157 2164//2164 2156//2156
f 1767//1767 1778//1778 1779//1779
f 1767//1767 1779//1779 1768//1768
f 2165//2165 2164//2164 2157//2157
f 2158//2158 2165//2165 2157//2157
f 1768//1768 1779//1779 1780//1780
f 1768//1768 1780//1780 1769//1769
f 2166//2166 2165//2165 2158//2158
f 1769//1769 2166//2166 2158//2158
f 1769//1769 1780//1780 1781//1781
f 1769//1769 1781//1781 1770//1770
f 1781//1781 2166//2166 1769//1769
f 1770//1770 1781//1781 1769//1769
f 1771//1771 1783//1783 1784//1784
f 1771//1771 1784//1784 1772//1772
f 2167//2167 1783//1783 1771//1771
f 1772//1772 2167//2167 1771//1771
f 1772//1772 1784//1784 1785//1785
f 1772//1772 1785//1785 1773//1773
f 2168//2168 2167//2167 1772//1772
f 2159//2159 2168//2168 1772//1772
f 1773//1773 1785//1785 1786//1786
f 1773//1773 1786//1786 1774//1774
f 2169//2169 2168//2168 2159//2159
f 2160//2160 2169//2169 2159//2159
f 1774//1774 1786//1786 1787//1787
f 1774//1774 1787//1787 1775//1775
f 2170//2170 2169//2169 2160//2160
f 2161//2161 2170//2170 2160//2160
f 1775//1775 1787//1787 1788//1788
f 1775//1775 1788//1788 1776//1776
f 2171//2171 2170//2170 2161//2161
f 2162//2162 2171//2171 2161//2161
f 1776//1776 1788//1788 1789//1789
f 1776//1776 1789//1789 1777//1777
f 2172//2172 2171//2171 2162//2162
f 2163//2163 2172//2172 2162//2162
f 1777//1777 1789//1789 1790//1790
f 1777//1777 1790//1790 1778//1778
f 2173//2173 2172//2172 2163//2163
f 2164//2164 2173//2173 2163//2163
f 1778//1778 1790//1790 1791//1791
f 1778//1778 1791//1791 1779//1779
f 2174//2174 2173//2173 2164//2164
f 2165//2165 2174//2174 2164//2164
f 1779//1779 1791//1791 1792//1792
f 1779//1779 1792//1792 1780//1780
f 2175//2175 2174//2174 2165//2165
f 2166//2166 2175//2175 2165//2165
f 1780//1780 1792//1792 1793//1793
f 1780//1780 1793//1793 1781//1781
f 2176//2176 2175//2175 2166//2166
f 1781//1781 2176//2176 2166//2166
f 1781//1781 1793//1793 1794//1794
f 1781//1781 1794//1794 1782//1782
f 1794//1794 2176//2176 1781//1781
f 1782//1782 1794//1794 1781//1781
f 1783//1783 1796//1796 1797//1797
f 1783//1783 1797//1797 1784//1784
f 2177//2177 1796//1796 1783//1783
f 2167//2167 2177//2177 1783//1783
f 1784//1784 1797//1797 1798//1798
f 1784//1784 1798//1798 1785//1785
f 2178//2178 2177//2177 2167//2167
f 2168//2168 2178//2178 2167//2167
f 1785//1785 1798//1798 1799//1799
f 1785//1785 1799//1799 1786//1786
f 2179//2179 2178//2178 2168//2168
f 2169//2169 2179//2179 2168//2168
f 1786//1786 1799//1799 1800//1800
f 1786//1786 1800//1800 1787//1787
f 2180//2180 2179//2179 2169//2169
f 2170//2170 2180//2180 2169//2169
f 1787//1787 1800//1800 1801//1801
f 1787//1787 1801//1801 1788//1788
f 2181//2181 2180//2180 2170//2170
f 2171//2171 2181//2181 2170//2170
f 1788//1788 1801//1801 1802//1802
f 1788//1788 1802//1802 1789//1789
f 2182//2182 2181//2181 2171//2171
f 2172//2172 2182//2182 2171//2171
f 1789//1789 1802//1802 1803//1803
f 1789//1789 1803//1803 1790//1790
f 2183//2183 2182//2182 2172//2172
f 2173//2173 2183//2183 2172//2172
f 1790//1790 1803//1803 1804//1804
f 1790//1790 1804//1804 1791//1791
f 2184//2184 2183//2183 2173//2173
f 2174//2174 2184//2184 2173//2173
f 1791//1791 1804//1804 1805//1805
f 1791//1791 1805//1805 1792//1792
f 2185//2185 2184//2184 2174//2174
f 2175//2175 2185//2185 2174//2174
f 1792//1792 1805//1805 1806//1806
f 1792//1792 1806//1806 1793//1793
f 2186//2186 2185//2185 2175//2175
f 2176//2176 2186//2186 2175//2175
f 1793//1793 1806//1806 1807//1807
f 1793//1793 1807//1807 1794//1794
f 2187//2187 2186//2186 2176//2176
f 1794//1794 2187//2187 2176//2176
f 1794//1794 1807//1807 1808//1808
f 1794//1794 1808//1808 1795//1795
f 1808//1808 2187//2187 1794//1794
f 1795//1795 1808//1808 1794//1794
f 1796//1796 1809//1809 1810//1810
f 1796//1796 1810//1810 1797//1797
f 2188//2188 1809//1809 1796//1796
f 2177//2177 2188//2188 1796//1796
f 1797//1797 1810//1810 1811//1811
f 1797//1797 1811//1811 1798//1798
f 2189//2189 2188//2188 2177//2177
f 2178//2178 2189//2189 2177//2177
f 1798//1798 1811//1811 1812//1812
f 1798//1798 1812//1812 1799//1799
f 2190//2190 2189//2189 2178//2178
f 2179//2179 2190//2190 2178//2178
f 1799//1799 1812//1812 1813//1813
f 1799//1799 1813//1813 1800//1800
f 2191//2191 2190//2190 2179//2179
f 2180//2180 2191//2191 2179//2179
f 1800//1800 1813//1813 1814//1814
f 1800//1800 1814//1814 1801//1801
f 2192//2192 2191//2191 2180//2180
f 2181//2181 2192//2192 2180//2180
f 1801//1801 1814//1814 1815//1815
f 1801//1801 1815//1815 1802//1802
f 2193//2193 2192//2192 2181//2181
f 2182//2182 2193//2193 2181//2181
f 1802//1802 1815//1815 1816//1816
f 1802//1802 1816//1816 1803//1803
f 2194//2194 2193//2193 2182//2182
f 2183//2183 2194//2194 2182//2182
f 1803//1803 1816//1816 1817//1817
f 1803//1803 1817//1817 1804//1804
f 2195//2195 2194//2194 2183//2183
f 2184//2184 2195//2195 2183//2183
f 1804//1804 1817//1817 1818//1818
f 1804//1804 1818//1818 1805//1805
f 2196//2196 2195//2195 2184//2184
f 2185//2185 2196//2196 2184//2184
f 1805//1805 1818//1818 1819//1819
f 1805//1805 1819//1819 1806//1806
f 2197//2197 2196//2196 2185//2185
f 2186//2186 2197//2197 2185//2185
f 1806//1806 1819//1819 1820//1820
f 1806//1806 1820//1820 1807//1807
f 2198//2198 2197//2197 2186//2186
f 2187//2187 2198//2198 2186//2186
f 1807//1807 1820//1820 1821//1821
f 1807//1807 1821//1821 1808//1808
f 1821//1821 2198//2198 2187//2187
f 1808//1808 1821//1821 2187//2187
f 1809//1809 1822//1822 1823//1823
f 1809//1809 1823//1823 1810//1810
f 2199//2199 1822//1822 1809//1809
f 2188//2188 2199//2199 1809//1809
f 1810//1810 1823//1823 1824//1824
f 1810//1810 1824//1824 1811//1811
f 2200//2200 2199//2199 2188//2188
f 2189//2189 2200//2200 2188//2188
f 1811//1811 1824//1824 1825//1825
f 1811//1811 1825//1825 1812//1812
f 2201//2201 2200//2200 2189//2189
f 2190//2190 2201//2201 2189//2189
f 1812//1812 1825//1825 1826//1826
f 1812//1812 1826//1826 1813//1813
f 2202//2202 2201//2201 2190//2190
f 2191//2191 2202//2202 2190//2190
f 1813//1813 1826//1826 1827//1827
f 1813//1813 1827//1827 1814//1814
f 2203//2203 2202//2202 2191//2191
f 2192//2192 2203//2203 2191//2191
f 1814//1814 1827//1827 1828//1828
f 1814//1814 1828//1828 1815//1815
f 2204//2204 2203//2203 2192//2192
f 2193//2193 2204//2204 2192//2192
f 1815//1815 1828//1828 1829//1829
f 1815//1815 1829//1829 1816//1816
f 2205//2205 2204//2204 2193//2193
f 2194//2194 2205//2205 2193//2193
f 1816//1816 1829//1829 1830//1830
f 1816//1816 1830//1830 1817//1817
f 2206//2206 2205//2205 2194//2194
f 2195//2195 2206//2206 2194//2194
f 1817//1817 1830//1830 1831//1831
f 1817//1817 1831//1831 1818//1818
f 2207//2207 2206//2206 2195//2195
f 2196//2196 2207//2207 2195//2195
f 1818//1818 1831//1831 1832//1832
f 1818//1818 1832//1832 1819//1819
f 2208//2208 2207//2207 2196//2196
f 2197//2197 2208//2208 2196//2196
f 1819//1819 1832//1832 1833//1833
f 1819//1819 1833//1833 1820//1820
f 1833//1833 2208//2208 2197//2197
f 2198//2198 1833//1833 2197//2197
f 1820//1820 1833//1833 1834//1834
f 1820//1820 1834//1834 1821//1821
f 1834//1834 1833//1833 2198//2198
f 1821//1821 1834//1834 2198//2198
f 1822//1822 1835//1835 1836//1836
f 1822//1822 1836//1836 1823//1823
f 1836//1836 1835//1835 1822//1822
f 2199//2199 1836//1836 1822//1822
f 1823//1823 1836//1836 1837//1837
f 1823//1823 1837//1837 1824//1824
f 2209//2209 1836//1836 2199//2199
f 2200//2200 2209//2209 2199//2199
f 1824//1824 1837//1837 1838//1838
f 1824//1824 1838//1838 1825//1825
f 2210//2210 2209//2209 2200//2200
f 2201//2201 2210//2210 2200//2200
f 1825//1825 1838//1838 1839//1839
f 1825//1825 1839//1839 1826//1826
f 2211//2211 2210//2210 2201//2201
f 2202//2202 2211//2211 2201//2201
f 1826//1826 1839//1839 1840//1840
f 1826//1826 1840//1840 1827//1827
f 2212//2212 2211//2211 2202//2202
f 2203//2203 2212//2212 2202//2202
f 1827//1827 1840//1840 1841//1841
f 1827//1827 1841//1841 1828//1828
f 2213//2213 2212//2212 2203//2203
f 2204//2204 2213//2213 2203//2203
f 1828//1828 1841//1841 1842//1842
f 1828//1828 1842//1842 1829//1829
f 2214//2214 2213//2213 2204//2204
f 2205//2205 2214//2214 2204//2204
f 1829//1829 1842//1842 1843//1843
f 1829//1829 1843//1843 1830//1830
f 2215//2215 2214//2214 2205//2205
f 2206//2206 2215//2215 2205//2205
f 1830//1830 1843//1843 1844//1844
f 1830//1830 1844//1844 1831//1831
f 2216//2216 2215//2215 2206//2206
f 2207//2207 2216//2216 2206//2206
f 1831//1831 1844//1844 1845//1845
f 1831//1831 1845//1845 1832//1832
f 1845//1845 2216//2216 2207//2207
f 2208//2208 1845//1845 2207//2207
f 1832//1832 1845//1845 1846//1846
f 1832//1832 1846//1846 1833//1833
f 1846//1846 1845//1845 2208//2208
f 1833//1833 1846//1846 2208//2208
f 1836//1836 1847//1847 1848//1848
f 1836//1836 1848//1848 1837//1837
f 1848//1848 1847//1847 1836//1836
f 2209//2209 1848//1848 1836//1836
f 1837//1837 1848//1848 1849//1849
f 1837//1837 1849//1849 1838//1838
f 2217//2217 1848//1848 2209//2209
f 2210//2210 2217//2217 2209//2209
f 1838//1838 1849//1849 1850//1850
f 1838//1838 1850//1850 1839//1839
f 2218//2218 2217//2217 2210//2210
f 2211//2211 2218//2218 2210//2210
f 1839//1839 1850//1850 1851//1851
f 1839//1839 1851//1851 1840//1840
f 2219//2219 2218//2218 2211//2211
f 2212//2212 2219//2219 2211//2211
f 1840//1840 1851//1851 1852//1852
f 1840//1840 1852//1852 1841//1841
f 2220//2220 2219//2219 2212//2212
f 2213//2213 2220//2220 2212//2212
f 1841//1841 1852//1852 1853//1853
f 1841//1841 1853//1853 1842//1842
f 2221//2221 2220//2220 2213//2213
f 2214//2214 2221//2221 2213//2213
f 1842//1842 1853//1853 1854//1854
f 1842//1842 1854//1854 1843//1843
f 2222//2222 2221//2221 2214//2214
f 2215//2215 2222//2222 2214//2214
f 1843//1843 1854//1854 1855//1855
f 1843//1843 1855//1855 1844//1844
f 2223//2223 2222//2222 2215//2215
f 2216//2216 2223//2223 2215//2215
f 1844//1844 1855//1855 1856//1856
f 1844//1844 1856//1856 1845//1845
f 1856//1856 2223//2223 2216//2216
f 1845//1845 1856//1856 2216//2216
f 1848//1848 1857//1857 1858//1858
f 1848//1848 1858//1858 1849//1849
f 2224//2224 1857//1857 1848//1848
f 2217//2217 2224//2224 1848//1848
f 1849//1849 1858//1858 1859//1859
f 1849//1849 1859//1859 1850//1850
f 2225//2225 2224//2224 2217//2217
f 2218//2218 2225//2225 2217//2217
f 1850//1850 1859//1859 1860//1860
f 1850//1850 1860//1860 1851//1851
f 2226//2226 2225//2225 2218//2218
f 2219//2219 2226//2226 2218//2218
f 1851//1851 1860//1860 1861//1861
f 1851//1851 1861//1861 1852//1852
f 2227//2227 2226//2226 2219//2219
f 2220//2220 2227//2227 2219//2219
f 1852//1852 1861//1861 1862//1862
f 1852//1852 1862//1862 1853//1853
f 2228//2228 2227//2227 2220//2220
f 2221//2221 2228//2228 2220//2220
f 1853//1853 1862//1862 1863//1863
f 1853//1853 1863//1863 1854//1854
f 2229//2229 2228//2228 2221//2221
f 2222//2222 2229//2229 2221//2221
f 1854//1854 1863//1863 1864//1864
f 1854//1854 1864//1864 1855//1855
f 1864//1864 2229//2229 2222//2222
f 2223//2223 1864//1864 2222//2222
f 1855//1855 1864//1864 1865//1865
f 1855//1855 1865//1865 1856//1856
f 1865//1865 1864//1864 2223//2223
f 1856//1856 1865//1865 2223//2223
f 1857//1857 1866//1866 1867//1867
f 1857//1857 1867//1867 1858//1858
f 1867//1867 1866//1866 1857//1857
f 2224//2224 1867//1867 1857//1857
f 1858//1858 1867//1867 1868//1868
f 1858//1858 1868//1868 1859//1859
f 2230//2230 1867//1867 2224//2224
f 2225//2225 2230//2230 2224//2224
f 1859//1859 1868//1868 1869//1869
f 1859//1859 1869//1869 1860//1860
f 2231//2231 2230//2230 2225//2225
f 2226//2226 2231//2231 2225//2225
f 1860//1860 1869//1869 1870//1870
f 1860//1860 1870//1870 1861//1861
f 2232//2232 2231//2231 2226//2226
f 2227//2227 2232//2232 2226//2226
f 1861//1861 1870//1870 1871//1871
f 1861//1861 1871//1871 1862//1862
f 2233//2233 2232//2232 2227//2227
f 2228//2228 2233//2233 2227//2227
f 1862//1862 1871//1871 1872//1872
f 1862//1862 1872//1872 1863//1863
f 2234//2234 2233//2233 2228//2228
f 2229//2229 2234//2234 2228//2228
f 1863//1863 1872//1872 1873//1873
f 1863//1863 1873//1873 1864//1864
f 1873//1873 2234//2234 2229//2229
f 1864//1864 1873//1873 2229//2229
f 1867//1867 1875//1875 1876//1876
f 1867//1867 1876//1876 1868//1868
f 2235//2235 1875//1875 1867//1867
f 2230//2230 2235//2235 1867//1867
f 1868//1868 1876//1876 1877//1877
f 1868//1868 1877//1877 1869//1869
f 2236//2236 2235//2235 2230//2230
f 2231//2231 2236//2236 2230//2230
f 1869//1869 1877//1877 1878//1878
f 1869//1869 1878//1878 1870//1870
f 2237//2237 2236//2236 2231//2231
f 2232//2232 2237//2237 2231//2231
f 1870//1870 1878//1878 1879//1879
f 1870//1870 1879//1879 1871//1871
f 2238//2238 2237//2237 2232//2232
f 2233//2233 2238//2238 2232//2232
f 1871//1871 1879//1879 1880//1880
f 1871//1871 1880//1880 1872//1872
f 1880//1880 2238//2238 2233//2233
f 2234//2234 1880//1880 2233//2233
f 1872//1872 1880//1880 1881//1881
f 1872//1872 1881//1881 1873//1873
f 1881//1881 1880//1880 2234//2234
f 1873//1873 1881//1881 2234//2234
f 1874//1874 1882//1882 1883//1883
f 1874//1874 1883//1883 1875//1875
f 2239//2239 1882//1882 1874//1874
f 1875//1875 2239//2239 1874//1874
f 1875//1875 1883//1883 1884//1884
f 1875//1875 1884//1884 1876//1876
f 2240//2240 2239//2239 1875//1875
f 2235//2235 2240//2240 1875//1875
f 1876//1876 1884//1884 1885//1885
f 1876//1876 1885//1885 1877//1877
f 2241//2241 2240//2240 2235//2235
f 2236//2236 2241//2241 2235//2235
f 1877//1877 1885//1885 1886//1886
f 1877//1877 1886//1886 1878//1878
f 2242//2242 2241//2241 2236//2236
f 2237//2237 2242//2242 2236//2236
f 1878//1878 1886//1886 1887//1887
f 1878//1878 1887//1887 1879//1879
f 2243//2243 2242//2242 2237//2237
f 2238//2238 2243//2243 2237//2237
f 1879//1879 1887//1887 1888//1888
f 1879//1879 1888//1888 1880//1880
f 2244//2244 2243//2243 2238//2238
f 1880//1880 2244//2244 2238//2238
f 1880//1880 1888//1888 1889//1889
f 1880//1880 1889//1889 1881//1881
f 1889//1889 2244//2244 1880//1880
f 1881//1881 1889//1889 1880//1880
f 1882//1882 1891//1891 1892//1892
f 1882//1882 1892//1892 1883//1883
f 2245//2245 1891//1891 1882//1882
f 2239//2239 2245//2245 1882//1882
f 1883//1883 1892//1892 1893//1893
f 1883//1883 1893//1893 1884//1884
f 2246//2246 2245//2245 2239//2239
f 2240//2240 2246//2246 2239//2239
f 1884//1884 1893//1893 1894//1894
f 1884//1884 1894//1894 1885//1885
f 2247//2247 2246//2246 2240//2240
f 2241//2241 2247//2247 2240//2240
f 1885//1885 1894//1894 1895//1895
f 1885//1885 1895//1895 1886//1886
f 2248//2248 2247//2247 2241//2241
f 2242//2242 2248//2248 2241//2241
f 1886//1886 1895//1895 1896//1896
f 1886//1886 1896//1896 1887//1887
f 2249//2249 2248//2248 2242//2242
f 2243//2243 2249//2249 2242//2242
f 1887//1887 1896//1896 1897//1897
f 1887//1887 1897//1897 1888//1888
f 2250//2250 2249//2249 2243//2243
f 2244//2244 2250//2250 2243//2243
f 1888//1888 1897//1897 1898//1898
f 1888//1888 1898//1898 1889//1889
f 1898//1898 2250//2250 2244//2244
f 1889//1889 1898//1898 2244//2244
f 1890//1890 1901//1901 1902//1902
f 1890//1890 1902//1902 1891//1891
f 2251//2251 1901//1901 1890//1890
f 1891//1891 2251//2251 1890//1890
f 1891//1891 1902//1902 1903//1903
f 1891//1891 1903//1903 1892//1892
f 2252//2252 2251//2251 1891//1891
f 2245//2245 2252//2252 1891//1891
f 1892//1892 1903//1903 1904//1904
f 1892//1892 1904//1904 1893//1893
f 2253//2253 2252//2252 2245//2245
f 2246//2246 2253//2253 2245//2245
f 1893//1893 1904//1904 1905//1905
f 1893//1893 1905//1905 1894//1894
f 2254//2254 2253//2253 2246//2246
f 2247//2247 2254//2254 2246//2246
f 1894//1894 1905//1905 1906//1906
f 1894//1894 1906//1906 1895//1895
f 2255//2255 2254//2254 2247//2247
f 2248//2248 2255//2255 2247//2247
f 1895//1895 1906//1906 1907//1907
f 1895//1895 1907//1907 1896//1896
f 2256//2256 2255//2255 2248//2248
f 2249//2249 2256//2256 2248//2248
f 1896//1896 1907//1907 1908//1908
f 1896//1896 1908//1908 1897//1897
f 2257//2257 2256//2256 2249//2249
f 2250//2250 2257//2257 2249//2249
f 1897//1897 1908//1908 1909//1909
f 1897//1897 1909//1909 1898//1898
f 2258//2258 2257//2257 2250//2250
f 1898//1898 2258//2258 2250//2250
f 1898//1898 1909//1909 1910//1910
f 1898//1898 1910//1910 1899//1899
f 1910//1910 2258//2258 1898//1898
f 1899//1899 1910//1910 1898//1898
f 1900//1900 1912//1912 1913//1913
f 1900//1900 1913//1913 1901//1901
f 2259//2259 1912//1912 1900//1900
f 1901//1901 2259//2259 1900//1900
f 1901//1901 1913//1913 1914//1914
f 1901//1901 1914//1914 1902//1902
f 2260//2260 2259//2259 1901//1901
f 2251//2251 2260//2260 1901//1901
f 1902//1902 1914//1914 1915//1915
f 1902//1902 1915//1915 1903//1903
f 2261//2261 2260//2260 2251//2251
f 2252//2252 2261//2261 2251//2251
f 1903//1903 1915//1915 1916//1916
f 1903//1903 1916//1916 1904//1904
f 2262//2262 2261//2261 2252//2252
f 2253//2253 2262//2262 2252//2252
f 1904//1904 1916//1916 1917//1917
f 1904//1904 1917//1917 1905//1905
f 2263//2263 2262//2262 2253//2253
f 2254//2254 2263//2263 2253//2253
f 1905//1905 1917//1917 1918//1918
f 1905//1905 1918//1918 1906//1906
f 2264//2264 2263//2263 2254//2254
f 2255//2255 2264//2264 2254//2254
f 1906//1906 1918//1918 1919//1919
f 1906//1906 1919//1919 1907//1907
f 2265//2265 2264//2264 2255//2255
f 2256//2256 2265//2265 2255//2255
f 1907//1907 1919//1919 1920//1920
f 1907//1907 1920//1920 1908//1908
f 2266//2266 2265//2265 2256//2256
f 2257//2257 2266//2266 2256//2256
f 1908//1908 1920//1920 1921//1921
f 1908//1908 1921//1921 1909//1909
f 2267//2267 2266//2266 2257//2257
f 2258//2258 2267//2267 2257//2257
f 1909//1909 1921//1921 1922//1922
f 1909//1909 1922//1922 1910//1910
f 2268//2268 2267//2267 2258//2258
f 1910//1910 2268//2268 2258//2258
f 1910//1910 1922//1922 1923//1923
f 1910//1910 1923//1923 1911//1911
f 1923//1923 2268//2268 1910//1910
f 1911//1911 1923//1923 1910//1910
f 1912//1912 1925//1925 1926//1926
f 1912//1912 1926//1926 1913//1913
f 2269//2269 1925//1925 1912//1912
f 2259//2259 2269//2269 1912//1912
f 1913//1913 1926//1926 1927//1927
f 1913//1913 1927//1927 1914//1914
f 2270//2270 2269//2269 2259//2259
f 2260//2260 2270//2270 2259//2259
f 1914//1914 1927//1927 1928//1928
f 1914//1914 1928//1928 1915//1915
f 2271//2271 2270//2270 2260//2260
f 2261//2261 2271//2271 2260//2260
f 1915//1915 1928//1928 1929//1929
f 1915//1915 1929//1929 1916//1916
f 2272//2272 2271//2271 2261//2261
f 2262//2262 2272//2272 2261//2261
f 1916//1916 1929//1929 1930//1930
f 1916//1916 1930//1930 1917//1917
f 2273//2273 2272//2272 2262//2262
f 2263//2263 2273//2273 2262//2262
f 1917//1917 1930//1930 1931//1931
f 1917//1917 1931//1931 1918//1918
f 2274//2274 2273//2273 2263//2263
f 2264//2264 2274//2274 2263//2263
f 1918//1918 1931//1931 1932//1932
f 1918//1918 1932//1932 1919//1919
f 2275//2275 2274//2274 2264//2264
f 2265//2265 2275//2275 2264//2264
f 1919//1919 1932//1932 1933//1933
f 1919//1919 1933//1933 1920//1920
f 2276//2276 2275//2275 2265//2265
f 2266//2266 2276//2276 2265//2265
f 1920//1920 1933//1933 1934//1934
f 1920//1920 1934//1934 1921//1921
f 2277//2277 2276//2276 2266//2266
f 2267//2267 2277//2277 2266//2266
f 1921//1921 1934//1934 1935//1935
f 1921//1921 1935//1935 1922//1922
f 2278//2278 2277//2277 2267//2267
f 2268//2268 2278//2278 2267//2267
f 1922//1922 1935//1935 1936//1936
f 1922//1922 1936//1936 1923//1923
f 1936//1936 2278//2278 2268//2268
f 1923//1923 1936//1936 2268//2268
f 1924//1924 1938//1938 1939//1939
f 1924//1924 1939//1939 1925//1925
f 2279//2279 1938//1938 1924//1924
f 1925//1925 2279//2279 1924//1924
f 1925//1925 1939//1939 1940//1940
f 1925//1925 1940//1940 1926//1926
f 2280//2280 2279//2279 1925//1925
f 2269//2269 2280//2280 1925//1925
f 1926//1926 1940//1940 1941//1941
f 1926//1926 1941//1941 1927//1927
f 2281//2281 2280//2280 2269//2269
f 2270//2270 2281//2281 2269//2269
f 1927//1927 1941//1941 1942//1942
f 1927//1927 1942//1942 1928//1928
f 2282//2282 2281//2281 2270//2270
f 2271//2271 2282//2282 2270//2270
f 1928//1928 1942//1942 1943//1943
f 1928//1928 1943//1943 1929//1929
f 2283//2283 2282//2282 2271//2271
f 2272//2272 2283//2283 2271//2271
f 1929//1929 1943//1943 1944//1944
f 1929//1929 1944//1944 1930//1930
f 2284//2284 2283//2283 2272//2272
f 2273//2273 2284//2284 2272//2272
f 1930//1930 1944//1944 1945//1945
f 1930//1930 1945//1945 1931//1931
f 2285//2285 2284//2284 2273//2273
f 2274//2274 2285//2285 2273//2273
f 1931//1931 1945//1945 1946//1946
f 1931//1931 1946//1946 1932//1932
f 2286//2286 2285//2285 2274//2274
f 2275//2275 2286//2286 2274//2274
f 1932//1932 1946//1946 1947//1947
f 1932//1932 1947//1947 1933//1933
f 2287//2287 2286//2286 2275//2275
f 2276//2276 2287//2287 2275//2275
f 1933//1933 1947//1947 1948//1948
f 1933//1933 1948//1948 1934//1934
f 2288//2288 2287//2287 2276//2276
f 2277//2277 2288//2288 2276//2276
f 1934//1934 1948//1948 1949//1949
f 1934//1934 1949//1949 1935//1935
f 2289//2289 2288//2288 2277//2277
f 2278//2278 2289//2289 2277//2277
f 1935//1935 1949//1949 1950//1950
f 1935//1935 1950//1950 1936//1936
f 2290//2290 2289//2289 2278//2278
f 1936//1936 2290//2290 2278//2278
f 1936//1936 1950//1950 1951//1951
f 1936//1936 1951//1951 1937//1937
f 1951//1951 2290//2290 1936//1936
f 1937//1937 1951//1951 1936//1936
f 1938//1938 1952//1952 1953//1953
f 1938//1938 1953//1953 1939//1939
f 1953//1953 1952//1952 1938//1938
f 2279//2279 1953//1953 1938//1938
f 1939//1939 1953//1953 1954//1954
f 1939//1939 1954//1954 1940//1940
f 2291//2291 1953//1953 2279//2279
f 2280//2280 2291//2291 2279//2279
f 1940//1940 1954//1954 1955//1955
f 1940//1940 1955//1955 1941//1941
f 2292//2292 2291//2291 2280//2280
f 2281//2281 2292//2292 2280//2280
f 1941//1941 1955//1955 1956//1956
f 1941//1941 1956//1956 1942//1942
f 2293//2293 2292//2292 2281//2281
f 2282//2282 2293//2293 2281//2281
f 1942//1942 1956//1956 1957//1957
f 1942//1942 1957//1957 1943//1943
f 2294//2294 2293//2293 2282//2282
f 2283//2283 2294//2294 2282//2282
f 1943//1943 1957//1957 1958//1958
f 1943//1943 1958//1958 1944//1944
f 2295//2295 2294//2294 2283//2283
f 2284//2284 2295//2295 2283//2283
f 1944//1944 1958//1958 1959//1959
f 1944//1944 1959//1959 1945//1945
f 2296//2296 2295//2295 2284//2284
f 2285//2285 2296//2296 2284//2284
f 1945//1945 1959//1959 1960//1960
f 1945//1945 1960//1960 1946//1946
f 2297//2297 2296//2296 2285//2285
f 2286//2286 2297//2297 2285//2285
f 1946//1946 1960//1960 1961//1961
f 1946//1946 1961//1961 1947//1947
f 2298//2298 2297//2297 2286//2286
f 2287//2287 2298//2298 2286//2286
f 1947//1947 1961//1961 1962//1962
f 1947//1947 1962//1962 1948//1948
f 2299//2299 2298//2298 2287//2287
f 2288//2288 2299//2299 2287//2287
f 1948//1948 1962//1962 1963//1963
f 1948//1948 1963//1963 1949//1949
f 2300//2300 2299//2299 2288//2288
f 2289//2289 2300//2300 2288//2288
f 1949//1949 1963//1963 1964//1964
f 1949//1949 1964//1964 1950//1950
f 1964//1964 2300//2300 2289//2289
f 2290//2290 1964//1964 2289//2289
f 1950//1950 1964//1964 1965//1965
f 1950//1950 1965//1965 1951//1951
f 1965//1965 1964//1964 2290//2290
f 1951//1951 1965//1965 2290//2290
f 1953//1953 1966//1966 1967//1967
f 1953//1953 1967//1967 1954//1954
f 1967//1967 1966//1966 1953//1953
f 2291//2291 1967//1967 1953//1953
f 1954//1954 1967//1967 1968//1968
f 1954//1954 1968//1968 1955//1955
f 2301//2301 1967//1967 2291//2291
f 2292//2292 2301//2301 2291//2291
f 1955//1955 1968//1968 1969//1969
f 1955//1955 1969//1969 1956//1956
f 2302//2302 2301//2301 2292//2292
f 2293//2293 2302//2302 2292//2292
f 1956//1956 1969//1969 1970//1970
f 1956//1956 1970//1970 1957//1957
f 2303//2303 2302//2302 2293//2293
f 2294//2294 2303//2303 2293//2293
f 1957//1957 1970//1970 1971//1971
f 1957//1957 1971//1971 1958//1958
f 2304//2304 2303//2303 2294//2294
f 2295//2295 2304//2304 2294//2294
f 1958//1958 1971//1971 1972//1972
f 1958//1958 1972//1972 1959//1959
f 2305//2305 2304//2304 2295//2295
f 2296//2296 2305//2305 2295//2295
f 1959//1959 1972//1972 1973//1973
f 1959//1959 1973//1973 1960//1960
f 2306//2306 2305//2305 2296//2296
f 2297//2297 2306//2306 2296//2296
f 1960//1960 1973//1973 1974//1974
f 1960//1960 1974//1974 1961//1961
f 2307//2307 2306//2306 2297//2297
f 2298//2298 2307//2307 2297//2297
f 1961//1961 1974//1974 1975//1975
f 1961//1961 1975//1975 1962//1962
f 2308//2308 2307//2307 2298//2298
f 2299//2299 2308//2308 2298//2298
f 1962//1962 1975//1975 1976//1976
f 1962//1962 1976//1976 1963//1963
f 2309//2309 2308//2308 2299//2299
f 2300//2300 2309//2309 2299//2299
f 1963//1963 1976//1976 1977//1977
f 1963//1963 1977//1977 1964//1964
f 1977//1977 2309//2309 2300//2300
f 1964//1964 1977//1977 2300//2300
f 1967//1967 1978//1978 1979//1979
f 1967//1967 1979//1979 1968//1968
f 2310//2310 1978//1978 1967//1967
f 2301//2301 2310//2310 1967//1967
f 1968//1968 1979//1979 1980//1980
f 1968//1968 1980//1980 1969//1969
f 2311//2311 2310//2310 2301//2301
f 2302//2302 2311//2311 2301//2301
f 1969//1969 1980//1980 1981//1981
f 1969//1969 1981//1981 1970//1970
f 2312//2312 2311//2311 2302//2302
f 2303//2303 2312//2312 2302//2302
f 1970//1970 1981//1981 1982//1982
f 1970//1970 1982//1982 1971//1971
f 2313//2313 2312//2312 2303//2303
f 2304//2304 2313//2313 2303//2303
f 1971//1971 1982//1982 1983//1983
f 1971//1971 1983//1983 1972//1972
f 2314//2314 2313//2313 2304//2304
f 2305//2305 2314//2314 2304//2304
f 1972//1972 1983//1983 1984//1984
f 1972//1972 1984//1984 1973//1973
f 2315//2315 2314//2314 2305//2305
f 2306//2306 2315//2315 2305//2305
f 1973//1973 1984//1984 1985//1985
f 1973//1973 1985//1985 1974//1974
f 2316//2316 2315//2315 2306//2306
f 2307//2307 2316//2316 2306//2306
f 1974//1974 1985//1985 1986//1986
f 1974//1974 1986//1986 1975//1975
f 2317//2317 2316//2316 2307//2307
f 2308//2308 2317//2317 2307//2307
f 1975//1975 1986//1986 1987//1987
f 1975//1975 1987//1987 1976//1976
f 1987//1987 2317//2317 2308//2308
f 2309//2309 1987//1987 2308//2308
f 1976//1976 1987//1987 1988//1988
f 1976//1976 1988//1988 1977//1977
f 1988//1988 1987//1987 2309//2309
f 1977//1977 1988//1988 2309//2309
f 1978//1978 1989//1989 1990//1990
f 1978//1978 1990//1990 1979//1979
f 1990//1990 1989//1989 1978//1978
f 2310//2310 1990//1990 1978//1978
f 1979//1979 1990//1990 1991//1991
f 1979//1979 1991//1991 1980//1980
f 2318//2318 1990//1990 2310//2310
f 2311//2311 2318//2318 2310//2310
f 1980//1980 1991//1991 1992//1992
f 1980//1980 1992//1992 1981//1981
f 2319//2319 2318//2318 2311//2311
f 2312//2312 2319//2319 2311//2311
f 1981//1981 1992//1992 1993//1993
f 1981//1981 1993//1993 1982//1982
f 2320//2320 2319//2319 2312//2312
f 2313//2313 2320//2320 2312//2312
f 1982//1982 1993//1993 1994//1994
f 1982//1982 1994//1994 1983//1983
f 2321//2321 2320//2320 2313//2313
f 2314//2314 2321//2321 2313//2313
f 1983//1983 1994//1994 1995//1995
f 1983//1983 1995//1995 1984//1984
f 2322//2322 2321//2321 2314//2314
f 2315//2315 2322//2322 2314//2314
f 1984//1984 1995//1995 1996//1996
f 1984//1984 1996//1996 1985//1985
f 2323//2323 2322//2322 2315//2315
f 2316//2316 2323//2323 2315//2315
f 1985//1985 1996//1996 1997//1997
f 1985//1985 1997//1997 1986//1986
f 1997//1997 2323//2323 2316//2316
f 2317//2317 1997//1997 2316//2316
f 1986//1986 1997//1997 1998//1998
f 1986//1986 1998//1998 1987//1987
f 1998//1998 1997//1997 2317//2317
f 1987//1987 1998//1998 2317//2317
f 1990//1990 1999//1999 2000//2000
f 1990//1990 2000//2000 1991//1991
f 2324//2324 1999//1999 1990//1990
f 2318//2318 2324//2324 1990//1990
f 1991//1991 2000//2000 2001//2001
f 1991//1991 2001//2001 1992//1992
f 2325//2325 2324//2324 2318//2318
f 2319//2319 2325//2325 2318//2318
f 1992//1992 2001//2001 2002//2002
f 1992//1992 2002//2002 1993//1993
f 2326//2326 2325//2325 2319//2319
f 2320//2320 2326//2326 2319//2319
f 1993//1993 2002//2002 2003//2003
f 1993//1993 2003//2003 1994//1994
f 2327//2327 2326//2326 2320//2320
f 2321//2321 2327//2327 2320//2320
f 1994//1994 2003//2003 2004//2004
f 1994//1994 2004//2004 1995//1995
f 2328//2328 2327//2327 2321//2321
f 2322//2322 2328//2328 2321//2321
f 1995//1995 2004//2004 2005//2005
f 1995//1995 2005//2005 1996//1996
f 2329//2329 2328//2328 2322//2322
f 2323//2323 2329//2329 2322//2322
f 1996//1996 2005//2005 2006//2006
f 1996//1996 2006//2006 1997//1997
f 2006//2006 2329//2329 2323//2323
f 1997//1997 2006//2006 2323//2323
f 1999//1999 2007//2007 2008//2008
f 1999//1999 2008//2008 2000//2000
f 2008//2008 2007//2007 1999//1999
f 2324//2324 2008//2008 1999//1999
f 2000//2000 2008//2008 2009//2009
f 2000//2000 2009//2009 2001//2001
f 2330//2330 2008//2008 2324//2324
f 2325//2325 2330//2330 2324//2324
f 2001//2001 2009//2009 2010//2010
f 2001//2001 2010//2010 2002//2002
f 2331//2331 2330//2330 2325//2325
f 2326//2326 2331//2331 2325//2325
f 2002//2002 2010//2010 2011//2011
f 2002//2002 2011//2011 2003//2003
f 2332//2332 2331//2331 2326//2326
f 2327//2327 2332//2332 2326//2326
f 2003//2003 2011//2011 2012//2012
f 2003//2003 2012//2012 2004//2004
f 2333//2333 2332//2332 2327//2327
f 2328//2328 2333//2333 2327//2327
f 2004//2004 2012//2012 2013//2013
f 2004//2004 2013//2013 2005//2005
f 2013//2013 2333//2333 2328//2328
f 2329//2329 2013//2013 2328//2328
f 2005//2005 2013//2013 2014//2014
f 2005//2005 2014//2014 2006//2006
f 2014//2014 2013//2013 2329//2329
f 2006//2006 2014//2014 2329//2329
f 2008//2008 2016//2016 2017//2017
f 2008//2008 2017//2017 2009//2009
f 2334//2334 2016//2016 2008//2008
f 2330//2330 2334//2334 2008//2008
f 2009//2009 2017//2017 2018//2018
f 2009//2009 2018//2018 2010//2010
f 2335//2335 2334//2334 2330//2330
f 2331//2331 2335//2335 2330//2330
f 2010//2010 2018//2018 2019//2019
f 2010//2010 2019//2019 2011//2011
f 2336//2336 2335//2335 2331//2331
f 2332//2332 2336//2336 2331//2331
f 2011//2011 2019//2019 2020//2020
f 2011//2011 2020//2020 2012//2012
f 2337//2337 2336//2336 2332//2332
f 2333//2333 2337//2337 2332//2332
f 2012//2012 2020//2020 2021//2021
f 2012//2012 2021//2021 2013//2013
f 2021//2021 2337//2337 2333//2333
f 2013//2013 2021//2021 2333//2333
f 2015//2015 2023//2023 2024//2024
f 2015//2015 2024//2024 2016//2016
f 2338//2338 2023//2023 2015//2015
f 2016//2016 2338//2338 2015//2015
f 2016//2016 2024//2024 2025//2025
f 2016//2016 2025//2025 2017//2017
f 2339//2339 2338//2338 2016//2016
f 2334//2334 2339//2339 2016//2016
f 2017//2017 2025//2025 2026//2026
f 2017//2017 2026//2026 2018//2018
f 2340//2340 2339//2339 2334//2334
f 2335//2335 2340//2340 2334//2334
f 2018//2018 2026//2026 2027//2027
f 2018//2018 2027//2027 2019//2019
f 2341//2341 2340//2340 2335//2335
f 2336//2336 2341//2341 2335//2335
f 2019//2019 2027//2027 2028//2028
f 2019//2019 2028//2028 2020//2020
f 2342//2342 2341//2341 2336//2336
f 2337//2337 2342//2342 2336//2336
f 2020//2020 2028//2028 2029//2029
f 2020//2020 2029//2029 2021//2021
f 2343//2343 2342//2342 2337//2337
f 2021//2021 2343//2343 2337//2337
f 2021//2021 2029//2029 2030//2030
f 2021//2021 2030//2030 2022//2022
f 2030//2030 2343//2343 2021//2021
f 2022//2022 2030//2030 2021//2021
f 2023//2023 2032//2032 2033//2033
f 2023//2023 2033//2033 2024//2024
f 2344//2344 2032//2032 2023//2023
f 2338//2338 2344//2344 2023//2023
f 2024//2024 2033//2033 2034//2034
f 2024//2024 2034//2034 2025//2025
f 2345//2345 2344//2344 2338//2338
f 2339//2339 2345//2345 2338//2338
f 2025//2025 2034//2034 2035//2035
f 2025//2025 2035//2035 2026//2026
f 2346//2346 2345//2345 2339//2339
f 2340//2340 2346//2346 2339//2339
f 2026//2026 2035//2035 2036//2036
f 2026//2026 2036//2036 2027//2027
f 2347//2347 2346//2346 2340//2340
f 2341//2341 2347//2347 2340//2340
f 2027//2027 2036//2036 2037//2037
f 2027//2027 2037//2037 2028//2028
f 2348//2348 2347//2347 2341//2341
f 2342//2342 2348//2348 2341//2341
f 2028//2028 2037//2037 2038//2038
f 2028//2028 2038//2038 2029//2029
f 2349//2349 2348//2348 2342//2342
f 2343//2343 2349//2349 2342//2342
f 2029//2029 2038//2038 2039//2039
f 2029//2029 2039//2039 2030//2030
f 2039//2039 2349//2349 2343//2343
f 2030//2030 2039//2039 2343//2343
f 2031//2031 2042//2042 2043//2043
f 2031//2031 2043//2043 2032//2032
f 2350//2350 2042//2042 2031//2031
f 2032//2032 2350//2350 2031//2031
f 2032//2032 2043//2043 2044//2044
f 2032//2032 2044//2044 2033//2033
f 2351//2351 2350//2350 2032//2032
f 2344//2344 2351//2351 2032//2032
f 2033//2033 2044//2044 2045//2045
f 2033//2033 2045//2045 2034//2034
f 2352//2352 2351//2351 2344//2344
f 2345//2345 2352//2352 2344//2344
f 2034//2034 2045//2045 2046//2046
f 2034//2034 2046//2046 2035//2035
f 2353//2353 2352//2352 2345//2345
f 2346//2346 2353//2353 2345//2345
f 2035//2035 2046//2046 2047//2047
f 2035//2035 2047//2047 2036//2036
f 2354//2354 2353//2353 2346//2346
f 2347//2347 2354//2354 2346//2346
f 2036//2036 2047//2047 2048//2048
f 2036//2036 2048//2048 2037//2037
f 2355//2355 2354//2354 2347//2347
f 2348//2348 2355//2355 2347//2347
f 2037//2037 2048//2048 2049//2049
f 2037//2037 2049//2049 2038//2038
f 2356//2356 2355//2355 2348//2348
f 2349//2349 2356//2356 2348//2348
f 2038//2038 2049//2049 2050//2050
f 2038//2038 2050//2050 2039//2039
f 2357//2357 2356//2356 2349//2349
f 2039//2039 2357//2357 2349//2349
f 2039//2039 2050//2050 2051//2051
f 2039//2039 2051//2051 2040//2040
f 2051//2051 2357//2357 2039//2039
f 2040//2040 2051//2051 2039//2039
f 2041//2041 2053//2053 2054//2054
f 2041//2041 2054//2054 2042//2042
f 2358//2358 2053//2053 2041//2041
f 2042//2042 2358//2358 2041//2041
f 2042//2042 2054//2054 2055//2055
f 2042//2042 2055//2055 2043//2043
f 2359//2359 2358//2358 2042//2042
f 2350//2350 2359//2359 2042//2042
f 2043//2043 2055//2055 2056//2056
f 2043//2043 2056//2056 2044//2044
f 2360//2360 2359//2359 2350//2350
f 2351//2351 2360//2360 2350//2350
f 2044//2044 2056//2056 2057//2057
f 2044//2044 2057//2057 2045//2045
f 2361//2361 2360//2360 2351//2351
f 2352//2352 2361//2361 2351//2351
f 2045//2045 2057//2057 2058//2058
f 2045//2045 2058//2058 2046//2046
f 2362//2362 2361//2361 2352//2352
f 2353//2353 2362//2362 2352//2352
f 2046//2046 2058//2058 2059//2059
f 2046//2046 2059//2059 2047//2047
f 2363//2363 2362//2362 2353//2353
f 2354//2354 2363//2363 2353//2353
f 2047//2047 2059//2059 2060//2060
f 2047//2047 2060//2060 2048//2048
f 2364//2364 2363//2363 2354//2354
f 2355//2355 2364//2364 2354//2354
f 2048//2048 2060//2060 2061//2061
f 2048//2048 2061//2061 2049//2049
f 2365//2365 2364//2364 2355//2355
f 2356//2356 2365//2365 2355//2355
f 2049//2049 2061//2061 2062//2062
f 2049//2049 2062//2062 2050//2050
f 2366//2366 2365//2365 2356//2356
f 2357//2357 2366//2366 2356//2356
f 2050//2050 2062//2062 2063//2063
f 2050//2050 2063//2063 2051//2051
f 2367//2367 2366//2366 2357//2357
f 2051//2051 2367//2367 2357//2357
f 2051//2051 2063//2063 2064//2064
f 2051//2051 2064//2064 2052//2052
f 2064//2064 2367//2367 2051//2051
f 2052//2052 2064//2064 2051//2051
f 2053//2053 2066//2066 2067//2067
f 2053//2053 2067//2067 2054//2054
f 2368//2368 2066//2066 2053//2053
f 2358//2358 2368//2368 2053//2053
f 2054//2054 2067//2067 2068//2068
f 2054//2054 2068//2068 2055//2055
f 2369//2369 2368//2368 2358//2358
f 2359//2359 2369//2369 2358//2358
f 2055//2055 2068//2068 2069//2069
f 2055//2055 2069//2069 2056//2056
f 2370//2370 2369//2369 2359//2359
f 2360//2360 2370//2370 2359//2359
f 2056//2056 2069//2069 2070//2070
f 2056//2056 2070//2070 2057//2057
f 2371//2371 2370//2370 2360//2360
f 2361//2361 2371//2371 2360//2360
f 2057//2057 2070//2070 2071//2071
f 2057//2057 2071//2071 2058//2058
f 2372//2372 2371//2371 2361//2361
f 2362//2362 2372//2372 2361//2361
f 2058//2058 2071//2071 2072//2072
f 2058//2058 2072//2072 2059//2059
f 2373//2373 2372//2372 2362//2362
f 2363//2363 2373//2373 2362//2362
f 2059//2059 2072//2072 2073//2073
f 2059//2059 2073//2073 2060//2060
f 2374//2374 2373//2373 2363//2363
f 2364//2364 2374//2374 2363//2363
f 2060//2060 2073//2073 2074//2074
f 2060//2060 2074//2074 2061//2061
f 2375//2375 2374//2374 2364//2364
f 2365//2365 2375//2375 2364//2364
f 2061//2061 2074//2074 2075//2075
f 2061//2061 2075//2075 2062//2062
f 2376//2376 2375//2375 2365//2365
f 2366//2366 2376//2376 2365//2365
f 2062//2062 2075//2075 2076//2076
f 2062//2062 2076//2076 2063//2063
f 2377//2377 2376//2376 2366//2366
f 2367//2367 2377//2377 2366//2366
f 2063//2063 2076//2076 2077//2077
f 2063//2063 2077//2077 2064//2064
f 2077//2077 2377//2377 2367//2367
f 2064//2064 2077//2077 2367//2367
f 2065//2065 2079//2079 2080//2080
f 2065//2065 2080//2080 2066//2066
f 2378//2378 2079//2079 2065//2065
f 2066//2066 2378//2378 2065//2065
f 2066//2066 2080//2080 2081//2081
f 2066//2066 2081//2081 2067//2067
f 2379//2379 2378//2378 2066//2066
f 2368//2368 2379//2379 2066//2066
f 2067//2067 2081//2081 2082//2082
f 2067//2067 2082//2082 2068//2068
f 2380//2380 2379//2379 2368//2368
f 2369//2369 2380//2380 2368//2368
f 2068//2068 2082//2082 2083//2083
f 2068//2068 2083//2083 2069//2069
f 2381//2381 2380//2380 2369//2369
f 2370//2370 2381//2381 2369//2369
f 2069//2069 2083//2083 2084//2084
f 2069//2069 2084//2084 2070//2070
f 2382//2382 2381//2381 2370//2370
f 2371//2371 2382//2382 2370//2370
f 2070//2070 2084//2084 2085//2085
f 2070//2070 2085//2085 2071//2071
f 2383//2383 2382//2382 2371//2371
f 2372//2372 2383//2383 2371//2371
f 2071//2071 2085//2085 2086//2086
f 2071//2071 2086//2086 2072//2072
f 2384//2384 2383//2383 2372//2372
f 2373//2373 2384//2384 2372//2372
f 2072//2072 2086//2086 2087//2087
f 2072//2072 2087//2087 2073//2073
f 2385//2385 2384//2384 2373//2373
f 2374//2374 2385//2385 2373//2373
f 2073//2073 2087//2087 2088//2088
f 2073//2073 2088//2088 2074//2074
f 2386//2386 2385//2385 2374//2374
f 2375//2375 2386//2386 2374//2374
f 2074//2074 2088//2088 2089//2089
f 2074//2074 2089//2089 2075//2075
f 2387//2387 2386//2386 2375//2375
f 2376//2376 2387//2387 2375//2375
f 2075//2075 2089//2089 2090//2090
f 2075//2075 2090//2090 2076//2076
f 2388//2388 2387//2387 2376//2376
f 2377//2377 2388//2388 2376//2376
f 2076//2076 2090//2090 2091//2091
f 2076//2076 2091//2091 2077//2077
f 2389//2389 2388//2388 2377//2377
f 2077//2077 2389//2389 2377//2377
f 2077//2077 2091//2091 2092//2092
f 2077//2077 2092//2092 2078//2078
f 2092//2092 2389//2389 2077//2077
f 2078//2078 2092//2092 2077//2077
f 2079//2079 2093//2093 2094//2094
f 2079//2079 2094//2094 2080//2080
f 2094//2094 2093//2093 2079//2079
f 2378//2378 2094//2094 2079//2079
f 2080//2080 2094//2094 2095//2095
f 2080//2080 2095//2095 2081//2081
f 2390//2390 2094//2094 2378//2378
f 2379//2379 2390//2390 2378//2378
f 2081//2081 2095//2095 2096//2096
f 2081//2081 2096//2096 2082//2082
f 2391//2391 2390//2390 2379//2379
f 2380//2380 2391//2391 2379//2379
f 2082//2082 2096//2096 2097//2097
f 2082//2082 2097//2097 2083//2083
f 2392//2392 2391//2391 2380//2380
f 2381//2381 2392//2392 2380//2380
f 2083//2083 2097//2097 2098//2098
f 2083//2083 2098//2098 2084//2084
f 2393//2393 2392//2392 2381//2381
f 2382//2382 2393//2393 2381//2381
f 2084//2084 2098//2098 2099//2099
f 2084//2084 2099//2099 2085//2085
f 2394//2394 2393//2393 2382//2382
f 2383//2383 2394//2394 2382//2382
f 2085//2085 2099//2099 2100//2100
f 2085//2085 2100//2100 2086//2086
f 2395//2395 2394//2394 2383//2383
f 2384//2384 2395//2395 2383//2383
f 2086//2086 2100//2100 2101//2101
f 2086//2086 2101//2101 2087//2087
f 2396//2396 2395//2395 2384//2384
f 2385//2385 2396//2396 2384//2384
f 2087//2087 2101//2101 2102//2102
f 2087//2087 2102//2102 2088//2088
f 2397//2397 2396//2396 2385//2385
f 2386//2386 2397//2397 2385//2385
f 2088//2088 2102//2102 2103//2103
f 2088//2088 2103//2103 2089//2089
f 2398//2398 2397//2397 2386//2386
f 2387//2387 2398//2398 2386//2386
f 2089//2089 2103//2103 2104//2104
f 2089//2089 2104//2104 2090//2090
f 2399//2399 2398//2398 2387//2387
f 2388//2388 2399//2399 2387//2387
f 2090//2090 2104//2104 2105//2105
f 2090//2090 2105//2105 2091//2091
f 2105//2105 2399//2399 2388//2388
f 2389//2389 2105//2105 2388//2388
f 2091//2091 2105//2105 2106//2106
f 2091//2091 2106//2106 2092//2092
f 2106//2106 2105//2105 2389//2389
f 2092//2092 2106//2106 2389//2389
f 2094//2094 2107//2107 2108//2108
f 2094//2094 2108//2108 2095//2095
f 2108//2108 2107//2107 2094//2094
f 2390//2390 2108//2108 2094//2094
f 2095//2095 2108//2108 2109//2109
f 2095//2095 2109//2109 2096//2096
f 2400//2400 2108//2108 2390//2390
f 2391//2391 2400//2400 2390//2390
f 2096//2096 2109//2109 2110//2110
f 2096//2096 2110//2110 2097//2097
f 2401//2401 2400//2400 2391//2391
f 2392//2392 2401//2401 2391//2391
f 2097//2097 2110//2110 2111//2111
f 2097//2097 2111//2111 2098//2098
f 2402//2402 2401//2401 2392//2392
f 2393//2393 2402//2402 2392//2392
f 2098//2098 2111//2111 2112//2112
f 2098//2098 2112//2112 2099//2099
f 2403//2403 2402//2402 2393//2393
f 2394//2394 2403//2403 2393//2393
f 2099//2099 2112//2112 2113//2113
f 2099//2099 2113//2113 2100//2100
f 2404//2404 2403//2403 2394//2394
f 2395//2395 2404//2404 2394//2394
f 2100//2100 2113//2113 2114//2114
f 2100//2100 2114//2114 2101//2101
f 2405//2405 2404//2404 2395//2395
f 2396//2396 2405//2405 2395//2395
f 2101//2101 2114//2114 2115//2115
f 2101//2101 2115//2115 2102//2102
f 2406//2406 2405//2405 2396//2396
f 2397//2397 2406//2406 2396//2396
f 2102//2102 2115//2115 2116//2116
f 2102//2102 2116//2116 2103//2103
f 2407//2407 2406//2406 2397//2397
f 2398//2398 2407//2407 2397//2397
f 2103//2103 2116//2116 2117//2117
f 2103//2103 2117//2117 2104//2104
f 2117//2117 2407//2407 2398//2398
f 2399//2399 2117//2117 2398//2398
f 2104//2104 2117//2117 2118//2118
f 2104//2104 2118//2118 2105//2105
f 2118//2118 2117//2117 2399//2399
f 2105//2105 2118//2118 2399//2399
f 2108//2108 2119//2119 2120//2120
f 2108//2108 2120//2120 2109//2109
f 2120//2120 2119//2119 2108//2108
f 2400//2400 2120//2120 2108//2108
f 2109//2109 2120//2120 2121//2121
f 2109//2109 2121//2121 2110//2110
f 2408//2408 2120//2120 2400//2400
f 2401//2401 2408//2408 2400//2400
f 2110//2110 2121//2121 2122//2122
f 2110//2110 2122//2122 2111//2111
f 2409//2409 2408//2408 2401//2401
f 2402//2402 2409//2409 2401//2401
f 2111//2111 2122//2122 2123//2123
f 2111//2111 2123//2123 2112//2112
f 2410//2410 2409//2409 2402//2402
f 2403//2403 2410//2410 2402//2402
f 2112//2112 2123//2123 2124//2124
f 2112//2112 2124//2124 2113//2113
f 2411//2411 2410//2410 2403//2403
f 2404//2404 2411//2411 2403//2403
f 2113//2113 2124//2124 2125//2125
f 2113//2113 2125//2125 2114//2114
f 2412//2412 2411//2411 2404//2404
f 2405//2405 2412//2412 2404//2404
f 2114//2114 2125//2125 2126//2126
f 2114//2114 2126//2126 2115//2115
f 2413//2413 2412//2412 2405//2405
f 2406//2406 2413//2413 2405//2405
f 2115//2115 2126//2126 2127//2127
f 2115//2115 2127//2127 2116//2116
f 2127//2127 2413//2413 2406//2406
f 2407//2407 2127//2127 2406//2406
f 2116//2116 2127//2127 2128//2128
f 2116//2116 2128//2128 2117//2117
f 2128//2128 2127//2127 2407//2407
f 2117//2117 2128//2128 2407//2407
f 2120//2120 2129//2129 2130//2130
f 2120//2120 2130//2130 2121//2121
f 2130//2130 2129//2129 2120//2120
f 2408//2408 2130//2130 2120//2120
f 2121//2121 2130//2130 2131//2131
f 2121//2121 2131//2131 2122//2122
f 2414//2414 2130//2130 2408//2408
f 2409//2409 2414//2414 2408//2408
f 2122//2122 2131//2131 2132//2132
f 2122//2122 2132//2132 2123//2123
f 2415//2415 2414//2414 2409//2409
f 2410//2410 2415//2415 2409//2409
f 2123//2123 2132//2132 2133//2133
f 2123//2123 2133//2133 2124//2124
f 2416//2416 2415//2415 2410//2410
f 2411//2411 2416//2416 2410//2410
f 2124//2124 2133//2133 2134//2134
f 2124//2124 2134//2134 2125//2125
f 2417//2417 2416//2416 2411//2411
f 2412//2412 2417//2417 2411//2411
f 2125//2125 2134//2134 2135//2135
f 2125//2125 2135//2135 2126//2126
f 2135//2135 2417//2417 2412//2412
f 2413//2413 2135//2135 2412//2412
f 2126//2126 2135//2135 2136//2136
f 2126//2126 2136//2136 2127//2127
f 2136//2136 2135//2135 2413//2413
f 2127//2127 2136//2136 2413//2413
f 2130//2130 2137//2137 2138//2138
f 2130//2130 2138//2138 2131//2131
f 2138//2138 2137//2137 2130//2130
f 2414//2414 2138//2138 2130//2130
f 2131//2131 2138//2138 2139//2139
f 2131//2131 2139//2139 2132//2132
f 2418//2418 2138//2138 2414//2414
f 2415//2415 2418//2418 2414//2414
f 2132//2132 2139//2139 2140//2140
f 2132//2132 2140//2140 2133//2133
f 2419//2419 2418//2418 2415//2415
f 2416//2416 2419//2419 2415//2415
f 2133//2133 2140//2140 2141//2141
f 2133//2133 2141//2141 2134//2134
f 2141//2141 2419//2419 2416//2416
f 2417//2417 2141//2141 2416//2416
f 2134//2134 2141//2141 2142//2142
f 2134//2134 2142//2142 2135//2135
f 2142//2142 2141//2141 2417//2417
f 2135//2135 2142//2142 2417//2417
f 2138//2138 2143//2143 2144//2144
f 2138//2138 2144//2144 2139//2139
f 2144//2144 2143//2143 2138//2138
f 2418//2418 2144//2144 2138//2138
f 2139//2139 2144//2144 2145//2145
f 2139//2139 2145//2145 2140//2140
f 2145//2145 2144//2144 2418//2418
f 2419//2419 2145//2145 2418//2418
f 2140//2140 2145//2145 2146//2146
f 2140//2140 2146//2146 2141//2141
f 2146//2146 2145//2145 2419//2419
f 2141//2141 2146//2146 2419//2419
f 2420//2420 2425//2425 2426//2426
f 2420//2420 2426//2426 2421//2421
f 3090//3090 2425//2425 2420//2420
f 2421//2421 3090//3090 2420//2420
f 2421//2421 2426//2426 2427//2427
f 2421//2421 2427//2427 2422//2422
f 3091//3091 3090//3090 2421//2421
f 2422//2422 3091//3091 2421//2421
f 2422//2422 2427//2427 2428//2428
f 2422//2422 2428//2428 2423//2423
f 2428//2428 3091//3091 2422//2422
f 2423//2423 2428//2428 2422//2422
f 2424//2424 2431//2431 2432//2432
f 2424//2424 2432//2432 2425//2425
f 3092//3092 2431//2431 2424//2424
f 2425//2425 3092//3092 2424//2424
f 2425//2425 2432//2432 2433//2433
f 2425//2425 2433//2433 2426//2426
f 3093//3093 3092//3092 2425//2425
f 3090//3090 3093//3093 2425//2425
f 2426//2426 2433//2433 2434//2434
f 2426//2426 2434//2434 2427//2427
f 3094//3094 3093//3093 3090//3090
f 3091//3091 3094//3094 3090//3090
f 2427//2427 2434//2434 2435//2435
f 2427//2427 2435//2435 2428//2428
f 3095//3095 3094//3094 3091//3091
f 2428//2428 3095//3095 3091//3091
f 2428//2428 2435//2435 2436//2436
f 2428//2428 2436//2436 2429//2429
f 2436//2436 3095//3095 2428//2428
f 2429//2429 2436//2436 2428//2428
f 2430//2430 2439//2439 2440//2440
f 2430//2430 2440//2440 2431//2431
f 3096//3096 2439//2439 2430//2430
f 2431//2431 3096//3096 2430//2430
f 2431//2431 2440//2440 2441//2441
f 2431//2431 2441//2441 2432//2432
f 3097//3097 3096//3096 2431//2431
f 3092//3092 3097//3097 2431//2431
f 2432//2432 2441//2441 2442//2442
f 2432//2432 2442//2442 2433//2433
f 3098//3098 3097//3097 3092//3092
f 3093//3093 3098//3098 3092//3092
f 2433//2433 2442//2442 2443//2443
f 2433//2433 2443//2443 2434//2434
f 3099//3099 3098//3098 3093//3093
f 3094//3094 3099//3099 3093//3093
f 2434//2434 2443//2443 2444//2444
f 2434//2434 2444//2444 2435//2435
f 3100//3100 3099//3099 3094//3094
f 3095//3095 3100//3100 3094//3094
f 2435//2435 2444//2444 2445//2445
f 2435//2435 2445//2445 2436//2436
f 3101//3101 3100//3100 3095//3095
f 2436//2436 3101//3101 3095//3095
f 2436//2436 2445//2445 2446//2446
f 2436//2436 2446//2446 2437//2437
f 2446//2446 3101//3101 2436//2436
f 2437//2437 2446//2446 2436//2436
f 2438//2438 2449//2449 2450//2450
f 2438//2438 2450//2450 2439//2439
f 3102//3102 2449//2449 2438//2438
f 2439//2439 3102//3102 2438//2438
f 2439//2439 2450//2450 2451//2451
f 2439//2439 2451//2451 2440//2440
f 3103//3103 3102//3102 2439//2439
f 3096//3096 3103//3103 2439//2439
f 2440//2440 2451//2451 2452//2452
f 2440//2440 2452//2452 2441//2441
f 3104//3104 3103//3103 3096//3096
f 3097//3097 3104//3104 3096//3096
f 2441//2441 2452//2452 2453//2453
f 2441//2441 2453//2453 2442//2442
f 3105//3105 3104//3104 3097//3097
f 3098//3098 3105//3105 3097//3097
f 2442//2442 2453//2453 2454//2454
f 2442//2442 2454//2454 2443//2443
f 3106//3106 3105//3105 3098//3098
f 3099//3099 3106//3106 3098//3098
f 2443//2443 2454//2454 2455//2455
f 2443//2443 2455//2455 2444//2444
f 3107//3107 3106//3106 3099//3099
f 3100//3100 3107//3107 3099//3099
f 2444//2444 2455//2455 2456//2456
f 2444//2444 2456//2456 2445//2445
f 3108//3108 3107//3107 3100//3100
f 3101//3101 3108//3108 3100//3100
f 2445//2445 2456//2456 2457//2457
f 2445//2445 2457//2457 2446//2446
f 3109//3109 3108//3108 3101//3101
f 2446//2446 3109//3109 3101//3101
f 2446//2446 2457//2457 2458//2458
f 2446//2446 2458//2458 2447//2447
f 2458//2458 3109//3109 2446//2446
f 2447//2447 2458//2458 2446//2446
f 2448//2448 2460//2460 2461//2461
f 2448//2448 2461//2461 2449//2449
f 3110//3110 2460//2460 2448//2448
f 2449//2449 3110//3110 2448//2448
f 2449//2449 2461//2461 2462//2462
f 2449//2449 2462//2462 2450//2450
f 3111//3111 3110//3110 2449//2449
f 3102//3102 3111//3111 2449//2449
f 2450//2450 2462//2462 2463//2463
f 2450//2450 2463//2463 2451//2451
f 3112//3112 3111//3111 3102//3102
f 3103//3103 3112//3112 3102//3102
f 2451//2451 2463//2463 2464//2464
f 2451//2451 2464//2464 2452//2452
f 3113//3113 3112//3112 3103//3103
f 3104//3104 3113//3113 3103//3103
f 2452//2452 2464//2464 2465//2465
f 2452//2452 2465//2465 2453//2453
f 3114//3114 3113//3113 3104//3104
f 3105//3105 3114//3114 3104//3104
f 2453//2453 2465//2465 2466//2466
f 2453//2453 2466//2466 2454//2454
f 3115//3115 3114//3114 3105//3105
f 3106//3106 3115//3115 3105//3105
f 2454//2454 2466//2466 2467//2467
f 2454//2454 2467//2467 2455//2455
f 3116//3116 3115//3115 3106//3106
f 3107//3107 3116//3116 3106//3106
f 2455//2455 2467//2467 2468//2468
f 2455//2455 2468//2468 2456//2456
f 3117//3117 3116//3116 3107//3107
f 3108//3108 3117//3117 3107//3107
f 2456//2456 2468//2468 2469//2469
f 2456//2456 2469//2469 2457//2457
f 3118//3118 3117//3117 3108//3108
f 3109//3109 3118//3118 3108//3108
f 2457//2457 2469//2469 2470//2470
f 2457//2457 2470//2470 2458//2458
f 3119//3119 3118//3118 3109//3109
f 2458//2458 3119//3119 3109//3109
f 2458//2458 2470//2470 2471//2471
f 2458//2458 2471//2471 2459//2459
f 2471//2471 3119//3119 2458//2458
f 2459//2459 2471//2471 2458//2458
f 2460//2460 2473//2473 2474//2474
f 2460//2460 2474//2474 2461//2461
f 3120//3120 2473//2473 2460//2460
f 3110//3110 3120//3120 2460//2460
f 2461//2461 2474//2474 2475//2475
f 2461//2461 2475//2475 2462//2462
f 3121//3121 3120//3120 3110//3110
f 3111//3111 3121//3121 3110//3110
f 2462//2462 2475//2475 2476//2476
f 2462//2462 2476//2476 2463//2463
f 3122//3122 3121//3121 3111//3111
f 3112//3112 3122//3122 3111//3111
f 2463//2463 2476//2476 2477//2477
f 2463//2463 2477//2477 2464//2464
f 3123//3123 3122//3122 3112//3112
f 3113//3113 3123//3123 3112//3112
f 2464//2464 2477//2477 2478//2478
f 2464//2464 2478//2478 2465//2465
f 3124//3124 3123//3123 3113//3113
f 3114//3114 3124//3124 3113//3113
f 2465//2465 2478//2478 2479//2479
f 2465//2465 2479//2479 2466//2466
f 3125//3125 3124//3124 3114//3114
f 3115//3115 3125//3125 3114//3114
f 2466//2466 2479//2479 2480//2480
f 2466//2466 2480//2480 2467//2467
f 3126//3126 3125//3125 3115//3115
f 3116//3116 3126//3126 3115//3115
f 2467//2467 2480//2480 2481//2481
f 2467//2467 2481//2481 2468//2468
f 3127//3127 3126//3126 3116//3116
f 3117//3117 3127//3127 3116//3116
f 2468//2468 2481//2481 2482//2482
f 2468//2468 2482//2482 2469//2469
f 3128//3128 3127//3127 3117//3117
f 3118//3118 3128//3128 3117//3117
f 2469//2469 2482//2482 2483//2483
f 2469//2469 2483//2483 2470//2470
f 3129//3129 3128//3128 3118//3118
f 3119//3119 3129//3129 3118//3118
f 2470//2470 2483//2483 2484//2484
f 2470//2470 2484//2484 2471//2471
f 3130//3130 3129//3129 3119//3119
f 2471//2471 3130//3130 3119//3119
f 2471//2471 2484//2484 2485//2485
f 2471//2471 2485//2485 2472//2472
f 2485//2485 3130//3130 2471//2471
f 2472//2472 2485//2485 2471//2471
f 2473//2473 2486//2486 2487//2487
f 2473//2473 2487//2487 2474//2474
f 3131//3131 2486//2486 2473//2473
f 3120//3120 3131//3131 2473//2473
f 2474//2474 2487//2487 2488//2488
f 2474//2474 2488//2488 2475//2475
f 3132//3132 3131//3131 3120//3120
f 3121//3121 3132//3132 3120//3120
f 2475//2475 2488//2488 2489//2489
f 2475//2475 2489//2489 2476//2476
f 3133//3133 3132//3132 3121//3121
f 3122//3122 3133//3133 3121//3121
f 2476//2476 2489//2489 2490//2490
f 2476//2476 2490//2490 2477//2477
f 3134//3134 3133//3133 3122//3122
f 3123//3123 3134//3134 3122//3122
f 2477//2477 2490//2490 2491//2491
f 2477//2477 2491//2491 2478//2478
f 3135//3135 3134//3134 3123//3123
f 3124//3124 3135//3135 3123//3123
f 2478//2478 2491//2491 2492//2492
f 2478//2478 2492//2492 2479//2479
f 3136//3136 3135//3135 3124//3124
f 3125//3125 3136//3136 3124//3124
f 2479//2479 2492//2492 2493//2493
f 2479//2479 2493//2493 2480//2480
f 3137//3137 3136//3136 3125//3125
f 3126//3126 3137//3137 3125//3125
f 2480//2480 2493//2493 2494//2494
f 2480//2480 2494//2494 2481//2481
f 3138//3138 3137//3137 3126//3126
f 3127//3127 3138//3138 3126//3126
f 2481//2481 2494//2494 2495//2495
f 2481//2481 2495//2495 2482//2482
f 3139//3139 3138//3138 3127//3127
f 3128//3128 3139//3139 3127//3127
f 2482//2482 2495//2495 2496//2496
f 2482//2482 2496//2496 2483//2483
f 3140//3140 3139//3139 3128//3128
f 3129//3129 3140//3140 3128//3128
f 2483//2483 2496//2496 2497//2497
f 2483//2483 2497//2497 2484//2484
f 3141//3141 3140//3140 3129//3129
f 3130//3130 3141//3141 3129//3129
f 2484//2484 2497//2497 2498//2498
f 2484//2484 2498//2498 2485//2485
f 2498//2498 3141//3141 3130//3130
f 2485//2485 2498//2498 3130//3130
f 2486//2486 2499//2499 2500//2500
f 2486//2486 2500//2500 2487//2487
f 3142//3142 2499//2499 2486//2486
f 3131//3131 3142//3142 2486//2486
f 2487//2487 2500//2500 2501//2501
f 2487//2487 2501//2501 2488//2488
f 3143//3143 3142//3142 3131//3131
f 3132//3132 3143//3143 3131//3131
f 2488//2488 2501//2501 2502//2502
f 2488//2488 2502//2502 2489//2489
f 3144//3144 3143//3143 3132//3132
f 3133//3133 3144//3144 3132//3132
f 2489//2489 2502//2502 2503//2503
f 2489//2489 2503//2503 2490//2490
f 3145//3145 3144//3144 3133//3133
f 3134//3134 3145//3145 3133//3133
f 2490//2490 2503//2503 2504//2504
f 2490//2490 2504//2504 2491//2491
f 3146//3146 3145//3145 3134//3134
f 3135//3135 3146//3146 3134//3134
f 2491//2491 2504//2504 2505//2505
f 2491//2491 2505//2505 2492//2492
f 3147//3147 3146//3146 3135//3135
f 3136//3136 3147//3147 3135//3135
f 2492//2492 2505//2505 2506//2506
f 2492//2492 2506//2506 2493//2493
f 3148//3148 3147//3147 3136//3136
f 3137//3137 3148//3148 3136//3136
f 2493//2493 2506//2506 2507//2507
f 2493//2493 2507//2507 2494//2494
f 3149//3149 3148//3148 3137//3137
f 3138//3138 3149//3149 3137//3137
f 2494//2494 2507//2507 2508//2508
f 2494//2494 2508//2508 2495//2495
f 3150//3150 3149//3149 3138//3138
f 3139//3139 3150//3150 3138//3138
f 2495//2495 2508//2508 2509//2509
f 2495//2495 2509//2509 2496//2496
f 3151//3151 3150//3150 3139//3139
f 3140//3140 3151//3151 3139//3139
f 2496//2496 2509//2509 2510//2510
f 2496//2496 2510//2510 2497//2497
f 2510//2510 3151//3151 3140//3140
f 3141//3141 2510//2510 3140//3140
f 2497//2497 2510//2510 2511//2511
f 2497//2497 2511//2511 2498//2498
f 2511//2511 2510//2510 3141//3141
f 2498//2498 2511//2511 3141//3141
f 2499//2499 2512//2512 2513//2513
f 2499//2499 2513//2513 2500//2500
f 2513//2513 2512//2512 2499//2499
f 3142//3142 2513//2513 2499//2499
f 2500//2500 2513//2513 2514//2514
f 2500//2500 2514//2514 2501//2501
f 3152//3152 2513//2513 3142//3142
f 3143//3143 3152//3152 3142//3142
f 2501//2501 2514//2514 2515//2515
f 2501//2501 2515//2515 2502//2502
f 3153//3153 3152//3152 3143//3143
f 3144//3144 3153//3153 3143//3143
f 2502//2502 2515//2515 2516//2516
f 2502//2502 2516//2516 2503//2503
f 3154//3154 3153//3153 3144//3144
f 3145//3145 3154//3154 3144//3144
f 2503//2503 2516//2516 2517//2517
f 2503//2503 2517//2517 2504//2504
f 3155//3155 3154//3154 3145//3145
f 3146//3146 3155//3155 3145//3145
f 2504//2504 2517//2517 2518//2518
f 2504//2504 2518//2518 2505//2505
f 3156//3156 3155//3155 3146//3146
f 3147//3147 3156//3156 3146//3146
f 2505//2505 2518//2518 2519//2519
f 2505//2505 2519//2519 2506//2506
f 3157//3157 3156//3156 3147//3147
f 3148//3148 3157//3157 3147//3147
f 2506//2506 2519//2519 2520//2520
f 2506//2506 2520//2520 2507//2507
f 3158//3158 3157//3157 3148//3148
f 3149//3149 3158//3158 3148//3148
f 2507//2507 2520//2520 2521//2521
f 2507//2507 2521//2521 2508//2508
f 3159//3159 3158//3158 3149//3149
f 3150//3150 3159//3159 3149//3149
f 2508//2508 2521//2521 2522//2522
f 2508//2508 2522//2522 2509//2509
f 2522//2522 3159//3159 3150//3150
f 3151//3151 2522//2522 3150//3150
f 2509//2509 2522//2522 2523//2523
f 2509//2509 2523//2523 2510//2510
f 2523//2523 2522//2522 3151//3151
f 2510//2510 2523//2523 3151//3151
f 2513//2513 2524//2524 2525//2525
f 2513//2513 2525//2525 2514//2514
f 2525//2525 2524//2524 2513//2513
f 3152//3152 2525//2525 2513//2513
f 2514//2514 2525//2525 2526//2526
f 2514//2514 2526//2526 2515//2515
f 3160//3160 2525//2525 3152//3152
f 3153//3153 3160//3160 3152//3152
f 2515//2515 2526//2526 2527//2527
f 2515//2515 2527//2527 2516//2516
f 3161//3161 3160//3160 3153//3153
f 3154//3154 3161//3161 3153//3153
f 2516//2516 2527//2527 2528//2528
f 2516//2516 2528//2528 2517//2517
f 3162//3162 3161//3161 3154//3154
f 3155//3155 3162//3162 3154//3154
f 2517//2517 2528//2528 2529//2529
f 2517//2517 2529//2529 2518//2518
f 3163//3163 3162//3162 3155//3155
f 3156//3156 3163//3163 3155//3155
f 2518//2518 2529//2529 2530//2530
f 2518//2518 2530//2530 2519//2519
f 3164//3164 3163//3163 3156//3156
f 3157//3157 3164//3164 3156//3156
f 2519//2519 2530//2530 2531//2531
f 2519//2519 2531//2531 2520//2520
f 3165//3165 3164//3164 3157//3157
f 3158//3158 3165//3165 3157//3157
f 2520//2520 2531//2531 2532//2532
f 2520//2520 2532//2532 2521//2521
f 3166//3166 3165//3165 3158//3158
f 3159//3159 3166//3166 3158//3158
f 2521//2521 2532//2532 2533//2533
f 2521//2521 2533//2533 2522//2522
f 2533//2533 3166//3166 3159//3159
f 2522//2522 2533//2533 3159//3159
f 2525//2525 2534//2534 2535//2535
f 2525//2525 2535//2535 2526//2526
f 2535//2535 2534//2534 2525//2525
f 3160//3160 2535//2535 2525//2525
f 2526//2526 2535//2535 2536//2536
f 2526//2526 2536//2536 2527//2527
f 3167//3167 2535//2535 3160//3160
f 3161//3161 3167//3167 3160//3160
f 2527//2527 2536//2536 2537//2537
f 2527//2527 2537//2537 2528//2528
f 3168//3168 3167//3167 3161//3161
f 3162//3162 3168//3168 3161//3161
f 2528//2528 2537//2537 2538//2538
f 2528//2528 2538//2538 2529//2529
f 3169//3169 3168//3168 3162//3162
f 3163//3163 3169//3169 3162//3162
f 2529//2529 2538//2538 2539//2539
f 2529//2529 2539//2539 2530//2530
f 3170//3170 3169//3169 3163//3163
f 3164//3164 3170//3170 3163//3163
f 2530//2530 2539//2539 2540//2540
f 2530//2530 2540//2540 2531//2531
f 3171//3171 3170//3170 3164//3164
f 3165//3165 3171//3171 3164//3164
f 2531//2531 2540//2540 2541//2541
f 2531//2531 2541//2541 2532//2532
f 2541//2541 3171//3171 3165//3165
f 3166//3166 2541//2541 3165//3165
f 2532//2532 2541//2541 2542//2542
f 2532//2532 2542//2542 2533//2533
f 2542//2542 2541//2541 3166//3166
f 2533//2533 2542//2542 3166//3166
f 2535//2535 2543//2543 2544//2544
f 2535//2535 2544//2544 2536//2536
f 3172//3172 2543//2543 2535//2535
f 3167//3167 3172//3172 2535//2535
f 2536//2536 2544//2544 2545//2545
f 2536//2536 2545//2545 2537//2537
f 3173//3173 3172//3172 3167//3167
f 3168//3168 3173//3173 3167//3167
f 2537//2537 2545//2545 2546//2546
f 2537//2537 2546//2546 2538//2538
f 3174//3174 3173//3173 3168//3168
f 3169//3169 3174//3174 3168//3168
f 2538//2538 2546//2546 2547//2547
f 2538//2538 2547//2547 2539//2539
f 3175//3175 3174//3174 3169//3169
f 3170//3170 3175//3175 3169//3169
f 2539//2539 2547//2547 2548//2548
f 2539//2539 2548//2548 2540//2540
f 3176//3176 3175//3175 3170//3170
f 3171//3171 3176//3176 3170//3170
f 2540//2540 2548//2548 2549//2549
f 2540//2540 2549//2549 2541//2541
f 2549//2549 3176//3176 3171//3171
f 2541//2541 2549//2549 3171//3171
f 2543//2543 2550//2550 2551//2551
f 2543//2543 2551//2551 2544//2544
f 3177//3177 2550//2550 2543//2543
f 3172//3172 3177//3177 2543//2543
f 2544//2544 2551//2551 2552//2552
f 2544//2544 2552//2552 2545//2545
f 3178//3178 3177//3177 3172//3172
f 3173//3173 3178//3178 3172//3172
f 2545//2545 2552//2552 2553//2553
f 2545//2545 2553//2553 2546//2546
f 3179//3179 3178//3178 3173//3173
f 3174//3174 3179//3179 3173//3173
f 2546//2546 2553//2553 2554//2554
f 2546//2546 2554//2554 2547//2547
f 3180//3180 3179//3179 3174//3174
f 3175//3175 3180//3180 3174//3174
f 2547//2547 2554//2554 2555//2555
f 2547//2547 2555//2555 2548//2548
f 2555//2555 3180//3180 3175//3175
f 3176//3176 2555//2555 3175//3175
f 2548//2548 2555//2555 2556//2556
f 2548//2548 2556//2556 2549//2549
f 2556//2556 2555//2555 3176//3176
f 2549//2549 2556//2556 3176//3176
f 2550//2550 2557//2557 2558//2558
f 2550//2550 2558//2558 2551//2551
f 2558//2558 2557//2557 2550//2550
f 3177//3177 2558//2558 2550//2550
f 2551//2551 2558//2558 2559//2559
f 2551//2551 2559//2559 2552//2552
f 3181//3181 2558//2558 3177//3177
f 3178//3178 3181//3181 3177//3177
f 2552//2552 2559//2559 2560//2560
f 2552//2552 2560//2560 2553//2553
f 3182//3182 3181//3181 3178//3178
f 3179//3179 3182//3182 3178//3178
f 2553//2553 2560//2560 2561//2561
f 2553//2553 2561//2561 2554//2554
f 3183//3183 3182//3182 3179//3179
f 3180//3180 3183//3183 3179//3179
f 2554//2554 2561//2561 2562//2562
f 2554//2554 2562//2562 2555//2555
f 2562//2562 3183//3183 3180//3180
f 2555//2555 2562//2562 3180//3180
f 2557//2557 2565//2565 2566//2566
f 2557//2557 2566//2566 2558//2558
f 3184//3184 2565//2565 2557//2557
f 2558//2558 3184//3184 2557//2557
f 2558//2558 2566//2566 2567//2567
f 2558//2558 2567//2567 2559//2559
f 3185//3185 3184//3184 2558//2558
f 3181//3181 3185//3185 2558//2558
f 2559//2559 2567//2567 2568//2568
f 2559//2559 2568//2568 2560//2560
f 3186//3186 3185//3185 3181//3181
f 3182//3182 3186//3186 3181//3181
f 2560//2560 2568//2568 2569//2569
f 2560//2560 2569//2569 2561//2561
f 3187//3187 3186//3186 3182//3182
f 3183//3183 3187//3187 3182//3182
f 2561//2561 2569//2569 2570//2570
f 2561//2561 2570//2570 2562//2562
f 3188//3188 3187//3187 3183//3183
f 2562//2562 3188//3188 3183//3183
f 2562//2562 2570//2570 2571//2571
f 2562//2562 2571//2571 2563//2563
f 2571//2571 3188//3188 2562//2562
f 2563//2563 2571//2571 2562//2562
f 2564//2564 2574//2574 2575//2575
f 2564//2564 2575//2575 2565//2565
f 3189//3189 2574//2574 2564//2564
f 2565//2565 3189//3189 2564//2564
f 2565//2565 2575//2575 2576//2576
f 2565//2565 2576//2576 2566//2566
f 3190//3190 3189//3189 2565//2565
f 3184//3184 3190//3190 2565//2565
f 2566//2566 2576//2576 2577//2577
f 2566//2566 2577//2577 2567//2567
f 3191//3191 3190//3190 3184//3184
f 3185//3185 3191//3191 3184//3184
f 2567//2567 2577//2577 2578//2578
f 2567//2567 2578//2578 2568//2568
f 3192//3192 3191//3191 3185//3185
f 3186//3186 3192//3192 3185//3185
f 2568//2568 2578//2578 2579//2579
f 2568//2568 2579//2579 2569//2569
f 3193//3193 3192//3192 3186//3186
f 3187//3187 3193//3193 3186//3186
f 2569//2569 2579//2579 2580//2580
f 2569//2569 2580//2580 2570//2570
f 3194//3194 3193//3193 3187//3187
f 3188//3188 3194//3194 3187//3187
f 2570//2570 2580//2580 2581//2581
f 2570//2570 2581//2581 2571//2571
f 3195//3195 3194//3194 3188//3188
f 2571//2571 3195//3195 3188//3188
f 2571//2571 2581//2581 2582//2582
f 2571//2571 2582//2582 2572//2572
f 2582//2582 3195//3195 2571//2571
f 2572//2572 2582//2582 2571//2571
f 2573//2573 2585//2585 2586//2586
f 2573//2573 2586//2586 2574//2574
f 3196//3196 2585//2585 2573//2573
f 2574//2574 3196//3196 2573//2573
f 2574//2574 2586//2586 2587//2587
f 2574//2574 2587//2587 2575//2575
f 3197//3197 3196//3196 2574//2574
f 3189//3189 3197//3197 2574//2574
f 2575//2575 2587//2587 2588//2588
f 2575//2575 2588//2588 2576//2576
f 3198//3198 3197//3197 3189//3189
f 3190//3190 3198//3198 3189//3189
f 2576//2576 2588//2588 2589//2589
f 2576//2576 2589//2589 2577//2577
f 3199//3199 3198//3198 3190//3190
f 3191//3191 3199//3199 3190//3190
f 2577//2577 2589//2589 2590//2590
f 2577//2577 2590//2590 2578//2578
f 3200//3200 3199//3199 3191//3191
f 3192//3192 3200//3200 3191//3191
f 2578//2578 2590//2590 2591//2591
f 2578//2578 2591//2591 2579//2579
f 3201//3201 3200//3200 3192//3192
f 3193//3193 3201//3201 3192//3192
f 2579//2579 2591//2591 2592//2592
f 2579//2579 2592//2592 2580//2580
f 3202//3202 3201//3201 3193//3193
f 3194//3194 3202//3202 3193//3193
f 2580//2580 2592//2592 2593//2593
f 2580//2580 2593//2593 2581//2581
f 3203//3203 3202//3202 3194//3194
f 3195//3195 3203//3203 3194//3194
f 2581//2581 2593//2593 2594//2594
f 2581//2581 2594//2594 2582//2582
f 3204//3204 3203//3203 3195//3195
f 2582//2582 3204//3204 3195//3195
f 2582//2582 2594//2594 2595//2595
f 2582//2582 2595//2595 2583//2583
f 2595//2595 3204//3204 2582//2582
f 2583//2583 2595//2595 2582//2582
f 2584//2584 2597//2597 2598//2598
f 2584//2584 2598//2598 2585//2585
f 3205//3205 2597//2597 2584//2584
f 2585//2585 3205//3205 2584//2584
f 2585//2585 2598//2598 2599//2599
f 2585//2585 2599//2599 2586//2586
f 3206//3206 3205//3205 2585//2585
f 3196//3196 3206//3206 2585//2585
f 2586//2586 2599//2599 2600//2600
f 2586//2586 2600//2600 2587//2587
f 3207//3207 3206//3206 3196//3196
f 3197//3197 3207//3207 3196//3196
f 2587//2587 2600//2600 2601//2601
f 2587//2587 2601//2601 2588//2588
f 3208//3208 3207//3207 3197//3197
f 3198//3198 3208//3208 3197//3197
f 2588//2588 2601//2601 2602//2602
f 2588//2588 2602//2602 2589//2589
f 3209//3209 3208//3208 3198//3198
f 3199//3199 3209//3209 3198//3198
f 2589//2589 2602//2602 2603//2603
f 2589//2589 2603//2603 2590//2590
f 3210//3210 3209//3209 3199//3199
f 3200//3200 3210//3210 3199//3199
f 2590//2590 2603//2603 2604//2604
f 2590//2590 2604//2604 2591//2591
f 3211//3211 3210//3210 3200//3200
f 3201//3201 3211//3211 3200//3200
f 2591//2591 2604//2604 2605//2605
f 2591//2591 2605//2605 2592//2592
f 3212//3212 3211//3211 3201//3201
f 3202//3202 3212//3212 3201//3201
f 2592//2592 2605//2605 2606//2606
f 2592//2592 2606//2606 2593//2593
f 3213//3213 3212//3212 3202//3202
f 3203//3203 3213//3213 3202//3202
f 2593//2593 2606//2606 2607//2607
f 2593//2593 2607//2607 2594//2594
f 3214//3214 3213//3213 3203//3203
f 3204//3204 3214//3214 3203//3203
f 2594//2594 2607//2607 2608//2608
f 2594//2594 2608//2608 2595//2595
f 3215//3215 3214//3214 3204//3204
f 2595//2595 3215//3215 3204//3204
f 2595//2595 2608//2608 2609//2609
f 2595//2595 2609//2609 2596//2596
f 2609//2609 3215//3215 2595//2595
f 2596//2596 2609//2609 2595//2595
f 2597//2597 2610//2610 2611//2611
f 2597//2597 2611//2611 2598//2598
f 3216//3216 2610//2610 2597//2597
f 3205//3205 3216//3216 2597//2597
f 2598//2598 2611//2611 2612//2612
f 2598//2598 2612//2612 2599//2599
f 3217//3217 3216//3216 3205//3205
f 3206//3206 3217//3217 3205//3205
f 2599//2599 2612//2612 2613//2613
f 2599//2599 2613//2613 2600//2600
f 3218//3218 3217//3217 3206//3206
f 3207//3207 3218//3218 3206//3206
f 2600//2600 2613//2613 2614//2614
f 2600//2600 2614//2614 2601//2601
f 3219//3219 3218//3218 3207//3207
f 3208//3208 3219//3219 3207//3207
f 2601//2601 2614//2614 2615//2615
f 2601//2601 2615//2615 2602//2602
f 3220//3220 3219//3219 3208//3208
f 3209//3209 3220//3220 3208//3208
f 2602//2602 2615//2615 2616//2616
f 2602//2602 2616//2616 2603//2603
f 3221//3221 3220//3220 3209//3209
f 3210//3210 3221//3221 3209//3209
f 2603//2603 2616//2616 2617//2617
f 2603//2603 2617//2617 2604//2604
f 3222//3222 3221//3221 3210//3210
f 3211//3211 3222//3222 3210//3210
f 2604//2604 2617//2617 2618//2618
f 2604//2604 2618//2618 2605//2605
f 3223//3223 3222//3222 3211//3211
f 3212//3212 3223//3223 3211//3211
f 2605//2605 2618//2618 2619//2619
f 2605//2605 2619//2619 2606//2606
f 3224//3224 3223//3223 3212//3212
f 3213//3213 3224//3224 3212//3212
f 2606//2606 2619//2619 2620//2620
f 2606//2606 2620//2620 2607//2607
f 3225//3225 3224//3224 3213//3213
f 3214//3214 3225//3225 3213//3213
f 2607//2607 2620//2620 2621//2621
f 2607//2607 2621//2621 2608//2608
f 3226//3226 3225//3225 3214//3214
f 3215//3215 3226//3226 3214//3214
f 2608//2608 2621//2621 2622//2622
f 2608//2608 2622//2622 2609//2609
f 2622//2622 3226//3226 3215//3215
f 2609//2609 2622//2622 3215//3215
f 2610//2610 2623//2623 2624//2624
f 2610//2610 2624//2624 2611//2611
f 3227//3227 2623//2623 2610//2610
f 3216//3216 3227//3227 2610//2610
f 2611//2611 2624//2624 2625//2625
f 2611//2611 2625//2625 2612//2612
f 3228//3228 3227//3227 3216//3216
f 3217//3217 3228//3228 3216//3216
f 2612//2612 2625//2625 2626//2626
f 2612//2612 2626//2626 2613//2613
f 3229//3229 3228//3228 3217//3217
f 3218//3218 3229//3229 3217//3217
f 2613//2613 2626//2626 2627//2627
f 2613//2613 2627//2627 2614//2614
f 3230//3230 3229//3229 3218//3218
f 3219//3219 3230//3230 3218//3218
f 2614//2614 2627//2627 2628//2628
f 2614//2614 2628//2628 2615//2615
f 3231//3231 3230//3230 3219//3219
f 3220//3220 3231//3231 3219//3219
f 2615//2615 2628//2628 2629//2629
f 2615//2615 2629//2629 2616//2616
f 3232//3232 3231//3231 3220//3220
f 3221//3221 3232//3232 3220//3220
f 2616//2616 2629//2629 2630//2630
f 2616//2616 2630//2630 2617//2617
f 3233//3233 3232//3232 3221//3221
f 3222//3222 3233//3233 3221//3221
f 2617//2617 2630//2630 2631//2631
f 2617//2617 2631//2631 2618//2618
f 3234//3234 3233//3233 3222//3222
f 3223//3223 3234//3234 3222//3222
f 2618//2618 2631//2631 2632//2632
f 2618//2618 2632//2632 2619//2619
f 3235//3235 3234//3234 3223//3223
f 3224//3224 3235//3235 3223//3223
f 2619//2619 2632//2632 2633//2633
f 2619//2619 2633//2633 2620//2620
f 3236//3236 3235//3235 3224//3224
f 3225//3225 3236//3236 3224//3224
f 2620//2620 2633//2633 2634//2634
f 2620//2620 2634//2634 2621//2621
f 3237//3237 3236//3236 3225//3225
f 3226//3226 3237//3237 3225//3225
f 2621//2621 2634//2634 2635//2635
f 2621//2621 2635//2635 2622//2622
f 2635//2635 3237//3237 3226//3226
f 2622//2622 2635//2635 3226//3226
f 2623//2623 2636//2636 2637//2637
f 2623//2623 2637//2637 2624//2624
f 2637//2637 2636//2636 2623//2623
f 3227//3227 2637//2637 2623//2623
f 2624//2624 2637//2637 2638//2638
f 2624//2624 2638//2638 2625//2625
f 3238//3238 2637//2637 3227//3227
f 3228//3228 3238//3238 3227//3227
f 2625//2625 2638//2638 2639//2639
f 2625//2625 2639//2639 2626//2626
f 3239//3239 3238//3238 3228//3228
f 3229//3229 3239//3239 3228//3228
f 2626//2626 2639//2639 2640//2640
f 2626//2626 2640//2640 2627//2627
f 3240//3240 3239//3239 3229//3229
f 3230//3230 3240//3240 3229//3229
f 2627//2627 2640//2640 2641//2641
f 2627//2627 2641//2641 2628//2628
f 3241//3241 3240//3240 3230//3230
f 3231//3231 3241//3241 3230//3230
f 2628//2628 2641//2641 2642//2642
f 2628//2628 2642//2642 2629//2629
f 3242//3242 3241//3241 3231//3231
f 3232//3232 3242//3242 3231//3231
f 2629//2629 2642//2642 2643//2643
f 2629//2629 2643//2643 2630//2630
f 3243//3243 3242//3242 3232//3232
f 3233//3233 3243//3243 3232//3232
f 2630//2630 2643//2643 2644//2644
f 2630//2630 2644//2644 2631//2631
f 3244//3244 3243//3243 3233//3233
f 3234//3234 3244//3244 3233//3233
f 2631//2631 2644//2644 2645//2645
f 2631//2631 2645//2645 2632//2632
f 3245//3245 3244//3244 3234//3234
f 3235//3235 3245//3245 3234//3234
f 2632//2632 2645//2645 2646//2646
f 2632//2632 2646//2646 2633//2633
f 3246//3246 3245//3245 3235//3235
f 3236//3236 3246//3246 3235//3235
f 2633//2633 2646//2646 2647//2647
f 2633//2633 2647//2647 2634//2634
f 2647//2647 3246//3246 3236//3236
f 3237//3237 2647//2647 3236//3236
f 2634//2634 2647//2647 2648//2648
f 2634//2634 2648//2648 2635//2635
f 2648//2648 2647//2647 3237//3237
f 2635//2635 2648//2648 3237//3237
f 2637//2637 2649//2649 2650//2650
f 2637//2637 2650//2650 2638//2638
f 2650//2650 2649//2649 2637//2637
f 3238//3238 2650//2650 2637//2637
f 2638//2638 2650//2650 2651//2651
f 2638//2638 2651//2651 2639//2639
f 3247//3247 2650//2650 3238//3238
f 3239//3239 3247//3247 3238//3238
f 2639//2639 2651//2651 2652//2652
f 2639//2639 2652//2652 2640//2640
f 3248//3248 3247//3247 3239//3239
f 3240//3240 3248//3248 3239//3239
f 2640//2640 2652//2652 2653//2653
f 2640//2640 2653//2653 2641//2641
f 3249//3249 3248//3248 3240//3240
f 3241//3241 3249//3249 3240//3240
f 2641//2641 2653//2653 2654//2654
f 2641//2641 2654//2654 2642//2642
f 3250//3250 3249//3249 3241//3241
f 3242//3242 3250//3250 3241//3241
f 2642//2642 2654//2654 2655//2655
f 2642//2642 2655//2655 2643//2643
f 3251//3251 3250//3250 3242//3242
f 3243//3243 3251//3251 3242//3242
f 2643//2643 2655//2655 2656//2656
f 2643//2643 2656//2656 2644//2644
f 3252//3252 3251//3251 3243//3243
f 3244//3244 3252//3252 3243//3243
f 2644//2644 2656//2656 2657//2657
f 2644//2644 2657//2657 2645//2645
f 3253//3253 3252//3252 3244//3244
f 3245//3245 3253//3253 3244//3244
f 2645//2645 2657//2657 2658//2658
f 2645//2645 2658//2658 2646//2646
f 2658//2658 3253//3253 3245//3245
f 3246//3246 2658//2658 3245//3245
f 2646//2646 2658//2658 2659//2659
f 2646//2646 2659//2659 2647//2647
f 2659//2659 2658//2658 3246//3246
f 2647//2647 2659//2659 3246//3246
f 2650//2650 2660//2660 2661//2661
f 2650//2650 2661//2661 2651//2651
f 3254//3254 2660//2660 2650//2650
f 3247//3247 3254//3254 2650//2650
f 2651//2651 2661//2661 2662//2662
f 2651//2651 2662//2662 2652//2652
f 3255//3255 3254//3254 3247//3247
f 3248//3248 3255//3255 3247//3247
f 2652//2652 2662//2662 2663//2663
f 2652//2652 2663//2663 2653//2653
f 3256//3256 3255//3255 3248//3248
f 3249//3249 3256//3256 3248//3248
f 2653//2653 2663//2663 2664//2664
f 2653//2653 2664//2664 2654//2654
f 3257//3257 3256//3256 3249//3249
f 3250//3250 3257//3257 3249//3249
f 2654//2654 2664//2664 2665//2665
f 2654//2654 2665//2665 2655//2655
f 3258//3258 3257//3257 3250//3250
f 3251//3251 3258//3258 3250//3250
f 2655//2655 2665//2665 2666//2666
f 2655//2655 2666//2666 2656//2656
f 3259//3259 3258//3258 3251//3251
f 3252//3252 3259//3259 3251//3251
f 2656//2656 2666//2666 2667//2667
f 2656//2656 2667//2667 2657//2657
f 3260//3260 3259//3259 3252//3252
f 3253//3253 3260//3260 3252//3252
f 2657//2657 2667//2667 2668//2668
f 2657//2657 2668//2668 2658//2658
f 2668//2668 3260//3260 3253//3253
f 2658//2658 2668//2668 3253//3253
f 2660//2660 2669//2669 2670//2670
f 2660//2660 2670//2670 2661//2661
f 2670//2670 2669//2669 2660//2660
f 3254//3254 2670//2670 2660//2660
f 2661//2661 2670//2670 2671//2671
f 2661//2661 2671//2671 2662//2662
f 3261//3261 2670//2670 3254//3254
f 3255//3255 3261//3261 3254//3254
f 2662//2662 2671//2671 2672//2672
f 2662//2662 2672//2672 2663//2663
f 3262//3262 3261//3261 3255//3255
f 3256//3256 3262//3262 3255//3255
f 2663//2663 2672//2672 2673//2673
f 2663//2663 2673//2673 2664//2664
f 3263//3263 3262//3262 3256//3256
f 3257//3257 3263//3263 3256//3256
f 2664//2664 2673//2673 2674//2674
f 2664//2664 2674//2674 2665//2665
f 3264//3264 3263//3263 3257//3257
f 3258//3258 3264//3264 3257//3257
f 2665//2665 2674//2674 2675//2675
f 2665//2665 2675//2675 2666//2666
f 3265//3265 3264//3264 3258//3258
f 3259//3259 3265//3265 3258//3258
f 2666//2666 2675//2675 2676//2676
f 2666//2666 2676//2676 2667//2667
f 2676//2676 3265//3265 3259//3259
f 3260//3260 2676//2676 3259//3259
f 2667//2667 2676//2676 2677//2677
f 2667//2667 2677//2677 2668//2668
f 2677//2677 2676//2676 3260//3260
f 2668//2668 2677//2677 3260//3260
f 2670//2670 2678//2678 2679//2679
f 2670//2670 2679//2679 2671//2671
f 3266//3266 2678//2678 2670//2670
f 3261//3261 3266//3266 2670//2670
f 2671//2671 2679//2679 2680//2680
f 2671//2671 2680//2680 2672//2672
f 3267//3267 3266//3266 3261//3261
f 3262//3262 3267//3267 3261//3261
f 2672//2672 2680//2680 2681//2681
f 2672//2672 2681//2681 2673//2673
f 3268//3268 3267//3267 3262//3262
f 3263//3263 3268//3268 3262//3262
f 2673//2673 2681//2681 2682//2682
f 2673//2673 2682//2682 2674//2674
f 3269//3269 3268//3268 3263//3263
f 3264//3264 3269//3269 3263//3263
f 2674//2674 2682//2682 2683//2683
f 2674//2674 2683//2683 2675//2675
f 3270//3270 3269//3269 3264//3264
f 3265//3265 3270//3270 3264//3264
f 2675//2675 2683//2683 2684//2684
f 2675//2675 2684//2684 2676//2676
f 2684//2684 3270//3270 3265//3265
f 2676//2676 2684//2684 3265//3265
f 2678//2678 2685//2685 2686//2686
f 2678//2678 2686//2686 2679//2679
f 3271//3271 2685//2685 2678//2678
f 3266//3266 3271//3271 2678//2678
f 2679//2679 2686//2686 2687//2687
f 2679//2679 2687//2687 2680//2680
f 3272//3272 3271//3271 3266//3266
f 3267//3267 3272//3272 3266//3266
f 2680//2680 2687//2687 2688//2688
f 2680//2680 2688//2688 2681//2681
f 3273//3273 3272//3272 3267//3267
f 3268//3268 3273//3273 3267//3267
f 2681//2681 2688//2688 2689//2689
f 2681//2681 2689//2689 2682//2682
f 3274//3274 3273//3273 3268//3268
f 3269//3269 3274//3274 3268//3268
f 2682//2682 2689//2689 2690//2690
f 2682//2682 2690//2690 2683//2683
f 3275//3275 3274//3274 3269//3269
f 3270//3270 3275//3275 3269//3269
f 2683//2683 2690//2690 2691//2691
f 2683//2683 2691//2691 2684//2684
f 2691//2691 3275//3275 3270//3270
f 2684//2684 2691//2691 3270//3270
f 2685//2685 2693//2693 2694//2694
f 2685//2685 2694//2694 2686//2686
f 3276//3276 2693//2693 2685//2685
f 3271//3271 3276//3276 2685//2685
f 2686//2686 2694//2694 2695//2695
f 2686//2686 2695//2695 2687//2687
f 3277//3277 3276//3276 3271//3271
f 3272//3272 3277//3277 3271//3271
f 2687//2687 2695//2695 2696//2696
f 2687//2687 2696//2696 2688//2688
f 3278//3278 3277//3277 3272//3272
f 3273//3273 3278//3278 3272//3272
f 2688//2688 2696//2696 2697//2697
f 2688//2688 2697//2697 2689//2689
f 3279//3279 3278//3278 3273//3273
f 3274//3274 3279//3279 3273//3273
f 2689//2689 2697//2697 2698//2698
f 2689//2689 2698//2698 2690//2690
f 3280//3280 3279//3279 3274//3274
f 3275//3275 3280//3280 3274//3274
f 2690//2690 2698//2698 2699//2699
f 2690//2690 2699//2699 2691//2691
f 2699//2699 3280//3280 3275//3275
f 2691//2691 2699//2699 3275//3275
f 2692//2692 2701//2701 2702//2702
f 2692//2692 2702//2702 2693//2693
f 3281//3281 2701//2701 2692//2692
f 2693//2693 3281//3281 2692//2692
f 2693//2693 2702//2702 2703//2703
f 2693//2693 2703//2703 2694//2694
f 3282//3282 3281//3281 2693//2693
f 3276//3276 3282//3282 2693//2693
f 2694//2694 2703//2703 2704//2704
f 2694//2694 2704//2704 2695//2695
f 3283//3283 3282//3282 3276//3276
f 3277//3277 3283//3283 3276//3276
f 2695//2695 2704//2704 2705//2705
f 2695//2695 2705//2705 2696//2696
f 3284//3284 3283//3283 3277//3277
f 3278//3278 3284//3284 3277//3277
f 2696//2696 2705//2705 2706//2706
f 2696//2696 2706//2706 2697//2697
f 3285//3285 3284//3284 3278//3278
f 3279//3279 3285//3285 3278//3278
f 2697//2697 2706//2706 2707//2707
f 2697//2697 2707//2707 2698//2698
f 3286//3286 3285//3285 3279//3279
f 3280//3280 3286//3286 3279//3279
f 2698//2698 2707//2707 2708//2708
f 2698//2698 2708//2708 2699//2699
f 3287//3287 3286//3286 3280//3280
f 2699//2699 3287//3287 3280//3280
f 2699//2699 2708//2708 2709//2709
f 2699//2699 2709//2709 2700//2700
f 2709//2709 3287//3287 2699//2699
f 2700//2700 2709//2709 2699//2699
f 2701//2701 2711//2711 2712//2712
f 2701//2701 2712//2712 2702//2702
f 3288//3288 2711//2711 2701//2701
f 3281//3281 3288//3288 2701//2701
f 2702//2702 2712//2712 2713//2713
f 2702//2702 2713//2713 2703//2703
f 3289//3289 3288//3288 3281//3281
f 3282//3282 3289//3289 3281//3281
f 2703//2703 2713//2713 2714//2714
f 2703//2703 2714//2714 2704//2704
f 3290//3290 3289//3289 3282//3282
f 3283//3283 3290//3290 3282//3282
f 2704//2704 2714//2714 2715//2715
f 2704//2704 2715//2715 2705//2705
f 3291//3291 3290//3290 3283//3283
f 3284//3284 3291//3291 3283//3283
f 2705//2705 2715//2715 2716//2716
f 2705//2705 2716//2716 2706//2706
f 3292//3292 3291//3291 3284//3284
f 3285//3285 3292//3292 3284//3284
f 2706//2706 2716//2716 2717//2717
f 2706//2706 2717//2717 2707//2707
f 3293//3293 3292//3292 3285//3285
f 3286//3286 3293//3293 3285//3285
f 2707//2707 2717//2717 2718//2718
f 2707//2707 2718//2718 2708//2708
f 3294//3294 3293//3293 3286//3286
f 3287//3287 3294//3294 3286//3286
f 2708//2708 2718//2718 2719//2719
f 2708//2708 2719//2719 2709//2709
f 2719//2719 3294//3294 3287//3287
f 2709//2709 2719//2719 3287//3287
f 2710//2710 2722//2722 2723//2723
f 2710//2710 2723//2723 2711//2711
f 3295//3295 2722//2722 2710//2710
f 2711//2711 3295//3295 2710//2710
f 2711//2711 2723//2723 2724//2724
f 2711//2711 2724//2724 2712//2712
f 3296//3296 3295//3295 2711//2711
f 3288//3288 3296//3296 2711//2711
f 2712//2712 2724//2724 2725//2725
f 2712//2712 2725//2725 2713//2713
f 3297//3297 3296//3296 3288//3288
f 3289//3289 3297//3297 3288//3288
f 2713//2713 2725//2725 2726//2726
f 2713//2713 2726//2726 2714//2714
f 3298//3298 3297//3297 3289//3289
f 3290//3290 3298//3298 3289//3289
f 2714//2714 2726//2726 2727//2727
f 2714//2714 2727//2727 2715//2715
f 3299//3299 3298//3298 3290//3290
f 3291//3291 3299//3299 3290//3290
f 2715//2715 2727//2727 2728//2728
f 2715//2715 2728//2728 2716//2716
f 3300//3300 3299//3299 3291//3291
f 3292//3292 3300//3300 3291//3291
f 2716//2716 2728//2728 2729//2729
f 2716//2716 2729//2729 2717//2717
f 3301//3301 3300//3300 3292//3292
f 3293//3293 3301//3301 3292//3292
f 2717//2717 2729//2729 2730//2730
f 2717//2717 2730//2730 2718//2718
f 3302//3302 3301//3301 3293//3293
f 3294//3294 3302//3302 3293//3293
f 2718//2718 2730//2730 2731//2731
f 2718//2718 2731//2731 2719//2719
f 3303//3303 3302//3302 3294//3294
f 2719//2719 3303//3303 3294//3294
f 2719//2719 2731//2731 2732//2732
f 2719//2719 2732//2732 2720//2720
f 2732//2732 3303//3303 2719//2719
f 2720//2720 2732//2732 2719//2719
f 2721//2721 2734//2734 2735//2735
f 2721//2721 2735//2735 2722//2722
f 3304//3304 2734//2734 2721//2721
f 2722//2722 3304//3304 2721//2721
f 2722//2722 2735//2735 2736//2736
f 2722//2722 2736//2736 2723//2723
f 3305//3305 3304//3304 2722//2722
f 3295//3295 3305//3305 2722//2722
f 2723//2723 2736//2736 2737//2737
f 2723//2723 2737//2737 2724//2724
f 3306//3306 3305//3305 3295//3295
f 3296//3296 3306//3306 3295//3295
f 2724//2724 2737//2737 2738//2738
f 2724//2724 2738//2738 2725//2725
f 3307//3307 3306//3306 3296//3296
f 3297//3297 3307//3307 3296//3296
f 2725//2725 2738//2738 2739//2739
f 2725//2725 2739//2739 2726//2726
f 3308//3308 3307//3307 3297//3297
f 3298//3298 3308//3308 3297//3297
f 2726//2726 2739//2739 2740//2740
f 2726//2726 2740//2740 2727//2727
f 3309//3309 3308//3308 3298//3298
f 3299//3299 3309//3309 3298//3298
f 2727//2727 2740//2740 2741//2741
f 2727//2727 2741//2741 2728//2728
f 3310//3310 3309//3309 3299//3299
f 3300//3300 3310//3310 3299//3299
f 2728//2728 2741//2741 2742//2742
f 2728//2728 2742//2742 2729//2729
f 3311//3311 3310//3310 3300//3300
f 3301//3301 3311//3311 3300//3300
f 2729//2729 2742//2742 2743//2743
f 2729//2729 2743//2743 2730//2730
f 3312//3312 3311//3311 3301//3301
f 3302//3302 3312//3312 3301//3301
f 2730//2730 2743//2743 2744//2744
f 2730//2730 2744//2744 2731//2731
f 3313//3313 3312//3312 3302//3302
f 3303//3303 3313//3313 3302//3302
f 2731//2731 2744//2744 2745//2745
f 2731//2731 2745//2745 2732//2732
f 3314//3314 3313//3313 3303//3303
f 2732//2732 3314//3314 3303//3303
f 2732//2732 2745//2745 2746//2746
f 2732//2732 2746//2746 2733//2733
f 2746//2746 3314//3314 2732//2732
f 2733//2733 2746//2746 2732//2732
f 2734//2734 2747//2747 2748//2748
f 2734//2734 2748//2748 2735//2735
f 3315//3315 2747//2747 2734//2734
f 3304//3304 3315//3315 2734//2734
f 2735//2735 2748//2748 2749//2749
f 2735//2735 2749//2749 2736//2736
f 3316//3316 3315//3315 3304//3304
f 3305//3305 3316//3316 3304//3304
f 2736//2736 2749//2749 2750//2750
f 2736//2736 2750//2750 2737//2737
f 3317//3317 3316//3316 3305//3305
f 3306//3306 3317//3317 3305//3305
f 2737//2737 2750//2750 2751//2751
f 2737//2737 2751//2751 2738//2738
f 3318//3318 3317//3317 3306//3306
f 3307//3307 3318//3318 3306//3306
f 2738//2738 2751//2751 2752//2752
f 2738//2738 2752//2752 2739//2739
f 3319//3319 3318//3318 3307//3307
f 3308//3308 3319//3319 3307//3307
f 2739//2739 2752//2752 2753//2753
f 2739//2739 2753//2753 2740//2740
f 3320//3320 3319//3319 3308//3308
f 3309//3309 3320//3320 3308//3308
f 2740//2740 2753//2753 2754//2754
f 2740//2740 2754//2754 2741//2741
f 3321//3321 3320//3320 3309//3309
f 3310//3310 3321//3321 3309//3309
f 2741//2741 2754//2754 2755//2755
f 2741//2741 2755//2755 2742//2742
f 3322//3322 3321//3321 3310//3310
f 3311//3311 3322//3322 3310//3310
f 2742//2742 2755//2755 2756//2756
f 2742//2742 2756//2756 2743//2743
f 3323//3323 3322//3322 3311//3311
f 3312//3312 3323//3323 3311//3311
f 2743//2743 2756//2756 2757//2757
f 2743//2743 2757//2757 2744//2744
f 3324//3324 3323//3323 3312//3312
f 3313//3313 3324//3324 3312//3312
f 2744//2744 2757//2757 2758//2758
f 2744//2744 2758//2758 2745//2745
f 3325//3325 3324//3324 3313//3313
f 3314//3314 3325//3325 3313//3313
f 2745//2745 2758//2758 2759//2759
f 2745//2745 2759//2759 2746//2746
f 2759//2759 3325//3325 3314//3314
f 2746//2746 2759//2759 3314//3314
f 2747//2747 2760//2760 2761//2761
f 2747//2747 2761//2761 2748//2748
f 3326//3326 2760//2760 2747//2747
f 3315//3315 3326//3326 2747//2747
f 2748//2748 2761//2761 2762//2762
f 2748//2748 2762//2762 2749//2749
f 3327//3327 3326//3326 3315//3315
f 3316//3316 3327//3327 3315//3315
f 2749//2749 2762//2762 2763//2763
f 2749//2749 2763//2763 2750//2750
f 3328//3328 3327//3327 3316//3316
f 3317//3317 3328//3328 3316//3316
f 2750//2750 2763//2763 2764//2764
f 2750//2750 2764//2764 2751//2751
f 3329//3329 3328//3328 3317//3317
f 3318//3318 3329//3329 3317//3317
f 2751//2751 2764//2764 2765//2765
f 2751//2751 2765//2765 2752//2752
f 3330//3330 3329//3329 3318//3318
f 3319//3319 3330//3330 3318//3318
f 2752//2752 2765//2765 2766//2766
f 2752//2752 2766//2766 2753//2753
f 3331//3331 3330//3330 3319//3319
f 3320//3320 3331//3331 3319//3319
f 2753//2753 2766//2766 2767//2767
f 2753//2753 2767//2767 2754//2754
f 3332//3332 3331//3331 3320//3320
f 3321//3321 3332//3332 3320//3320
f 2754//2754 2767//2767 2768//2768
f 2754//2754 2768//2768 2755//2755
f 3333//3333 3332//3332 3321//3321
f 3322//3322 3333//3333 3321//3321
f 2755//2755 2768//2768 2769//2769
f 2755//2755 2769//2769 2756//2756
f 3334//3334 3333//3333 3322//3322
f 3323//3323 3334//3334 3322//3322
f 2756//2756 2769//2769 2770//2770
f 2756//2756 2770//2770 2757//2757
f 3335//3335 3334//3334 3323//3323
f 3324//3324 3335//3335 3323//3323
f 2757//2757 2770//2770 2771//2771
f 2757//2757 2771//2771 2758//2758
f 3336//3336 3335//3335 3324//3324
f 3325//3325 3336//3336 3324//3324
f 2758//2758 2771//2771 2772//2772
f 2758//2758 2772//2772 2759//2759
f 2772//2772 3336//3336 3325//3325
f 2759//2759 2772//2772 3325//3325
f 2760//2760 2773//2773 2774//2774
f 2760//2760 2774//2774 2761//2761
f 2774//2774 2773//2773 2760//2760
f 3326//3326 2774//2774 2760//2760
f 2761//2761 2774//2774 2775//2775
f 2761//2761 2775//2775 2762//2762
f 3337//3337 2774//2774 3326//3326
f 3327//3327 3337//3337 3326//3326
f 2762//2762 2775//2775 2776//2776
f 2762//2762 2776//2776 2763//2763
f 3338//3338 3337//3337 3327//3327
f 3328//3328 3338//3338 3327//3327
f 2763//2763 2776//2776 2777//2777
f 2763//2763 2777//2777 2764//2764
f 3339//3339 3338//3338 3328//3328
f 3329//3329 3339//3339 3328//3328
f 2764//2764 2777//2777 2778//2778
f 2764//2764 2778//2778 2765//2765
f 3340//3340 3339//3339 3329//3329
f 3330//3330 3340//3340 3329//3329
f 2765//2765 2778//2778 2779//2779
f 2765//2765 2779//2779 2766//2766
f 3341//3341 3340//3340 3330//3330
f 3331//3331 3341//3341 3330//3330
f 2766//2766 2779//2779 2780//2780
f 2766//2766 2780//2780 2767//2767
f 3342//3342 3341//3341 3331//3331
f 3332//3332 3342//3342 3331//3331
f 2767//2767 2780//2780 2781//2781
f 2767//2767 2781//2781 2768//2768
f 3343//3343 3342//3342 3332//3332
f 3333//3333 3343//3343 3332//3332
f 2768//2768 2781//2781 2782//2782
f 2768//2768 2782//2782 2769//2769
f 3344//3344 3343//3343 3333//3333
f 3334//3334 3344//3344 3333//3333
f 2769//2769 2782//2782 2783//2783
f 2769//2769 2783//2783 2770//2770
f 3345//3345 3344//3344 3334//3334
f 3335//3335 3345//3345 3334//3334
f 2770//2770 2783//2783 2784//2784
f 2770//2770 2784//2784 2771//2771
f 2784//2784 3345//3345 3335//3335
f 3336//3336 2784//2784 3335//3335
f 2771//2771 2784//2784 2785//2785
f 2771//2771 2785//2785 2772//2772
f 2785//2785 2784//2784 3336//3336
f 2772//2772 2785//2785 3336//3336
f 2774//2774 2786//2786 2787//2787
f 2774//2774 2787//2787 2775//2775
f 2787//2787 2786//2786 2774//2774
f 3337//3337 2787//2787 2774//2774
f 2775//2775 2787//2787 2788//2788
f 2775//2775 2788//2788 2776//2776
f 3346//3346 2787//2787 3337//3337
f 3338//3338 3346//3346 3337//3337
f 2776//2776 2788//2788 2789//2789
f 2776//2776 2789//2789 2777//2777
f 3347//3347 3346//3346 3338//3338
f 3339//3339 3347//3347 3338//3338
f 2777//2777 2789//2789 2790//2790
f 2777//2777 2790//2790 2778//2778
f 3348//3348 3347//3347 3339//3339
f 3340//3340 3348//3348 3339//3339
f 2778//2778 2790//2790 2791//2791
f 2778//2778 2791//2791 2779//2779
f 3349//3349 3348//3348 3340//3340
f 3341//3341 3349//3349 3340//3340
f 2779//2779 2791//2791 2792//2792
f 2779//2779 2792//2792 2780//2780
f 3350//3350 3349//3349 3341//3341
f 3342//3342 3350//3350 3341//3341
f 2780//2780 2792//2792 2793//2793
f 2780//2780 2793//2793 2781//2781
f 3351//3351 3350//3350 3342//3342
f 3343//3343 3351//3351 3342//3342
f 2781//2781 2793//2793 2794//2794
f 2781//2781 2794//2794 2782//2782
f 3352//3352 3351//3351 3343//3343
f 3344//3344 3352//3352 3343//3343
f 2782//2782 2794//2794 2795//2795
f 2782//2782 2795//2795 2783//2783
f 2795//2795 3352//3352 3344//3344
f 3345//3345 2795//2795 3344//3344
f 2783//2783 2795//2795 2796//2796
f 2783//2783 2796//2796 2784//2784
f 2796//2796 2795//2795 3345//3345
f 2784//2784 2796//2796 3345//3345
f 2787//2787 2797//2797 2798//2798
f 2787//2787 2798//2798 2788//2788
f 3353//3353 2797//2797 2787//2787
f 3346//3346 3353//3353 2787//2787
f 2788//2788 2798//2798 2799//2799
f 2788//2788 2799//2799 2789//2789
f 3354//3354 3353//3353 3346//3346
f 3347//3347 3354//3354 3346//3346
f 2789//2789 2799//2799 2800//2800
f 2789//2789 2800//2800 2790//2790
f 3355//3355 3354//3354 3347//3347
f 3348//3348 3355//3355 3347//3347
f 2790//2790 2800//2800 2801//2801
f 2790//2790 2801//2801 2791//2791
f 3356//3356 3355//3355 3348//3348
f 3349//3349 3356//3356 3348//3348
f 2791//2791 2801//2801 2802//2802
f 2791//2791 2802//2802 2792//2792
f 3357//3357 3356//3356 3349//3349
f 3350//3350 3357//3357 3349//3349
f 2792//2792 2802//2802 2803//2803
f 2792//2792 2803//2803 2793//2793
f 3358//3358 3357//3357 3350//3350
f 3351//3351 3358//3358 3350//3350
f 2793//2793 2803//2803 2804//2804
f 2793//2793 2804//2804 2794//2794
f 3359//3359 3358//3358 3351//3351
f 3352//3352 3359//3359 3351//3351
f 2794//2794 2804//2804 2805//2805
f 2794//2794 2805//2805 2795//2795
f 2805//2805 3359//3359 3352//3352
f 2795//2795 2805//2805 3352//3352
f 2797//2797 2806//2806 2807//2807
f 2797//2797 2807//2807 2798//2798
f 2807//2807 2806//2806 2797//2797
f 3353//3353 2807//2807 2797//2797
f 2798//2798 2807//2807 2808//2808
f 2798//2798 2808//2808 2799//2799
f 3360//3360 2807//2807 3353//3353
f 3354//3354 3360//3360 3353//3353
f 2799//2799 2808//2808 2809//2809
f 2799//2799 2809//2809 2800//2800
f 3361//3361 3360//3360 3354//3354
f 3355//3355 3361//3361 3354//3354
f 2800//2800 2809//2809 2810//2810
f 2800//2800 2810//2810 2801//2801
f 3362//3362 3361//3361 3355//3355
f 3356//3356 3362//3362 3355//3355
f 2801//2801 2810//2810 2811//2811
f 2801//2801 2811//2811 2802//2802
f 3363//3363 3362//3362 3356//3356
f 3357//3357 3363//3363 3356//3356
f 2802//2802 2811//2811 2812//2812
f 2802//2802 2812//2812 2803//2803
f 3364//3364 3363//3363 3357//3357
f 3358//3358 3364//3364 3357//3357
f 2803//2803 2812//2812 2813//2813
f 2803//2803 2813//2813 2804//2804
f 2813//2813 3364//3364 3358//3358
f 3359//3359 2813//2813 3358//3358
f 2804//2804 2813//2813 2814//2814
f 2804//2804 2814//2814 2805//2805
f 2814//2814 2813//2813 3359//3359
f 2805//2805 2814//2814 3359//3359
f 2807//2807 2815//2815 2816//2816
f 2807//2807 2816//2816 2808//2808
f 3365//3365 2815//2815 2807//2807
f 3360//3360 3365//3365 2807//2807
f 2808//2808 2816//2816 2817//2817
f 2808//2808 2817//2817 2809//2809
f 3366//3366 3365//3365 3360//3360
f 3361//3361 3366//3366 3360//3360
f 2809//2809 2817//2817 2818//2818
f 2809//2809 2818//2818 2810//2810
f 3367//3367 3366//3366 3361//3361
f 3362//3362 3367//3367 3361//3361
f 2810//2810 2818//2818 2819//2819
f 2810//2810 2819//2819 2811//2811
f 3368//3368 3367//3367 3362//3362
f 3363//3363 3368//3368 3362//3362
f 2811//2811 2819//2819 2820//2820
f 2811//2811 2820//2820 2812//2812
f 3369//3369 3368//3368 3363//3363
f 3364//3364 3369//3369 3363//3363
f 2812//2812 2820//2820 2821//2821
f 2812//2812 2821//2821 2813//2813
f 2821//2821 3369//3369 3364//3364
f 2813//2813 2821//2821 3364//3364
f 2815//2815 2822//2822 2823//2823
f 2815//2815 2823//2823 2816//2816
f 3370//3370 2822//2822 2815//2815
f 3365//3365 3370//3370 2815//2815
f 2816//2816 2823//2823 2824//2824
f 2816//2816 2824//2824 2817//2817
f 3371//3371 3370//3370 3365//3365
f 3366//3366 3371//3371 3365//3365
f 2817//2817 2824//2824 2825//2825
f 2817//2817 2825//2825 2818//2818
f 3372//3372 3371//3371 3366//3366
f 3367//3367 3372//3372 3366//3366
f 2818//2818 2825//2825 2826//2826
f 2818//2818 2826//2826 2819//2819
f 3373//3373 3372//3372 3367//3367
f 3368//3368 3373//3373 3367//3367
f 2819//2819 2826//2826 2827//2827
f 2819//2819 2827//2827 2820//2820
f 3374//3374 3373//3373 3368//3368
f 3369//3369 3374//3374 3368//3368
f 2820//2820 2827//2827 2828//2828
f 2820//2820 2828//2828 2821//2821
f 2828//2828 3374//3374 3369//3369
f 2821//2821 2828//2828 3369//3369
f 2822//2822 2830//2830 2831//2831
f 2822//2822 2831//2831 2823//2823
f 3375//3375 2830//2830 2822//2822
f 3370//3370 3375//3375 2822//2822
f 2823//2823 2831//2831 2832//2832
f 2823//2823 2832//2832 2824//2824
f 3376//3376 3375//3375 3370//3370
f 3371//3371 3376//3376 3370//3370
f 2824//2824 2832//2832 2833//2833
f 2824//2824 2833//2833 2825//2825
f 3377//3377 3376//3376 3371//3371
f 3372//3372 3377//3377 3371//3371
f 2825//2825 2833//2833 2834//2834
f 2825//2825 2834//2834 2826//2826
f 3378//3378 3377//3377 3372//3372
f 3373//3373 3378//3378 3372//3372
f 2826//2826 2834//2834 2835//2835
f 2826//2826 2835//2835 2827//2827
f 3379//3379 3378//3378 3373//3373
f 3374//3374 3379//3379 3373//3373
f 2827//2827 2835//2835 2836//2836
f 2827//2827 2836//2836 2828//2828
f 2836//2836 3379//3379 3374//3374
f 2828//2828 2836//2836 3374//3374
f 2829//2829 2839//2839 2840//2840
f 2829//2829 2840//2840 2830//2830
f 3380//3380 2839//2839 2829//2829
f 2830//2830 3380//3380 2829//2829
f 2830//2830 2840//2840 2841//2841
f 2830//2830 2841//2841 2831//2831
f 3381//3381 3380//3380 2830//2830
f 3375//3375 3381//3381 2830//2830
f 2831//2831 2841//2841 2842//2842
f 2831//2831 2842//2842 2832//2832
f 3382//3382 3381//3381 3375//3375
f 3376//3376 3382//3382 3375//3375
f 2832//2832 2842//2842 2843//2843
f 2832//2832 2843//2843 2833//2833
f 3383//3383 3382//3382 3376//3376
f 3377//3377 3383//3383 3376//3376
f 2833//2833 2843//2843 2844//2844
f 2833//2833 2844//2844 2834//2834
f 3384//3384 3383//3383 3377//3377
f 3378//3378 3384//3384 3377//3377
f 2834//2834 2844//2844 2845//2845
f 2834//2834 2845//2845 2835//2835
f 3385//3385 3384//3384 3378//3378
f 3379//3379 3385//3385 3378//3378
f 2835//2835 2845//2845 2846//2846
f 2835//2835 2846//2846 2836//2836
f 3386//3386 3385//3385 3379//3379
f 2836//2836 3386//3386 3379//3379
f 2836//2836 2846//2846 2847//2847
f 2836//2836 2847//2847 2837//2837
f 2847//2847 3386//3386 2836//2836
f 2837//2837 2847//2847 2836//2836
f 2838//2838 2848//2848 2849//2849
f 2838//2838 2849//2849 2839//2839
f 3387//3387 2848//2848 2838//2838
f 2839//2839 3387//3387 2838//2838
f 2839//2839 2849//2849 2850//2850
f 2839//2839 2850//2850 2840//2840
f 3388//3388 3387//3387 2839//2839
f 3380//3380 3388//3388 2839//2839
f 2840//2840 2850//2850 2851//2851
f 2840//2840 2851//2851 2841//2841
f 3389//3389 3388//3388 3380//3380
f 3381//3381 3389//3389 3380//3380
f 2841//2841 2851//2851 2852//2852
f 2841//2841 2852//2852 2842//2842
f 3390//3390 3389//3389 3381//3381
f 3382//3382 3390//3390 3381//3381
f 2842//2842 2852//2852 2853//2853
f 2842//2842 2853//2853 2843//2843
f 3391//3391 3390//3390 3382//3382
f 3383//3383 3391//3391 3382//3382
f 2843//2843 2853//2853 2854//2854
f 2843//2843 2854//2854 2844//2844
f 3392//3392 3391//3391 3383//3383
f 3384//3384 3392//3392 3383//3383
f 2844//2844 2854//2854 2855//2855
f 2844//2844 2855//2855 2845//2845
f 3393//3393 3392//3392 3384//3384
f 3385//3385 3393//3393 3384//3384
f 2845//2845 2855//2855 2856//2856
f 2845//2845 2856//2856 2846//2846
f 3394//3394 3393//3393 3385//3385
f 3386//3386 3394//3394 3385//3385
f 2846//2846 2856//2856 2857//2857
f 2846//2846 2857//2857 2847//2847
f 2857//2857 3394//3394 3386//3386
f 2847//2847 2857//2857 3386//3386
f 2848//2848 2860//2860 2861//2861
f 2848//2848 2861//2861 2849//2849
f 3395//3395 2860//2860 2848//2848
f 3387//3387 3395//3395 2848//2848
f 2849//2849 2861//2861 2862//2862
f 2849//2849 2862//2862 2850//2850
f 3396//3396 3395//3395 3387//3387
f 3388//3388 3396//3396 3387//3387
f 2850//2850 2862//2862 2863//2863
f 2850//2850 2863//2863 2851//2851
f 3397//3397 3396//3396 3388//3388
f 3389//3389 3397//3397 3388//3388
f 2851//2851 2863//2863 2864//2864
f 2851//2851 2864//2864 2852//2852
f 3398//3398 3397//3397 3389//3389
f 3390//3390 3398//3398 3389//3389
f 2852//2852 2864//2864 2865//2865
f 2852//2852 2865//2865 2853//2853
f 3399//3399 3398//3398 3390//3390
f 3391//3391 3399//3399 3390//3390
f 2853//2853 2865//2865 2866//2866
f 2853//2853 2866//2866 2854//2854
f 3400//3400 3399//3399 3391//3391
f 3392//3392 3400//3400 3391//3391
f 2854//2854 2866//2866 2867//2867
f 2854//2854 2867//2867 2855//2855
f 3401//3401 3400//3400 3392//3392
f 3393//3393 3401//3401 3392//3392
f 2855//2855 2867//2867 2868//2868
f 2855//2855 2868//2868 2856//2856
f 3402//3402 3401//3401 3393//3393
f 3394//3394 3402//3402 3393//3393
f 2856//2856 2868//2868 2869//2869
f 2856//2856 2869//2869 2857//2857
f 3403//3403 3402//3402 3394//3394
f 2857//2857 3403//3403 3394//3394
f 2857//2857 2869//2869 2870//2870
f 2857//2857 2870//2870 2858//2858
f 2870//2870 3403//3403 2857//2857
f 2858//2858 2870//2870 2857//2857
f 2859//2859 2872//2872 2873//2873
f 2859//2859 2873//2873 2860//2860
f 3404//3404 2872//2872 2859//2859
f 2860//2860 3404//3404 2859//2859
f 2860//2860 2873//2873 2874//2874
f 2860//2860 2874//2874 2861//2861
f 3405//3405 3404//3404 2860//2860
f 3395//3395 3405//3405 2860//2860
f 2861//2861 2874//2874 2875//2875
f 2861//2861 2875//2875 2862//2862
f 3406//3406 3405//3405 3395//3395
f 3396//3396 3406//3406 3395//3395
f 2862//2862 2875//2875 2876//2876
f 2862//2862 2876//2876 2863//2863
f 3407//3407 3406//3406 3396//3396
f 3397//3397 3407//3407 3396//3396
f 2863//2863 2876//2876 2877//2877
f 2863//2863 2877//2877 2864//2864
f 3408//3408 3407//3407 3397//3397
f 3398//3398 3408//3408 3397//3397
f 2864//2864 2877//2877 2878//2878
f 2864//2864 2878//2878 2865//2865
f 3409//3409 3408//3408 3398//3398
f 3399//3399 3409//3409 3398//3398
f 2865//2865 2878//2878 2879//2879
f 2865//2865 2879//2879 2866//2866
f 3410//3410 3409//3409 3399//3399
f 3400//3400 3410//3410 3399//3399
f 2866//2866 2879//2879 2880//2880
f 2866//2866 2880//2880 2867//2867
f 3411//3411 3410//3410 3400//3400
f 3401//3401 3411//3411 3400//3400
f 2867//2867 2880//2880 2881//2881
f 2867//2867 2881//2881 2868//2868
f 3412//3412 3411//3411 3401//3401
f 3402//3402 3412//3412 3401//3401
f 2868//2868 2881//2881 2882//2882
f 2868//2868 2882//2882 2869//2869
f 3413//3413 3412//3412 3402//3402
f 3403//3403 3413//3413 3402//3402
f 2869//2869 2882//2882 2883//2883
f 2869//2869 2883//2883 2870//2870
f 3414//3414 3413//3413 3403//3403
f 2870//2870 3414//3414 3403//3403
f 2870//2870 2883//2883 2884//2884
f 2870//2870 2884//2884 2871//2871
f 2884//2884 3414//3414 2870//2870
f 2871//2871 2884//2884 2870//2870
f 2872//2872 2885//2885 2886//2886
f 2872//2872 2886//2886 2873//2873
f 3415//3415 2885//2885 2872//2872
f 3404//3404 3415//3415 2872//2872
f 2873//2873 2886//2886 2887//2887
f 2873//2873 2887//2887 2874//2874
f 3416//3416 3415//3415 3404//3404
f 3405//3405 3416//3416 3404//3404
f 2874//2874 2887//2887 2888//2888
f 2874//2874 2888//2888 2875//2875
f 3417//3417 3416//3416 3405//3405
f 3406//3406 3417//3417 3405//3405
f 2875//2875 2888//2888 2889//2889
f 2875//2875 2889//2889 2876//2876
f 3418//3418 3417//3417 3406//3406
f 3407//3407 3418//3418 3406//3406
f 2876//2876 2889//2889 2890//2890
f 2876//2876 2890//2890 2877//2877
f 3419//3419 3418//3418 3407//3407
f 3408//3408 3419//3419 3407//3407
f 2877//2877 2890//2890 2891//2891
f 2877//2877 2891//2891 2878//2878
f 3420//3420 3419//3419 3408//3408
f 3409//3409 3420//3420 3408//3408
f 2878//2878 2891//2891 2892//2892
f 2878//2878 2892//2892 2879//2879
f 3421//3421 3420//3420 3409//3409
f 3410//3410 3421//3421 3409//3409
f 2879//2879 2892//2892 2893//2893
f 2879//2879 2893//2893 2880//2880
f 3422//3422 3421//3421 3410//3410
f 3411//3411 3422//3422 3410//3410
f 2880//2880 2893//2893 2894//2894
f 2880//2880 2894//2894 2881//2881
f 3423//3423 3422//3422 3411//3411
f 3412//3412 3423//3423 3411//3411
f 2881//2881 2894//2894 2895//2895
f 2881//2881 2895//2895 2882//2882
f 3424//3424 3423//3423 3412//3412
f 3413//3413 3424//3424 3412//3412
f 2882//2882 2895//2895 2896//2896
f 2882//2882 2896//2896 2883//2883
f 3425//3425 3424//3424 3413//3413
f 3414//3414 3425//3425 3413//3413
f 2883//2883 2896//2896 2897//2897
f 2883//2883 2897//2897 2884//2884
f 2897//2897 3425//3425 3414//3414
f 2884//2884 2897//2897 3414//3414
f 2885//2885 2898//2898 2899//2899
f 2885//2885 2899//2899 2886//2886
f 3426//3426 2898//2898 2885//2885
f 3415//3415 3426//3426 2885//2885
f 2886//2886 2899//2899 2900//2900
f 2886//2886 2900//2900 2887//2887
f 3427//3427 3426//3426 3415//3415
f 3416//3416 3427//3427 3415//3415
f 2887//2887 2900//2900 2901//2901
f 2887//2887 2901//2901 2888//2888
f 3428//3428 3427//3427 3416//3416
f 3417//3417 3428//3428 3416//3416
f 2888//2888 2901//2901 2902//2902
f 2888//2888 2902//2902 2889//2889
f 3429//3429 3428//3428 3417//3417
f 3418//3418 3429//3429 3417//3417
f 2889//2889 2902//2902 2903//2903
f 2889//2889 2903//2903 2890//2890
f 3430//3430 3429//3429 3418//3418
f 3419//3419 3430//3430 3418//3418
f 2890//2890 2903//2903 2904//2904
f 2890//2890 2904//2904 2891//2891
f 3431//3431 3430//3430 3419//3419
f 3420//3420 3431//3431 3419//3419
f 2891//2891 2904//2904 2905//2905
f 2891//2891 2905//2905 2892//2892
f 3432//3432 3431//3431 3420//3420
f 3421//3421 3432//3432 3420//3420
f 2892//2892 2905//2905 2906//2906
f 2892//2892 2906//2906 2893//2893
f 3433//3433 3432//3432 3421//3421
f 3422//3422 3433//3433 3421//3421
f 2893//2893 2906//2906 2907//2907
f 2893//2893 2907//2907 2894//2894
f 3434//3434 3433//3433 3422//3422
f 3423//3423 3434//3434 3422//3422
f 2894//2894 2907//2907 2908//2908
f 2894//2894 2908//2908 2895//2895
f 3435//3435 3434//3434 3423//3423
f 3424//3424 3435//3435 3423//3423
f 2895//2895 2908//2908 2909//2909
f 2895//2895 2909//2909 2896//2896
f 3436//3436 3435//3435 3424//3424
f 3425//3425 3436//3436 3424//3424
f 2896//2896 2909//2909 2910//2910
f 2896//2896 2910//2910 2897//2897
f 2910//2910 3436//3436 3425//3425
f 2897//2897 2910//2910 3425//3425
f 2898//2898 2911//2911 2912//2912
f 2898//2898 2912//2912 2899//2899
f 2912//2912 2911//2911 2898//2898
f 3426//3426 2912//2912 2898//2898
f 2899//2899 2912//2912 2913//2913
f 2899//2899 2913//2913 2900//2900
f 3437//3437 2912//2912 3426//3426
f 3427//3427 3437//3437 3426//3426
f 2900//2900 2913//2913 2914//2914
f 2900//2900 2914//2914 2901//2901
f 3438//3438 3437//3437 3427//3427
f 3428//3428 3438//3438 3427//3427
f 2901//2901 2914//2914 2915//2915
f 2901//2901 2915//2915 2902//2902
f 3439//3439 3438//3438 3428//3428
f 3429//3429 3439//3439 3428//3428
f 2902//2902 2915//2915 2916//2916
f 2902//2902 2916//2916 2903//2903
f 3440//3440 3439//3439 3429//3429
f 3430//3430 3440//3440 3429//3429
f 2903//2903 2916//2916 2917//2917
f 2903//2903 2917//2917 2904//2904
f 3441//3441 3440//3440 3430//3430
f 3431//3431 3441//3441 3430//3430
f 2904//2904 2917//2917 2918//2918
f 2904//2904 2918//2918 2905//2905
f 3442//3442 3441//3441 3431//3431
f 3432//3432 3442//3442 3431//3431
f 2905//2905 2918//2918 2919//2919
f 2905//2905 2919//2919 2906//2906
f 3443//3443 3442//3442 3432//3432
f 3433//3433 3443//3443 3432//3432
f 2906//2906 2919//2919 2920//2920
f 2906//2906 2920//2920 2907//2907
f 3444//3444 3443//3443 3433//3433
f 3434//3434 3444//3444 3433//3433
f 2907//2907 2920//2920 2921//2921
f 2907//2907 2921//2921 2908//2908
f 3445//3445 3444//3444 3434//3434
f 3435//3435 3445//3445 3434//3434
f 2908//2908 2921//2921 2922//2922
f 2908//2908 2922//2922 2909//2909
f 2922//2922 3445//3445 3435//3435
f 3436//3436 2922//2922 3435//3435
f 2909//2909 2922//2922 2923//2923
f 2909//2909 2923//2923 2910//2910
f 2923//2923 2922//2922 3436//3436
f 2910//2910 2923//2923 3436//3436
f 2912//2912 2924//2924 2925//2925
f 2912//2912 2925//2925 2913//2913
f 2925//2925 2924//2924 2912//2912
f 3437//3437 2925//2925 2912//2912
f 2913//2913 2925//2925 2926//2926
f 2913//2913 2926//2926 2914//2914
f 3446//3446 2925//2925 3437//3437
f 3438//3438 3446//3446 3437//3437
f 2914//2914 2926//2926 2927//2927
f 2914//2914 2927//2927 2915//2915
f 3447//3447 3446//3446 3438//3438
f 3439//3439 3447//3447 3438//3438
f 2915//2915 2927//2927 2928//2928
f 2915//2915 2928//2928 2916//2916
f 3448//3448 3447//3447 3439//3439
f 3440//3440 3448//3448 3439//3439
f 2916//2916 2928//2928 2929//2929
f 2916//2916 2929//2929 2917//2917
f 3449//3449 3448//3448 3440//3440
f 3441//3441 3449//3449 3440//3440
f 2917//2917 2929//2929 2930//2930
f 2917//2917 2930//2930 2918//2918
f 3450//3450 3449//3449 3441//3441
f 3442//3442 3450//3450 3441//3441
f 2918//2918 2930//2930 2931//2931
f 2918//2918 2931//2931 2919//2919
f 3451//3451 3450//3450 3442//3442
f 3443//3443 3451//3451 3442//3442
f 2919//2919 2931//2931 2932//2932
f 2919//2919 2932//2932 2920//2920
f 3452//3452 3451//3451 3443//3443
f 3444//3444 3452//3452 3443//3443
f 2920//2920 2932//2932 2933//2933
f 2920//2920 2933//2933 2921//2921
f 2933//2933 3452//3452 3444//3444
f 3445//3445 2933//2933 3444//3444
f 2921//2921 2933//2933 2934//2934
f 2921//2921 2934//2934 2922//2922
f 2934//2934 2933//2933 3445//3445
f 2922//2922 2934//2934 3445//3445
f 2925//2925 2935//2935 2936//2936
f 2925//2925 2936//2936 2926//2926
f 3453//3453 2935//2935 2925//2925
f 3446//3446 3453//3453 2925//2925
f 2926//2926 2936//2936 2937//2937
f 2926//2926 2937//2937 2927//2927
f 3454//3454 3453//3453 3446//3446
f 3447//3447 3454//3454 3446//3446
f 2927//2927 2937//2937 2938//2938
f 2927//2927 2938//2938 2928//2928
f 3455//3455 3454//3454 3447//3447
f 3448//3448 3455//3455 3447//3447
f 2928//2928 2938//2938 2939//2939
f 2928//2928 2939//2939 2929//2929
f 3456//3456 3455//3455 3448//3448
f 3449//3449 3456//3456 3448//3448
f 2929//2929 2939//2939 2940//2940
f 2929//2929 2940//2940 2930//2930
f 3457//3457 3456//3456 3449//3449
f 3450//3450 3457//3457 3449//3449
f 2930//2930 2940//2940 2941//2941
f 2930//2930 2941//2941 2931//2931
f 3458//3458 3457//3457 3450//3450
f 3451//3451 3458//3458 3450//3450
f 2931//2931 2941//2941 2942//2942
f 2931//2931 2942//2942 2932//2932
f 3459//3459 3458//3458 3451//3451
f 3452//3452 3459//3459 3451//3451
f 2932//2932 2942//2942 2943//2943
f 2932//2932 2943//2943 2933//2933
f 2943//2943 3459//3459 3452//3452
f 2933//2933 2943//2943 3452//3452
f 2935//2935 2944//2944 2945//2945
f 2935//2935 2945//2945 2936//2936
f 2945//2945 2944//2944 2935//2935
f 3453//3453 2945//2945 2935//2935
f 2936//2936 2945//2945 2946//2946
f 2936//2936 2946//2946 2937//2937
f 3460//3460 2945//2945 3453//3453
f 3454//3454 3460//3460 3453//3453
f 2937//2937 2946//2946 2947//2947
f 2937//2937 2947//2947 2938//2938
f 3461//3461 3460//3460 3454//3454
f 3455//3455 3461//3461 3454//3454
f 2938//2938 2947//2947 2948//2948
f 2938//2938 2948//2948 2939//2939
f 3462//3462 3461//3461 3455//3455
f 3456//3456 3462//3462 3455//3455
f 2939//2939 2948//2948 2949//2949
f 2939//2939 2949//2949 2940//2940
f 3463//3463 3462//3462 3456//3456
f 3457//3457 3463//3463 3456//3456
f 2940//2940 2949//2949 2950//2950
f 2940//2940 2950//2950 2941//2941
f 3464//3464 3463//3463 3457//3457
f 3458//3458 3464//3464 3457//3457
f 2941//2941 2950//2950 2951//2951
f 2941//2941 2951//2951 2942//2942
f 2951//2951 3464//3464 3458//3458
f 3459//3459 2951//2951 3458//3458
f 2942//2942 2951//2951 2952//2952
f 2942//2942 2952//2952 2943//2943
f 2952//2952 2951//2951 3459//3459
f 2943//2943 2952//2952 3459//3459
f 2945//2945 2953//2953 2954//2954
f 2945//2945 2954//2954 2946//2946
f 3465//3465 2953//2953 2945//2945
f 3460//3460 3465//3465 2945//2945
f 2946//2946 2954//2954 2955//2955
f 2946//2946 2955//2955 2947//2947
f 3466//3466 3465//3465 3460//3460
f 3461//3461 3466//3466 3460//3460
f 2947//2947 2955//2955 2956//2956
f 2947//2947 2956//2956 2948//2948
f 3467//3467 3466//3466 3461//3461
f 3462//3462 3467//3467 3461//3461
f 2948//2948 2956//2956 2957//2957
f 2948//2948 2957//2957 2949//2949
f 3468//3468 3467//3467 3462//3462
f 3463//3463 3468//3468 3462//3462
f 2949//2949 2957//2957 2958//2958
f 2949//2949 2958//2958 2950//2950
f 3469//3469 3468//3468 3463//3463
f 3464//3464 3469//3469 3463//3463
f 2950//2950 2958//2958 2959//2959
f 2950//2950 2959//2959 2951//2951
f 2959//2959 3469//3469 3464//3464
f 2951//2951 2959//2959 3464//3464
f 2953//2953 2960//2960 2961//2961
f 2953//2953 2961//2961 2954//2954
f 3470//3470 2960//2960 2953//2953
f 3465//3465 3470//3470 2953//2953
f 2954//2954 2961//2961 2962//2962
f 2954//2954 2962//2962 2955//2955
f 3471//3471 3470//3470 3465//3465
f 3466//3466 3471//3471 3465//3465
f 2955//2955 2962//2962 2963//2963
f 2955//2955 2963//2963 2956//2956
f 3472//3472 3471//3471 3466//3466
f 3467//3467 3472//3472 3466//3466
f 2956//2956 2963//2963 2964//2964
f 2956//2956 2964//2964 2957//2957
f 3473//3473 3472//3472 3467//3467
f 3468//3468 3473//3473 3467//3467
f 2957//2957 2964//2964 2965//2965
f 2957//2957 2965//2965 2958//2958
f 3474//3474 3473//3473 3468//3468
f 3469//3469 3474//3474 3468//3468
f 2958//2958 2965//2965 2966//2966
f 2958//2958 2966//2966 2959//2959
f 2966//2966 3474//3474 3469//3469
f 2959//2959 2966//2966 3469//3469
f 2960//2960 2968//2968 2969//2969
f 2960//2960 2969//2969 2961//2961
f 3475//3475 2968//2968 2960//2960
f 3470//3470 3475//3475 2960//2960
f 2961//2961 2969//2969 2970//2970
f 2961//2961 2970//2970 2962//2962
f 3476//3476 3475//3475 3470//3470
f 3471//3471 3476//3476 3470//3470
f 2962//2962 2970//2970 2971//2971
f 2962//2962 2971//2971 2963//2963
f 3477//3477 3476//3476 3471//3471
f 3472//3472 3477//3477 3471//3471
f 2963//2963 2971//2971 2972//2972
f 2963//2963 2972//2972 2964//2964
f 3478//3478 3477//3477 3472//3472
f 3473//3473 3478//3478 3472//3472
f 2964//2964 2972//2972 2973//2973
f 2964//2964 2973//2973 2965//2965
f 3479//3479 3478//3478 3473//3473
f 3474//3474 3479//3479 3473//3473
f 2965//2965 2973//2973 2974//2974
f 2965//2965 2974//2974 2966//2966
f 2974//2974 3479//3479 3474//3474
f 2966//2966 2974//2974 3474//3474
f 2967//2967 2977//2977 2978//2978
f 2967//2967 2978//2978 2968//2968
f 3480//3480 2977//2977 2967//2967
f 2968//2968 3480//3480 2967//2967
f 2968//2968 2978//2978 2979//2979
f 2968//2968 2979//2979 2969//2969
f 3481//3481 3480//3480 2968//2968
f 3475//3475 3481//3481 2968//2968
f 2969//2969 2979//2979 2980//2980
f 2969//2969 2980//2980 2970//2970
f 3482//3482 3481//3481 3475//3475
f 3476//3476 3482//3482 3475//3475
f 2970//2970 2980//2980 2981//2981
f 2970//2970 2981//2981 2971//2971
f 3483//3483 3482//3482 3476//3476
f 3477//3477 3483//3483 3476//3476
f 2971//2971 2981//2981 2982//2982
f 2971//2971 2982//2982 2972//2972
f 3484//3484 3483//3483 3477//3477
f 3478//3478 3484//3484 3477//3477
f 2972//2972 2982//2982 2983//2983
f 2972//2972 2983//2983 2973//2973
f 3485//3485 3484//3484 3478//3478
f 3479//3479 3485//3485 3478//3478
f 2973//2973 2983//2983 2984//2984
f 2973//2973 2984//2984 2974//2974
f 3486//3486 3485//3485 3479//3479
f 2974//2974 3486//3486 3479//3479
f 2974//2974 2984//2984 2985//2985
f 2974//2974 2985//2985 2975//2975
f 2985//2985 3486//3486 2974//2974
f 2975//2975 2985//2985 2974//2974
f 2976//2976 2986//2986 2987//2987
f 2976//2976 2987//2987 2977//2977
f 3487//3487 2986//2986 2976//2976
f 2977//2977 3487//3487 2976//2976
f 2977//2977 2987//2987 2988//2988
f 2977//2977 2988//2988 2978//2978
f 3488//3488 3487//3487 2977//2977
f 3480//3480 3488//3488 2977//2977
f 2978//2978 2988//2988 2989//2989
f 2978//2978 2989//2989 2979//2979
f 3489//3489 3488//3488 3480//3480
f 3481//3481 3489//3489 3480//3480
f 2979//2979 2989//2989 2990//2990
f 2979//2979 2990//2990 2980//2980
f 3490//3490 3489//3489 3481//3481
f 3482//3482 3490//3490 3481//3481
f 2980//2980 2990//2990 2991//2991
f 2980//2980 2991//2991 2981//2981
f 3491//3491 3490//3490 3482//3482
f 3483//3483 3491//3491 3482//3482
f 2981//2981 2991//2991 2992//2992
f 2981//2981 2992//2992 2982//2982
f 3492//3492 3491//3491 3483//3483
f 3484//3484 3492//3492 3483//3483
f 2982//2982 2992//2992 2993//2993
f 2982//2982 2993//2993 2983//2983
f 3493//3493 3492//3492 3484//3484
f 3485//3485 3493//3493 3484//3484
f 2983//2983 2993//2993 2994//2994
f 2983//2983 2994//2994 2984//2984
f 3494//3494 3493//3493 3485//3485
f 3486//3486 3494//3494 3485//3485
f 2984//2984 2994//2994 2995//2995
f 2984//2984 2995//2995 2985//2985
f 2995//2995 3494//3494 3486//3486
f 2985//2985 2995//2995 3486//3486
f 2986//2986 2998//2998 2999//2999
f 2986//2986 2999//2999 2987//2987
f 3495//3495 2998//2998 2986//2986
f 3487//3487 3495//3495 2986//2986
f 2987//2987 2999//2999 3000//3000
f 2987//2987 3000//3000 2988//2988
f 3496//3496 3495//3495 3487//3487
f 3488//3488 3496//3496 3487//3487
f 2988//2988 3000//3000 3001//3001
f 2988//2988 3001//3001 2989//2989
f 3497//3497 3496//3496 3488//3488
f 3489//3489 3497//3497 3488//3488
f 2989//2989 3001//3001 3002//3002
f 2989//2989 3002//3002 2990//2990
f 3498//3498 3497//3497 3489//3489
f 3490//3490 3498//3498 3489//3489
f 2990//2990 3002//3002 3003//3003
f 2990//2990 3003//3003 2991//2991
f 3499//3499 3498//3498 3490//3490
f 3491//3491 3499//3499 3490//3490
f 2991//2991 3003//3003 3004//3004
f 2991//2991 3004//3004 2992//2992
f 3500//3500 3499//3499 3491//3491
f 3492//3492 3500//3500 3491//3491
f 2992//2992 3004//3004 3005//3005
f 2992//2992 3005//3005 2993//2993
f 3501//3501 3500//3500 3492//3492
f 3493//3493 3501//3501 3492//3492
f 2993//2993 3005//3005 3006//3006
f 2993//2993 3006//3006 2994//2994
f 3502//3502 3501//3501 3493//3493
f 3494//3494 3502//3502 3493//3493
f 2994//2994 3006//3006 3007//3007
f 2994//2994 3007//3007 2995//2995
f 3503//3503 3502//3502 3494//3494
f 2995//2995 3503//3503 3494//3494
f 2995//2995 3007//3007 3008//3008
f 2995//2995 3008//3008 2996//2996
f 3008//3008 3503//3503 2995//2995
f 2996//2996 3008//3008 2995//2995
f 2997//2997 3010//3010 3011//3011
f 2997//2997 3011//3011 2998//2998
f 3504//3504 3010//3010 2997//2997
f 2998//2998 3504//3504 2997//2997
f 2998//2998 3011//3011 3012//3012
f 2998//2998 3012//3012 2999//2999
f 3505//3505 3504//3504 2998//2998
f 3495//3495 3505//3505 2998//2998
f 2999//2999 3012//3012 3013//3013
f 2999//2999 3013//3013 3000//3000
f 3506//3506 3505//3505 3495//3495
f 3496//3496 3506//3506 3495//3495
f 3000//3000 3013//3013 3014//3014
f 3000//3000 3014//3014 3001//3001
f 3507//3507 3506//3506 3496//3496
f 3497//3497 3507//3507 3496//3496
f 3001//3001 3014//3014 3015//3015
f 3001//3001 3015//3015 3002//3002
f 3508//3508 3507//3507 3497//3497
f 3498//3498 3508//3508 3497//3497
f 3002//3002 3015//3015 3016//3016
f 3002//3002 3016//3016 3003//3003
f 3509//3509 3508//3508 3498//3498
f 3499//3499 3509//3509 3498//3498
f 3003//3003 3016//3016 3017//3017
f 3003//3003 3017//3017 3004//3004
f 3510//3510 3509//3509 3499//3499
f 3500//3500 3510//3510 3499//3499
f 3004//3004 3017//3017 3018//3018
f 3004//3004 3018//3018 3005//3005
f 3511//3511 3510//3510 3500//3500
f 3501//3501 3511//3511 3500//3500
f 3005//3005 3018//3018 3019//3019
f 3005//3005 3019//3019 3006//3006
f 3512//3512 3511//3511 3501//3501
f 3502//3502 3512//3512 3501//3501
f 3006//3006 3019//3019 3020//3020
f 3006//3006 3020//3020 3007//3007
f 3513//3513 3512//3512 3502//3502
f 3503//3503 3513//3513 3502//3502
f 3007//3007 3020//3020 3021//3021
f 3007//3007 3021//3021 3008//3008
f 3514//3514 3513//3513 3503//3503
f 3008//3008 3514//3514 3503//3503
f 3008//3008 3021//3021 3022//3022
f 3008//3008 3022//3022 3009//3009
f 3022//3022 3514//3514 3008//3008
f 3009//3009 3022//3022 3008//3008
f 3010//3010 3023//3023 3024//3024
f 3010//3010 3024//3024 3011//3011
f 3515//3515 3023//3023 3010//3010
f 3504//3504 3515//3515 3010//3010
f 3011//3011 3024//3024 3025//3025
f 3011//3011 3025//3025 3012//3012
f 3516//3516 3515//3515 3504//3504
f 3505//3505 3516//3516 3504//3504
f 3012//3012 3025//3025 3026//3026
f 3012//3012 3026//3026 3013//3013
f 3517//3517 3516//3516 3505//3505
f 3506//3506 3517//3517 3505//3505
f 3013//3013 3026//3026 3027//3027
f 3013//3013 3027//3027 3014//3014
f 3518//3518 3517//3517 3506//3506
f 3507//3507 3518//3518 3506//3506
f 3014//3014 3027//3027 3028//3028
f 3014//3014 3028//3028 3015//3015
f 3519//3519 3518//3518 3507//3507
f 3508//3508 3519//3519 3507//3507
f 3015//3015 3028//3028 3029//3029
f 3015//3015 3029//3029 3016//3016
f 3520//3520 3519//3519 3508//3508
f 3509//3509 3520//3520 3508//3508
f 3016//3016 3029//3029 3030//3030
f 3016//3016 3030//3030 3017//3017
f 3521//3521 3520//3520 3509//3509
f 3510//3510 3521//3521 3509//3509
f 3017//3017 3030//3030 3031//3031
f 3017//3017 3031//3031 3018//3018
f 3522//3522 3521//3521 3510//3510
f 3511//3511 3522//3522 3510//3510
f 3018//3018 3031//3031 3032//3032
f 3018//3018 3032//3032 3019//3019
f 3523//3523 3522//3522 3511//3511
f 3512//3512 3523//3523 3511//3511
f 3019//3019 3032//3032 3033//3033
f 3019//3019 3033//3033 3020//3020
f 3524//3524 3523//3523 3512//3512
f 3513//3513 3524//3524 3512//3512
f 3020//3020 3033//3033 3034//3034
f 3020//3020 3034//3034 3021//3021
f 3525//3525 3524//3524 3513//3513
f 3514//3514 3525//3525 3513//3513
f 3021//3021 3034//3034 3035//3035
f 3021//3021 3035//3035 3022//3022
f 3035//3035 3525//3525 3514//3514
f 3022//3022 3035//3035 3514//3514
f 3023//3023 3036//3036 3037//3037
f 3023//3023 3037//3037 3024//3024
f 3526//3526 3036//3036 3023//3023
f 3515//3515 3526//3526 3023//3023
f 3024//3024 3037//3037 3038//3038
f 3024//3024 3038//3038 3025//3025
f 3527//3527 3526//3526 3515//3515
f 3516//3516 3527//3527 3515//3515
f 3025//3025 3038//3038 3039//3039
f 3025//3025 3039//3039 3026//3026
f 3528//3528 3527//3527 3516//3516
f 3517//3517 3528//3528 3516//3516
f 3026//3026 3039//3039 3040//3040
f 3026//3026 3040//3040 3027//3027
f 3529//3529 3528//3528 3517//3517
f 3518//3518 3529//3529 3517//3517
f 3027//3027 3040//3040 3041//3041
f 3027//3027 3041//3041 3028//3028
f 3530//3530 3529//3529 3518//3518
f 3519//3519 3530//3530 3518//3518
f 3028//3028 3041//3041 3042//3042
f 3028//3028 3042//3042 3029//3029
f 3531//3531 3530//3530 3519//3519
f 3520//3520 3531//3531 3519//3519
f 3029//3029 3042//3042 3043//3043
f 3029//3029 3043//3043 3030//3030
f 3532//3532 3531//3531 3520//3520
f 3521//3521 3532//3532 3520//3520
f 3030//3030 3043//3043 3044//3044
f 3030//3030 3044//3044 3031//3031
f 3533//3533 3532//3532 3521//3521
f 3522//3522 3533//3533 3521//3521
f 3031//3031 3044//3044 3045//3045
f 3031//3031 3045//3045 3032//3032
f 3534//3534 3533//3533 3522//3522
f 3523//3523 3534//3534 3522//3522
f 3032//3032 3045//3045 3046//3046
f 3032//3032 3046//3046 3033//3033
f 3535//3535 3534//3534 3523//3523
f 3524//3524 3535//3535 3523//3523
f 3033//3033 3046//3046 3047//3047
f 3033//3033 3047//3047 3034//3034
f 3536//3536 3535//3535 3524//3524
f 3525//3525 3536//3536 3524//3524
f 3034//3034 3047//3047 3048//3048
f 3034//3034 3048//3048 3035//3035
f 3048//3048 3536//3536 3525//3525
f 3035//3035 3048//3048 3525//3525
f 3036//3036 3049//3049 3050//3050
f 3036//3036 3050//3050 3037//3037
f 3050//3050 3049//3049 3036//3036
f 3526//3526 3050//3050 3036//3036
f 3037//3037 3050//3050 3051//3051
f 3037//3037 3051//3051 3038//3038
f 3537//3537 3050//3050 3526//3526
f 3527//3527 3537//3537 3526//3526
f 3038//3038 3051//3051 3052//3052
f 3038//3038 3052//3052 3039//3039
f 3538//3538 3537//3537 3527//3527
f 3528//3528 3538//3538 3527//3527
f 3039//3039 3052//3052 3053//3053
f 3039//3039 3053//3053 3040//3040
f 3539//3539 3538//3538 3528//3528
f 3529//3529 3539//3539 3528//3528
f 3040//3040 3053//3053 3054//3054
f 3040//3040 3054//3054 3041//3041
f 3540//3540 3539//3539 3529//3529
f 3530//3530 3540//3540 3529//3529
f 3041//3041 3054//3054 3055//3055
f 3041//3041 3055//3055 3042//3042
f 3541//3541 3540//3540 3530//3530
f 3531//3531 3541//3541 3530//3530
f 3042//3042 3055//3055 3056//3056
f 3042//3042 3056//3056 3043//3043
f 3542//3542 3541//3541 3531//3531
f 3532//3532 3542//3542 3531//3531
f 3043//3043 3056//3056 3057//3057
f 3043//3043 3057//3057 3044//3044
f 3543//3543 3542//3542 3532//3532
f 3533//3533 3543//3543 3532//3532
f 3044//3044 3057//3057 3058//3058
f 3044//3044 3058//3058 3045//3045
f 3544//3544 3543//3543 3533//3533
f 3534//3534 3544//3544 3533//3533
f 3045//3045 3058//3058 3059//3059
f 3045//3045 3059//3059 3046//3046
f 3059//3059 3544//3544 3534//3534
f 3535//3535 3059//3059 3534//3534
f 3046//3046 3059//3059 3060//3060
f 3046//3046 3060//3060 3047//3047
f 3060//3060 3059//3059 3535//3535
f 3536//3536 3060//3060 3535//3535
f 3047//3047 3060//3060 3061//3061
f 3047//3047 3061//3061 3048//3048
f 3061//3061 3060//3060 3536//3536
f 3048//3048 3061//3061 3536//3536
f 3050//3050 3062//3062 3063//3063
f 3050//3050 3063//3063 3051//3051
f 3063//3063 3062//3062 3050//3050
f 3537//3537 3063//3063 3050//3050
f 3051//3051 3063//3063 3064//3064
f 3051//3051 3064//3064 3052//3052
f 3064//3064 3063//3063 3537//3537
f 3538//3538 3064//3064 3537//3537
f 3052//3052 3064//3064 3065//3065
f 3052//3052 3065//3065 3053//3053
f 3545//3545 3064//3064 3538//3538
f 3539//3539 3545//3545 3538//3538
f 3053//3053 3065//3065 3066//3066
f 3053//3053 3066//3066 3054//3054
f 3546//3546 3545//3545 3539//3539
f 3540//3540 3546//3546 3539//3539
f 3054//3054 3066//3066 3067//3067
f 3054//3054 3067//3067 3055//3055
f 3547//3547 3546//3546 3540//3540
f 3541//3541 3547//3547 3540//3540
f 3055//3055 3067//3067 3068//3068
f 3055//3055 3068//3068 3056//3056
f 3548//3548 3547//3547 3541//3541
f 3542//3542 3548//3548 3541//3541
f 3056//3056 3068//3068 3069//3069
f 3056//3056 3069//3069 3057//3057
f 3549//3549 3548//3548 3542//3542
f 3543//3543 3549//3549 3542//3542
f 3057//3057 3069//3069 3070//3070
f 3057//3057 3070//3070 3058//3058
f 3070//3070 3549//3549 3543//3543
f 3544//3544 3070//3070 3543//3543
f 3058//3058 3070//3070 3071//3071
f 3058//3058 3071//3071 3059//3059
f 3071//3071 3070//3070 3544//3544
f 3059//3059 3071//3071 3544//3544
f 3064//3064 3072//3072 3073//3073
f 3064//3064 3073//3073 3065//3065
f 3550//3550 3072//3072 3064//3064
f 3545//3545 3550//3550 3064//3064
f 3065//3065 3073//3073 3074//3074
f 3065//3065 3074//3074 3066//3066
f 3551//3551 3550//3550 3545//3545
f 3546//3546 3551//3551 3545//3545
f 3066//3066 3074//3074 3075//3075
f 3066//3066 3075//3075 3067//3067
f 3552//3552 3551//3551 3546//3546
f 3547//3547 3552//3552 3546//3546
f 3067//3067 3075//3075 3076//3076
f 3067//3067 3076//3076 3068//3068
f 3553//3553 3552//3552 3547//3547
f 3548//3548 3553//3553 3547//3547
f 3068//3068 3076//3076 3077//3077
f 3068//3068 3077//3077 3069//3069
f 3077//3077 3553//3553 3548//3548
f 3549//3549 3077//3077 3548//3548
f 3069//3069 3077//3077 3078//3078
f 3069//3069 3078//3078 3070//3070
f 3078//3078 3077//3077 3549//3549
f 3070//3070 3078//3078 3549//3549
f 3072//3072 3079//3079 3080//3080
f 3072//3072 3080//3080 3073//3073
f 3080//3080 3079//3079 3072//3072
f 3550//3550 3080//3080 3072//3072
f 3073//3073 3080//3080 3081//3081
f 3073//3073 3081//3081 3074//3074
f 3554//3554 3080//3080 3550//3550
f 3551//3551 3554//3554 3550//3550
f 3074//3074 3081//3081 3082//3082
f 3074//3074 3082//3082 3075//3075
f 3555//3555 3554//3554 3551//3551
f 3552//3552 3555//3555 3551//3551
f 3075//3075 3082//3082 3083//3083
f 3075//3075 3083//3083 3076//3076
f 3556//3556 3555//3555 3552//3552
f 3553//3553 3556//3556 3552//3552
f 3076//3076 3083//3083 3084//3084
f 3076//3076 3084//3084 3077//3077
f 3084//3084 3556//3556 3553//3553
f 3077//3077 3084//3084 3553//3553
f 3080//3080 3085//3085 3086//3086
f 3080//3080 3086//3086 3081//3081
f 3086//3086 3085//3085 3080//3080
f 3554//3554 3086//3086 3080//3080
f 3081//3081 3086//3086 3087//3087
f 3081//3081 3087//3087 3082//3082
f 3087//3087 3086//3086 3554//3554
f 3555//3555 3087//3087 3554//3554
f 3082//3082 3087//3087 3088//3088
f 3082//3082 3088//3088 3083//3083
f 3088//3088 3087//3087 3555//3555
f 3556//3556 3088//3088 3555//3555
f 3083//3083 3088//3088 3089//3089
f 3083//3083 3089//3089 3084//3084
f 3089//3089 3088//3088 3556//3556
f 3084//3084 3089//3089 3556//3556
f 3557//3557 3562//3562 3563//3563
f 3557//3557 3563//3563 3558//3558
f 4228//4228 3562//3562 3557//3557
f 3558//3558 4228//4228 3557//3557
f 3558//3558 3563//3563 3564//3564
f 3558//3558 3564//3564 3559//3559
f 4229//4229 4228//4228 3558//3558
f 3559//3559 4229//4229 3558//3558
f 3559//3559 3564//3564 3565//3565
f 3559//3559 3565//3565 3560//3560
f 3565//3565 4229//4229 3559//3559
f 3560//3560 3565//3565 3559//3559
f 3561//3561 3568//3568 3569//3569
f 3561//3561 3569//3569 3562//3562
f 4230//4230 3568//3568 3561//3561
f 3562//3562 4230//4230 3561//3561
f 3562//3562 3569//3569 3570//3570
f 3562//3562 3570//3570 3563//3563
f 4231//4231 4230//4230 3562//3562
f 4228//4228 4231//4231 3562//3562
f 3563//3563 3570//3570 3571//3571
f 3563//3563 3571//3571 3564//3564
f 4232//4232 4231//4231 4228//4228
f 4229//4229 4232//4232 4228//4228
f 3564//3564 3571//3571 3572//3572
f 3564//3564 3572//3572 3565//3565
f 4233//4233 4232//4232 4229//4229
f 3565//3565 4233//4233 4229//4229
f 3565//3565 3572//3572 3573//3573
f 3565//3565 3573//3573 3566//3566
f 3573//3573 4233//4233 3565//3565
f 3566//3566 3573//3573 3565//3565
f 3567//3567 3576//3576 3577//3577
f 3567//3567 3577//3577 3568//3568
f 4234//4234 3576//3576 3567//3567
f 3568//3568 4234//4234 3567//3567
f 3568//3568 3577//3577 3578//3578
f 3568//3568 3578//3578 3569//3569
f 4235//4235 4234//4234 3568//3568
f 4230//4230 4235//4235 3568//3568
f 3569//3569 3578//3578 3579//3579
f 3569//3569 3579//3579 3570//3570
f 4236//4236 4235//4235 4230//4230
f 4231//4231 4236//4236 4230//4230
f 3570//3570 3579//3579 3580//3580
f 3570//3570 3580//3580 3571//3571
f 4237//4237 4236//4236 4231//4231
f 4232//4232 4237//4237 4231//4231
f 3571//3571 3580//3580 3581//3581
f 3571//3571 3581//3581 3572//3572
f 4238//4238 4237//4237 4232//4232
f 4233//4233 4238//4238 4232//4232
f 3572//3572 3581//3581 3582//3582
f 3572//3572 3582//3582 3573//3573
f 4239//4239 4238//4238 4233//4233
f 3573//3573 4239//4239 4233//4233
f 3573//3573 3582//3582 3583//3583
f 3573//3573 3583//3583 3574//3574
f 3583//3583 4239//4239 3573//3573
f 3574//3574 3583//3583 3573//3573
f 3575//3575 3586//3586 3587//3587
f 3575//3575 3587//3587 3576//3576
f 4240//4240 3586//3586 3575//3575
f 3576//3576 4240//4240 3575//3575
f 3576//3576 3587//3587 3588//3588
f 3576//3576 3588//3588 3577//3577
f 4241//4241 4240//4240 3576//3576
f 4234//4234 4241//4241 3576//3576
f 3577//3577 3588//3588 3589//3589
f 3577//3577 3589//3589 3578//3578
f 4242//4242 4241//4241 4234//4234
f 4235//4235 4242//4242 4234//4234
f 3578//3578 3589//3589 3590//3590
f 3578//3578 3590//3590 3579//3579
f 4243//4243 4242//4242 4235//4235
f 4236//4236 4243//4243 4235//4235
f 3579//3579 3590//3590 3591//3591
f 3579//3579 3591//3591 3580//3580
f 4244//4244 4243//4243 4236//4236
f 4237//4237 4244//4244 4236//4236
f 3580//3580 3591//3591 3592//3592
f 3580//3580 3592//3592 3581//3581
f 4245//4245 4244//4244 4237//4237
f 4238//4238 4245//4245 4237//4237
f 3581//3581 3592//3592 3593//3593
f 3581//3581 3593//3593 3582//3582
f 4246//4246 4245//4245 4238//4238
f 4239//4239 4246//4246 4238//4238
f 3582//3582 3593//3593 3594//3594
f 3582//3582 3594//3594 3583//3583
f 4247//4247 4246//4246 4239//4239
f 3583//3583 4247//4247 4239//4239
f 3583//3583 3594//3594 3595//3595
f 3583//3583 3595//3595 3584//3584
f 3595//3595 4247//4247 3583//3583
f 3584//3584 3595//3595 3583//3583
f 3585//3585 3598//3598 3599//3599
f 3585//3585 3599//3599 3586//3586
f 4248//4248 3598//3598 3585//3585
f 3586//3586 4248//4248 3585//3585
f 3586//3586 3599//3599 3600//3600
f 3586//3586 3600//3600 3587//3587
f 4249//4249 4248//4248 3586//3586
f 4240//4240 4249//4249 3586//3586
f 3587//3587 3600//3600 3601//3601
f 3587//3587 3601//3601 3588//3588
f 4250//4250 4249//4249 4240//4240
f 4241//4241 4250//4250 4240//4240
f 3588//3588 3601//3601 3602//3602
f 3588//3588 3602//3602 3589//3589
f 4251//4251 4250//4250 4241//4241
f 4242//4242 4251//4251 4241//4241
f 3589//3589 3602//3602 3603//3603
f 3589//3589 3603//3603 3590//3590
f 4252//4252 4251//4251 4242//4242
f 4243//4243 4252//4252 4242//4242
f 3590//3590 3603//3603 3604//3604
f 3590//3590 3604//3604 3591//3591
f 4253//4253 4252//4252 4243//4243
f 4244//4244 4253//4253 4243//4243
f 3591//3591 3604//3604 3605//3605
f 3591//3591 3605//3605 3592//3592
f 4254//4254 4253//4253 4244//4244
f 4245//4245 4254//4254 4244//4244
f 3592//3592 3605//3605 3606//3606
f 3592//3592 3606//3606 3593//3593
f 4255//4255 4254//4254 4245//4245
f 4246//4246 4255//4255 4245//4245
f 3593//3593 3606//3606 3607//3607
f 3593//3593 3607//3607 3594//3594
f 4256//4256 4255//4255 4246//4246
f 4247//4247 4256//4256 4246//4246
f 3594//3594 3607//3607 3608//3608
f 3594//3594 3608//3608 3595//3595
f 4257//4257 4256//4256 4247//4247
f 3595//3595 4257//4257 4247//4247
f 3595//3595 3608//3608 3609//3609
f 3595//3595 3609//3609 3596//3596
f 3609//3609 4257//4257 3595//3595
f 3596//3596 3609//3609 3595//3595
f 3597//3597 3610//3610 3611//3611
f 3597//3597 3611//3611 3598//3598
f 4258//4258 3610//3610 3597//3597
f 3598//3598 4258//4258 3597//3597
f 3598//3598 3611//3611 3612//3612
f 3598//3598 3612//3612 3599//3599
f 4259//4259 4258//4258 3598//3598
f 4248//4248 4259//4259 3598//3598
f 3599//3599 3612//3612 3613//3613
f 3599//3599 3613//3613 3600//3600
f 4260//4260 4259//4259 4248//4248
f 4249//4249 4260//4260 4248//4248
f 3600//3600 3613//3613 3614//3614
f 3600//3600 3614//3614 3601//3601
f 4261//4261 4260//4260 4249//4249
f 4250//4250 4261//4261 4249//4249
f 3601//3601 3614//3614 3615//3615
f 3601//3601 3615//3615 3602//3602
f 4262//4262 4261//4261 4250//4250
f 4251//4251 4262//4262 4250//4250
f 3602//3602 3615//3615 3616//3616
f 3602//3602 3616//3616 3603//3603
f 4263//4263 4262//4262 4251//4251
f 4252//4252 4263//4263 4251//4251
f 3603//3603 3616//3616 3617//3617
f 3603//3603 3617//3617 3604//3604
f 4264//4264 4263//4263 4252//4252
f 4253//4253 4264//4264 4252//4252
f 3604//3604 3617//3617 3618//3618
f 3604//3604 3618//3618 3605//3605
f 4265//4265 4264//4264 4253//4253
f 4254//4254 4265//4265 4253//4253
f 3605//3605 3618//3618 3619//3619
f 3605//3605 3619//3619 3606//3606
f 4266//4266 4265//4265 4254//4254
f 4255//4255 4266//4266 4254//4254
f 3606//3606 3619//3619 3620//3620
f 3606//3606 3620//3620 3607//3607
f 4267//4267 4266//4266 4255//4255
f 4256//4256 4267//4267 4255//4255
f 3607//3607 3620//3620 3621//3621
f 3607//3607 3621//3621 3608//3608
f 4268//4268 4267//4267 4256//4256
f 4257//4257 4268//4268 4256//4256
f 3608//3608 3621//3621 3622//3622
f 3608//3608 3622//3622 3609//3609
f 3622//3622 4268//4268 4257//4257
f 3609//3609 3622//3622 4257//4257
f 3610//3610 3623//3623 3624//3624
f 3610//3610 3624//3624 3611//3611
f 4269//4269 3623//3623 3610//3610
f 4258//4258 4269//4269 3610//3610
f 3611//3611 3624//3624 3625//3625
f 3611//3611 3625//3625 3612//3612
f 4270//4270 4269//4269 4258//4258
f 4259//4259 4270//4270 4258//4258
f 3612//3612 3625//3625 3626//3626
f 3612//3612 3626//3626 3613//3613
f 4271//4271 4270//4270 4259//4259
f 4260//4260 4271//4271 4259//4259
f 3613//3613 3626//3626 3627//3627
f 3613//3613 3627//3627 3614//3614
f 4272//4272 4271//4271 4260//4260
f 4261//4261 4272//4272 4260//4260
f 3614//3614 3627//3627 3628//3628
f 3614//3614 3628//3628 3615//3615
f 4273//4273 4272//4272 4261//4261
f 4262//4262 4273//4273 4261//4261
f 3615//3615 3628//3628 3629//3629
f 3615//3615 3629//3629 3616//3616
f 4274//4274 4273//4273 4262//4262
f 4263//4263 4274//4274 4262//4262
f 3616//3616 3629//3629 3630//3630
f 3616//3616 3630//3630 3617//3617
f 4275//4275 4274//4274 4263//4263
f 4264//4264 4275//4275 4263//4263
f 3617//3617 3630//3630 3631//3631
f 3617//3617 3631//3631 3618//3618
f 4276//4276 4275//4275 4264//4264
f 4265//4265 4276//4276 4264//4264
f 3618//3618 3631//3631 3632//3632
f 3618//3618 3632//3632 3619//3619
f 4277//4277 4276//4276 4265//4265
f 4266//4266 4277//4277 4265//4265
f 3619//3619 3632//3632 3633//3633
f 3619//3619 3633//3633 3620//3620
f 4278//4278 4277//4277 4266//4266
f 4267//4267 4278//4278 4266//4266
f 3620//3620 3633//3633 3634//3634
f 3620//3620 3634//3634 3621//3621
f 4279//4279 4278//4278 4267//4267
f 4268//4268 4279//4279 4267//4267
f 3621//3621 3634//3634 3635//3635
f 3621//3621 3635//3635 3622//3622
f 3635//3635 4279//4279 4268//4268
f 3622//3622 3635//3635 4268//4268
f 3623//3623 3636//3636 3637//3637
f 3623//3623 3637//3637 3624//3624
f 3637//3637 3636//3636 3623//3623
f 4269//4269 3637//3637 3623//3623
f 3624//3624 3637//3637 3638//3638
f 3624//3624 3638//3638 3625//3625
f 4280//4280 3637//3637 4269//4269
f 4270//4270 4280//4280 4269//4269
f 3625//3625 3638//3638 3639//3639
f 3625//3625 3639//3639 3626//3626
f 4281//4281 4280//4280 4270//4270
f 4271//4271 4281//4281 4270//4270
f 3626//3626 3639//3639 3640//3640
f 3626//3626 3640//3640 3627//3627
f 4282//4282 4281//4281 4271//4271
f 4272//4272 4282//4282 4271//4271
f 3627//3627 3640//3640 3641//3641
f 3627//3627 3641//3641 3628//3628
f 4283//4283 4282//4282 4272//4272
f 4273//4273 4283//4283 4272//4272
f 3628//3628 3641//3641 3642//3642
f 3628//3628 3642//3642 3629//3629
f 4284//4284 4283//4283 4273//4273
f 4274//4274 4284//4284 4273//4273
f 3629//3629 3642//3642 3643//3643
f 3629//3629 3643//3643 3630//3630
f 4285//4285 4284//4284 4274//4274
f 4275//4275 4285//4285 4274//4274
f 3630//3630 3643//3643 3644//3644
f 3630//3630 3644//3644 3631//3631
f 4286//4286 4285//4285 4275//4275
f 4276//4276 4286//4286 4275//4275
f 3631//3631 3644//3644 3645//3645
f 3631//3631 3645//3645 3632//3632
f 4287//4287 4286//4286 4276//4276
f 4277//4277 4287//4287 4276//4276
f 3632//3632 3645//3645 3646//3646
f 3632//3632 3646//3646 3633//3633
f 4288//4288 4287//4287 4277//4277
f 4278//4278 4288//4288 4277//4277
f 3633//3633 3646//3646 3647//3647
f 3633//3633 3647//3647 3634//3634
f 4289//4289 4288//4288 4278//4278
f 4279//4279 4289//4289 4278//4278
f 3634//3634 3647//3647 3648//3648
f 3634//3634 3648//3648 3635//3635
f 3648//3648 4289//4289 4279//4279
f 3635//3635 3648//3648 4279//4279
f 3637//3637 3649//3649 3650//3650
f 3637//3637 3650//3650 3638//3638
f 3650//3650 3649//3649 3637//3637
f 4280//4280 3650//3650 3637//3637
f 3638//3638 3650//3650 3651//3651
f 3638//3638 3651//3651 3639//3639
f 4290//4290 3650//3650 4280//4280
f 4281//4281 4290//4290 4280//4280
f 3639//3639 3651//3651 3652//3652
f 3639//3639 3652//3652 3640//3640
f 4291//4291 4290//4290 4281//4281
f 4282//4282 4291//4291 4281//4281
f 3640//3640 3652//3652 3653//3653
f 3640//3640 3653//3653 3641//3641
f 4292//4292 4291//4291 4282//4282
f 4283//4283 4292//4292 4282//4282
f 3641//3641 3653//3653 3654//3654
f 3641//3641 3654//3654 3642//3642
f 4293//4293 4292//4292 4283//4283
f 4284//4284 4293//4293 4283//4283
f 3642//3642 3654//3654 3655//3655
f 3642//3642 3655//3655 3643//3643
f 4294//4294 4293//4293 4284//4284
f 4285//4285 4294//4294 4284//4284
f 3643//3643 3655//3655 3656//3656
f 3643//3643 3656//3656 3644//3644
f 4295//4295 4294//4294 4285//4285
f 4286//4286 4295//4295 4285//4285
f 3644//3644 3656//3656 3657//3657
f 3644//3644 3657//3657 3645//3645
f 4296//4296 4295//4295 4286//4286
f 4287//4287 4296//4296 4286//4286
f 3645//3645 3657//3657 3658//3658
f 3645//3645 3658//3658 3646//3646
f 4297//4297 4296//4296 4287//4287
f 4288//4288 4297//4297 4287//4287
f 3646//3646 3658//3658 3659//3659
f 3646//3646 3659//3659 3647//3647
f 3659//3659 4297//4297 4288//4288
f 4289//4289 3659//3659 4288//4288
f 3647//3647 3659//3659 3660//3660
f 3647//3647 3660//3660 3648//3648
f 3660//3660 3659//3659 4289//4289
f 3648//3648 3660//3660 4289//4289
f 3650//3650 3661//3661 3662//3662
f 3650//3650 3662//3662 3651//3651
f 4298//4298 3661//3661 3650//3650
f 4290//4290 4298//4298 3650//3650
f 3651//3651 3662//3662 3663//3663
f 3651//3651 3663//3663 3652//3652
f 4299//4299 4298//4298 4290//4290
f 4291//4291 4299//4299 4290//4290
f 3652//3652 3663//3663 3664//3664
f 3652//3652 3664//3664 3653//3653
f 4300//4300 4299//4299 4291//4291
f 4292//4292 4300//4300 4291//4291
f 3653//3653 3664//3664 3665//3665
f 3653//3653 3665//3665 3654//3654
f 4301//4301 4300//4300 4292//4292
f 4293//4293 4301//4301 4292//4292
f 3654//3654 3665//3665 3666//3666
f 3654//3654 3666//3666 3655//3655
f 4302//4302 4301//4301 4293//4293
f 4294//4294 4302//4302 4293//4293
f 3655//3655 3666//3666 3667//3667
f 3655//3655 3667//3667 3656//3656
f 4303//4303 4302//4302 4294//4294
f 4295//4295 4303//4303 4294//4294
f 3656//3656 3667//3667 3668//3668
f 3656//3656 3668//3668 3657//3657
f 4304//4304 4303//4303 4295//4295
f 4296//4296 4304//4304 4295//4295
f 3657//3657 3668//3668 3669//3669
f 3657//3657 3669//3669 3658//3658
f 3669//3669 4304//4304 4296//4296
f 4297//4297 3669//3669 4296//4296
f 3658//3658 3669//3669 3670//3670
f 3658//3658 3670//3670 3659//3659
f 3670//3670 3669//3669 4297//4297
f 3659//3659 3670//3670 4297//4297
f 3661//3661 3671//3671 3672//3672
f 3661//3661 3672//3672 3662//3662
f 3672//3672 3671//3671 3661//3661
f 4298//4298 3672//3672 3661//3661
f 3662//3662 3672//3672 3673//3673
f 3662//3662 3673//3673 3663//3663
f 4305//4305 3672//3672 4298//4298
f 4299//4299 4305//4305 4298//4298
f 3663//3663 3673//3673 3674//3674
f 3663//3663 3674//3674 3664//3664
f 4306//4306 4305//4305 4299//4299
f 4300//4300 4306//4306 4299//4299
f 3664//3664 3674//3674 3675//3675
f 3664//3664 3675//3675 3665//3665
f 4307//4307 4306//4306 4300//4300
f 4301//4301 4307//4307 4300//4300
f 3665//3665 3675//3675 3676//3676
f 3665//3665 3676//3676 3666//3666
f 4308//4308 4307//4307 4301//4301
f 4302//4302 4308//4308 4301//4301
f 3666//3666 3676//3676 3677//3677
f 3666//3666 3677//3677 3667//3667
f 4309//4309 4308//4308 4302//4302
f 4303//4303 4309//4309 4302//4302
f 3667//3667 3677//3677 3678//3678
f 3667//3667 3678//3678 3668//3668
f 4310//4310 4309//4309 4303//4303
f 4304//4304 4310//4310 4303//4303
f 3668//3668 3678//3678 3679//3679
f 3668//3668 3679//3679 3669//3669
f 3679//3679 4310//4310 4304//4304
f 3669//3669 3679//3679 4304//4304
f 3672//3672 3680//3680 3681//3681
f 3672//3672 3681//3681 3673//3673
f 3681//3681 3680//3680 3672//3672
f 4305//4305 3681//3681 3672//3672
f 3673//3673 3681//3681 3682//3682
f 3673//3673 3682//3682 3674//3674
f 4311//4311 3681//3681 4305//4305
f 4306//4306 4311//4311 4305//4305
f 3674//3674 3682//3682 3683//3683
f 3674//3674 3683//3683 3675//3675
f 4312//4312 4311//4311 4306//4306
f 4307//4307 4312//4312 4306//4306
f 3675//3675 3683//3683 3684//3684
f 3675//3675 3684//3684 3676//3676
f 4313//4313 4312//4312 4307//4307
f 4308//4308 4313//4313 4307//4307
f 3676//3676 3684//3684 3685//3685
f 3676//3676 3685//3685 3677//3677
f 4314//4314 4313//4313 4308//4308
f 4309//4309 4314//4314 4308//4308
f 3677//3677 3685//3685 3686//3686
f 3677//3677 3686//3686 3678//3678
f 3686//3686 4314//4314 4309//4309
f 4310//4310 3686//3686 4309//4309
f 3678//3678 3686//3686 3687//3687
f 3678//3678 3687//3687 3679//3679
f 3687//3687 3686//3686 4310//4310
f 3679//3679 3687//3687 4310//4310
f 3680//3680 3688//3688 3689//3689
f 3680//3680 3689//3689 3681//3681
f 4315//4315 3688//3688 3680//3680
f 3681//3681 4315//4315 3680//3680
f 3681//3681 3689//3689 3690//3690
f 3681//3681 3690//3690 3682//3682
f 4316//4316 4315//4315 3681//3681
f 4311//4311 4316//4316 3681//3681
f 3682//3682 3690//3690 3691//3691
f 3682//3682 3691//3691 3683//3683
f 4317//4317 4316//4316 4311//4311
f 4312//4312 4317//4317 4311//4311
f 3683//3683 3691//3691 3692//3692
f 3683//3683 3692//3692 3684//3684
f 4318//4318 4317//4317 4312//4312
f 4313//4313 4318//4318 4312//4312
f 3684//3684 3692//3692 3693//3693
f 3684//3684 3693//3693 3685//3685
f 4319//4319 4318//4318 4313//4313
f 4314//4314 4319//4319 4313//4313
f 3685//3685 3693//3693 3694//3694
f 3685//3685 3694//3694 3686//3686
f 3694//3694 4319//4319 4314//4314
f 3686//3686 3694//3694 4314//4314
f 3688//3688 3696//3696 3697//3697
f 3688//3688 3697//3697 3689//3689
f 4320//4320 3696//3696 3688//3688
f 4315//4315 4320//4320 3688//3688
f 3689//3689 3697//3697 3698//3698
f 3689//3689 3698//3698 3690//3690
f 4321//4321 4320//4320 4315//4315
f 4316//4316 4321//4321 4315//4315
f 3690//3690 3698//3698 3699//3699
f 3690//3690 3699//3699 3691//3691
f 4322//4322 4321//4321 4316//4316
f 4317//4317 4322//4322 4316//4316
f 3691//3691 3699//3699 3700//3700
f 3691//3691 3700//3700 3692//3692
f 4323//4323 4322//4322 4317//4317
f 4318//4318 4323//4323 4317//4317
f 3692//3692 3700//3700 3701//3701
f 3692//3692 3701//3701 3693//3693
f 4324//4324 4323//4323 4318//4318
f 4319//4319 4324//4324 4318//4318
f 3693//3693 3701//3701 3702//3702
f 3693//3693 3702//3702 3694//3694
f 3702//3702 4324//4324 4319//4319
f 3694//3694 3702//3702 4319//4319
f 3695//3695 3704//3704 3705//3705
f 3695//3695 3705//3705 3696//3696
f 4325//4325 3704//3704 3695//3695
f 3696//3696 4325//4325 3695//3695
f 3696//3696 3705//3705 3706//3706
f 3696//3696 3706//3706 3697//3697
f 4326//4326 4325//4325 3696//3696
f 4320//4320 4326//4326 3696//3696
f 3697//3697 3706//3706 3707//3707
f 3697//3697 3707//3707 3698//3698
f 4327//4327 4326//4326 4320//4320
f 4321//4321 4327//4327 4320//4320
f 3698//3698 3707//3707 3708//3708
f 3698//3698 3708//3708 3699//3699
f 4328//4328 4327//4327 4321//4321
f 4322//4322 4328//4328 4321//4321
f 3699//3699 3708//3708 3709//3709
f 3699//3699 3709//3709 3700//3700
f 4329//4329 4328//4328 4322//4322
f 4323//4323 4329//4329 4322//4322
f 3700//3700 3709//3709 3710//3710
f 3700//3700 3710//3710 3701//3701
f 4330//4330 4329//4329 4323//4323
f 4324//4324 4330//4330 4323//4323
f 3701//3701 3710//3710 3711//3711
f 3701//3701 3711//3711 3702//3702
f 4331//4331 4330//4330 4324//4324
f 3702//3702 4331//4331 4324//4324
f 3702//3702 3711//3711 3712//3712
f 3702//3702 3712//3712 3703//3703
f 3712//3712 4331//4331 3702//3702
f 3703//3703 3712//3712 3702//3702
f 3704//3704 3714//3714 3715//3715
f 3704//3704 3715//3715 3705//3705
f 4332//4332 3714//3714 3704//3704
f 4325//4325 4332//4332 3704//3704
f 3705//3705 3715//3715 3716//3716
f 3705//3705 3716//3716 3706//3706
f 4333//4333 4332//4332 4325//4325
f 4326//4326 4333//4333 4325//4325
f 3706//3706 3716//3716 3717//3717
f 3706//3706 3717//3717 3707//3707
f 4334//4334 4333//4333 4326//4326
f 4327//4327 4334//4334 4326//4326
f 3707//3707 3717//3717 3718//3718
f 3707//3707 3718//3718 3708//3708
f 4335//4335 4334//4334 4327//4327
f 4328//4328 4335//4335 4327//4327
f 3708//3708 3718//3718 3719//3719
f 3708//3708 3719//3719 3709//3709
f 4336//4336 4335//4335 4328//4328
f 4329//4329 4336//4336 4328//4328
f 3709//3709 3719//3719 3720//3720
f 3709//3709 3720//3720 3710//3710
f 4337//4337 4336//4336 4329//4329
f 4330//4330 4337//4337 4329//4329
f 3710//3710 3720//3720 3721//3721
f 3710//3710 3721//3721 3711//3711
f 4338//4338 4337//4337 4330//4330
f 4331//4331 4338//4338 4330//4330
f 3711//3711 3721//3721 3722//3722
f 3711//3711 3722//3722 3712//3712
f 3722//3722 4338//4338 4331//4331
f 3712//3712 3722//3722 4331//4331
f 3713//3713 3725//3725 3726//3726
f 3713//3713 3726//3726 3714//3714
f 4339//4339 3725//3725 3713//3713
f 3714//3714 4339//4339 3713//3713
f 3714//3714 3726//3726 3727//3727
f 3714//3714 3727//3727 3715//3715
f 4340//4340 4339//4339 3714//3714
f 4332//4332 4340//4340 3714//3714
f 3715//3715 3727//3727 3728//3728
f 3715//3715 3728//3728 3716//3716
f 4341//4341 4340//4340 4332//4332
f 4333//4333 4341//4341 4332//4332
f 3716//3716 3728//3728 3729//3729
f 3716//3716 3729//3729 3717//3717
f 4342//4342 4341//4341 4333//4333
f 4334//4334 4342//4342 4333//4333
f 3717//3717 3729//3729 3730//3730
f 3717//3717 3730//3730 3718//3718
f 4343//4343 4342//4342 4334//4334
f 4335//4335 4343//4343 4334//4334
f 3718//3718 3730//3730 3731//3731
f 3718//3718 3731//3731 3719//3719
f 4344//4344 4343//4343 4335//4335
f 4336//4336 4344//4344 4335//4335
f 3719//3719 3731//3731 3732//3732
f 3719//3719 3732//3732 3720//3720
f 4345//4345 4344//4344 4336//4336
f 4337//4337 4345//4345 4336//4336
f 3720//3720 3732//3732 3733//3733
f 3720//3720 3733//3733 3721//3721
f 4346//4346 4345//4345 4337//4337
f 4338//4338 4346//4346 4337//4337
f 3721//3721 3733//3733 3734//3734
f 3721//3721 3734//3734 3722//3722
f 4347//4347 4346//4346 4338//4338
f 3722//3722 4347//4347 4338//4338
f 3722//3722 3734//3734 3735//3735
f 3722//3722 3735//3735 3723//3723
f 3735//3735 4347//4347 3722//3722
f 3723//3723 3735//3735 3722//3722
f 3724//3724 3737//3737 3738//3738
f 3724//3724 3738//3738 3725//3725
f 4348//4348 3737//3737 3724//3724
f 3725//3725 4348//4348 3724//3724
f 3725//3725 3738//3738 3739//3739
f 3725//3725 3739//3739 3726//3726
f 4349//4349 4348//4348 3725//3725
f 4339//4339 4349//4349 3725//3725
f 3726//3726 3739//3739 3740//3740
f 3726//3726 3740//3740 3727//3727
f 4350//4350 4349//4349 4339//4339
f 4340//4340 4350//4350 4339//4339
f 3727//3727 3740//3740 3741//3741
f 3727//3727 3741//3741 3728//3728
f 4351//4351 4350//4350 4340//4340
f 4341//4341 4351//4351 4340//4340
f 3728//3728 3741//3741 3742//3742
f 3728//3728 3742//3742 3729//3729
f 4352//4352 4351//4351 4341//4341
f 4342//4342 4352//4352 4341//4341
f 3729//3729 3742//3742 3743//3743
f 3729//3729 3743//3743 3730//3730
f 4353//4353 4352//4352 4342//4342
f 4343//4343 4353//4353 4342//4342
f 3730//3730 3743//3743 3744//3744
f 3730//3730 3744//3744 3731//3731
f 4354//4354 4353//4353 4343//4343
f 4344//4344 4354//4354 4343//4343
f 3731//3731 3744//3744 3745//3745
f 3731//3731 3745//3745 3732//3732
f 4355//4355 4354//4354 4344//4344
f 4345//4345 4355//4355 4344//4344
f 3732//3732 3745//3745 3746//3746
f 3732//3732 3746//3746 3733//3733
f 4356//4356 4355//4355 4345//4345
f 4346//4346 4356//4356 4345//4345
f 3733//3733 3746//3746 3747//3747
f 3733//3733 3747//3747 3734//3734
f 4357//4357 4356//4356 4346//4346
f 4347//4347 4357//4357 4346//4346
f 3734//3734 3747//3747 3748//3748
f 3734//3734 3748//3748 3735//3735
f 4358//4358 4357//4357 4347//4347
f 3735//3735 4358//4358 4347//4347
f 3735//3735 3748//3748 3749//3749
f 3735//3735 3749//3749 3736//3736
f 3749//3749 4358//4358 3735//3735
f 3736//3736 3749//3749 3735//3735
f 3737//3737 3750//3750 3751//3751
f 3737//3737 3751//3751 3738//3738
f 4359//4359 3750//3750 3737//3737
f 4348//4348 4359//4359 3737//3737
f 3738//3738 3751//3751 3752//3752
f 3738//3738 3752//3752 3739//3739
f 4360//4360 4359//4359 4348//4348
f 4349//4349 4360//4360 4348//4348
f 3739//3739 3752//3752 3753//3753
f 3739//3739 3753//3753 3740//3740
f 4361//4361 4360//4360 4349//4349
f 4350//4350 4361//4361 4349//4349
f 3740//3740 3753//3753 3754//3754
f 3740//3740 3754//3754 3741//3741
f 4362//4362 4361//4361 4350//4350
f 4351//4351 4362//4362 4350//4350
f 3741//3741 3754//3754 3755//3755
f 3741//3741 3755//3755 3742//3742
f 4363//4363 4362//4362 4351//4351
f 4352//4352 4363//4363 4351//4351
f 3742//3742 3755//3755 3756//3756
f 3742//3742 3756//3756 3743//3743
f 4364//4364 4363//4363 4352//4352
f 4353//4353 4364//4364 4352//4352
f 3743//3743 3756//3756 3757//3757
f 3743//3743 3757//3757 3744//3744
f 4365//4365 4364//4364 4353//4353
f 4354//4354 4365//4365 4353//4353
f 3744//3744 3757//3757 3758//3758
f 3744//3744 3758//3758 3745//3745
f 4366//4366 4365//4365 4354//4354
f 4355//4355 4366//4366 4354//4354
f 3745//3745 3758//3758 3759//3759
f 3745//3745 3759//3759 3746//3746
f 4367//4367 4366//4366 4355//4355
f 4356//4356 4367//4367 4355//4355
f 3746//3746 3759//3759 3760//3760
f 3746//3746 3760//3760 3747//3747
f 4368//4368 4367//4367 4356//4356
f 4357//4357 4368//4368 4356//4356
f 3747//3747 3760//3760 3761//3761
f 3747//3747 3761//3761 3748//3748
f 4369//4369 4368//4368 4357//4357
f 4358//4358 4369//4369 4357//4357
f 3748//3748 3761//3761 3762//3762
f 3748//3748 3762//3762 3749//3749
f 3762//3762 4369//4369 4358//4358
f 3749//3749 3762//3762 4358//4358
f 3750//3750 3763//3763 3764//3764
f 3750//3750 3764//3764 3751//3751
f 4370//4370 3763//3763 3750//3750
f 4359//4359 4370//4370 3750//3750
f 3751//3751 3764//3764 3765//3765
f 3751//3751 3765//3765 3752//3752
f 4371//4371 4370//4370 4359//4359
f 4360//4360 4371//4371 4359//4359
f 3752//3752 3765//3765 3766//3766
f 3752//3752 3766//3766 3753//3753
f 4372//4372 4371//4371 4360//4360
f 4361//4361 4372//4372 4360//4360
f 3753//3753 3766//3766 3767//3767
f 3753//3753 3767//3767 3754//3754
f 4373//4373 4372//4372 4361//4361
f 4362//4362 4373//4373 4361//4361
f 3754//3754 3767//3767 3768//3768
f 3754//3754 3768//3768 3755//3755
f 4374//4374 4373//4373 4362//4362
f 4363//4363 4374//4374 4362//4362
f 3755//3755 3768//3768 3769//3769
f 3755//3755 3769//3769 3756//3756
f 4375//4375 4374//4374 4363//4363
f 4364//4364 4375//4375 4363//4363
f 3756//3756 3769//3769 3770//3770
f 3756//3756 3770//3770 3757//3757
f 4376//4376 4375//4375 4364//4364
f 4365//4365 4376//4376 4364//4364
f 3757//3757 3770//3770 3771//3771
f 3757//3757 3771//3771 3758//3758
f 4377//4377 4376//4376 4365//4365
f 4366//4366 4377//4377 4365//4365
f 3758//3758 3771//3771 3772//3772
f 3758//3758 3772//3772 3759//3759
f 4378//4378 4377//4377 4366//4366
f 4367//4367 4378//4378 4366//4366
f 3759//3759 3772//3772 3773//3773
f 3759//3759 3773//3773 3760//3760
f 4379//4379 4378//4378 4367//4367
f 4368//4368 4379//4379 4367//4367
f 3760//3760 3773//3773 3774//3774
f 3760//3760 3774//3774 3761//3761
f 4380//4380 4379//4379 4368//4368
f 4369//4369 4380//4380 4368//4368
f 3761//3761 3774//3774 3775//3775
f 3761//3761 3775//3775 3762//3762
f 3775//3775 4380//4380 4369//4369
f 3762//3762 3775//3775 4369//4369
f 3763//3763 3776//3776 3777//3777
f 3763//3763 3777//3777 3764//3764
f 3777//3777 3776//3776 3763//3763
f 4370//4370 3777//3777 3763//3763
f 3764//3764 3777//3777 3778//3778
f 3764//3764 3778//3778 3765//3765
f 4381//4381 3777//3777 4370//4370
f 4371//4371 4381//4381 4370//4370
f 3765//3765 3778//3778 3779//3779
f 3765//3765 3779//3779 3766//3766
f 4382//4382 4381//4381 4371//4371
f 4372//4372 4382//4382 4371//4371
f 3766//3766 3779//3779 3780//3780
f 3766//3766 3780//3780 3767//3767
f 4383//4383 4382//4382 4372//4372
f 4373//4373 4383//4383 4372//4372
f 3767//3767 3780//3780 3781//3781
f 3767//3767 3781//3781 3768//3768
f 4384//4384 4383//4383 4373//4373
f 4374//4374 4384//4384 4373//4373
f 3768//3768 3781//3781 3782//3782
f 3768//3768 3782//3782 3769//3769
f 4385//4385 4384//4384 4374//4374
f 4375//4375 4385//4385 4374//4374
f 3769//3769 3782//3782 3783//3783
f 3769//3769 3783//3783 3770//3770
f 4386//4386 4385//4385 4375//4375
f 4376//4376 4386//4386 4375//4375
f 3770//3770 3783//3783 3784//3784
f 3770//3770 3784//3784 3771//3771
f 4387//4387 4386//4386 4376//4376
f 4377//4377 4387//4387 4376//4376
f 3771//3771 3784//3784 3785//3785
f 3771//3771 3785//3785 3772//3772
f 4388//4388 4387//4387 4377//4377
f 4378//4378 4388//4388 4377//4377
f 3772//3772 3785//3785 3786//3786
f 3772//3772 3786//3786 3773//3773
f 4389//4389 4388//4388 4378//4378
f 4379//4379 4389//4389 4378//4378
f 3773//3773 3786//3786 3787//3787
f 3773//3773 3787//3787 3774//3774
f 3787//3787 4389//4389 4379//4379
f 4380//4380 3787//3787 4379//4379
f 3774//3774 3787//3787 3788//3788
f 3774//3774 3788//3788 3775//3775
f 3788//3788 3787//3787 4380//4380
f 3775//3775 3788//3788 4380//4380
f 3777//3777 3789//3789 3790//3790
f 3777//3777 3790//3790 3778//3778
f 3790//3790 3789//3789 3777//3777
f 4381//4381 3790//3790 3777//3777
f 3778//3778 3790//3790 3791//3791
f 3778//3778 3791//3791 3779//3779
f 4390//4390 3790//3790 4381//4381
f 4382//4382 4390//4390 4381//4381
f 3779//3779 3791//3791 3792//3792
f 3779//3779 3792//3792 3780//3780
f 4391//4391 4390//4390 4382//4382
f 4383//4383 4391//4391 4382//4382
f 3780//3780 3792//3792 3793//3793
f 3780//3780 3793//3793 3781//3781
f 4392//4392 4391//4391 4383//4383
f 4384//4384 4392//4392 4383//4383
f 3781//3781 3793//3793 3794//3794
f 3781//3781 3794//3794 3782//3782
f 4393//4393 4392//4392 4384//4384
f 4385//4385 4393//4393 4384//4384
f 3782//3782 3794//3794 3795//3795
f 3782//3782 3795//3795 3783//3783
f 4394//4394 4393//4393 4385//4385
f 4386//4386 4394//4394 4385//4385
f 3783//3783 3795//3795 3796//3796
f 3783//3783 3796//3796 3784//3784
f 4395//4395 4394//4394 4386//4386
f 4387//4387 4395//4395 4386//4386
f 3784//3784 3796//3796 3797//3797
f 3784//3784 3797//3797 3785//3785
f 4396//4396 4395//4395 4387//4387
f 4388//4388 4396//4396 4387//4387
f 3785//3785 3797//3797 3798//3798
f 3785//3785 3798//3798 3786//3786
f 3798//3798 4396//4396 4388//4388
f 4389//4389 3798//3798 4388//4388
f 3786//3786 3798//3798 3799//3799
f 3786//3786 3799//3799 3787//3787
f 3799//3799 3798//3798 4389//4389
f 3787//3787 3799//3799 4389//4389
f 3790//3790 3800//3800 3801//3801
f 3790//3790 3801//3801 3791//3791
f 3801//3801 3800//3800 3790//3790
f 4390//4390 3801//3801 3790//3790
f 3791//3791 3801//3801 3802//3802
f 3791//3791 3802//3802 3792//3792
f 4397//4397 3801//3801 4390//4390
f 4391//4391 4397//4397 4390//4390
f 3792//3792 3802//3802 3803//3803
f 3792//3792 3803//3803 3793//3793
f 4398//4398 4397//4397 4391//4391
f 4392//4392 4398//4398 4391//4391
f 3793//3793 3803//3803 3804//3804
f 3793//3793 3804//3804 3794//3794
f 4399//4399 4398//4398 4392//4392
f 4393//4393 4399//4399 4392//4392
f 3794//3794 3804//3804 3805//3805
f 3794//3794 3805//3805 3795//3795
f 4400//4400 4399//4399 4393//4393
f 4394//4394 4400//4400 4393//4393
f 3795//3795 3805//3805 3806//3806
f 3795//3795 3806//3806 3796//3796
f 4401//4401 4400//4400 4394//4394
f 4395//4395 4401//4401 4394//4394
f 3796//3796 3806//3806 3807//3807
f 3796//3796 3807//3807 3797//3797
f 4402//4402 4401//4401 4395//4395
f 4396//4396 4402//4402 4395//4395
f 3797//3797 3807//3807 3808//3808
f 3797//3797 3808//3808 3798//3798
f 3808//3808 4402//4402 4396//4396
f 3798//3798 3808//3808 4396//4396
f 3801//3801 3809//3809 3810//3810
f 3801//3801 3810//3810 3802//3802
f 4403//4403 3809//3809 3801//3801
f 4397//4397 4403//4403 3801//3801
f 3802//3802 3810//3810 3811//3811
f 3802//3802 3811//3811 3803//3803
f 4404//4404 4403//4403 4397//4397
f 4398//4398 4404//4404 4397//4397
f 3803//3803 3811//3811 3812//3812
f 3803//3803 3812//3812 3804//3804
f 4405//4405 4404//4404 4398//4398
f 4399//4399 4405//4405 4398//4398
f 3804//3804 3812//3812 3813//3813
f 3804//3804 3813//3813 3805//3805
f 4406//4406 4405//4405 4399//4399
f 4400//4400 4406//4406 4399//4399
f 3805//3805 3813//3813 3814//3814
f 3805//3805 3814//3814 3806//3806
f 4407//4407 4406//4406 4400//4400
f 4401//4401 4407//4407 4400//4400
f 3806//3806 3814//3814 3815//3815
f 3806//3806 3815//3815 3807//3807
f 3815//3815 4407//4407 4401//4401
f 4402//4402 3815//3815 4401//4401
f 3807//3807 3815//3815 3816//3816
f 3807//3807 3816//3816 3808//3808
f 3816//3816 3815//3815 4402//4402
f 3808//3808 3816//3816 4402//4402
f 3809//3809 3817//3817 3818//3818
f 3809//3809 3818//3818 3810//3810
f 4408//4408 3817//3817 3809//3809
f 4403//4403 4408//4408 3809//3809
f 3810//3810 3818//3818 3819//3819
f 3810//3810 3819//3819 3811//3811
f 4409//4409 4408//4408 4403//4403
f 4404//4404 4409//4409 4403//4403
f 3811//3811 3819//3819 3820//3820
f 3811//3811 3820//3820 3812//3812
f 4410//4410 4409//4409 4404//4404
f 4405//4405 4410//4410 4404//4404
f 3812//3812 3820//3820 3821//3821
f 3812//3812 3821//3821 3813//3813
f 4411//4411 4410//4410 4405//4405
f 4406//4406 4411//4411 4405//4405
f 3813//3813 3821//3821 3822//3822
f 3813//3813 3822//3822 3814//3814
f 4412//4412 4411//4411 4406//4406
f 4407//4407 4412//4412 4406//4406
f 3814//3814 3822//3822 3823//3823
f 3814//3814 3823//3823 3815//3815
f 3823//3823 4412//4412 4407//4407
f 3815//3815 3823//3823 4407//4407
f 3817//3817 3824//3824 3825//3825
f 3817//3817 3825//3825 3818//3818
f 4413//4413 3824//3824 3817//3817
f 4408//4408 4413//4413 3817//3817
f 3818//3818 3825//3825 3826//3826
f 3818//3818 3826//3826 3819//3819
f 4414//4414 4413//4413 4408//4408
f 4409//4409 4414//4414 4408//4408
f 3819//3819 3826//3826 3827//3827
f 3819//3819 3827//3827 3820//3820
f 4415//4415 4414//4414 4409//4409
f 4410//4410 4415//4415 4409//4409
f 3820//3820 3827//3827 3828//3828
f 3820//3820 3828//3828 3821//3821
f 4416//4416 4415//4415 4410//4410
f 4411//4411 4416//4416 4410//4410
f 3821//3821 3828//3828 3829//3829
f 3821//3821 3829//3829 3822//3822
f 4417//4417 4416//4416 4411//4411
f 4412//4412 4417//4417 4411//4411
f 3822//3822 3829//3829 3830//3830
f 3822//3822 3830//3830 3823//3823
f 3830//3830 4417//4417 4412//4412
f 3823//3823 3830//3830 4412//4412
f 3824//3824 3832//3832 3833//3833
f 3824//3824 3833//3833 3825//3825
f 4418//4418 3832//3832 3824//3824
f 4413//4413 4418//4418 3824//3824
f 3825//3825 3833//3833 3834//3834
f 3825//3825 3834//3834 3826//3826
f 4419//4419 4418//4418 4413//4413
f 4414//4414 4419//4419 4413//4413
f 3826//3826 3834//3834 3835//3835
f 3826//3826 3835//3835 3827//3827
f 4420//4420 4419//4419 4414//4414
f 4415//4415 4420//4420 4414//4414
f 3827//3827 3835//3835 3836//3836
f 3827//3827 3836//3836 3828//3828
f 4421//4421 4420//4420 4415//4415
f 4416//4416 4421//4421 4415//4415
f 3828//3828 3836//3836 3837//3837
f 3828//3828 3837//3837 3829//3829
f 4422//4422 4421//4421 4416//4416
f 4417//4417 4422//4422 4416//4416
f 3829//3829 3837//3837 3838//3838
f 3829//3829 3838//3838 3830//3830
f 3838//3838 4422//4422 4417//4417
f 3830//3830 3838//3838 4417//4417
f 3831//3831 3840//3840 3841//3841
f 3831//3831 3841//3841 3832//3832
f 4423//4423 3840//3840 3831//3831
f 3832//3832 4423//4423 3831//3831
f 3832//3832 3841//3841 3842//3842
f 3832//3832 3842//3842 3833//3833
f 4424//4424 4423//4423 3832//3832
f 4418//4418 4424//4424 3832//3832
f 3833//3833 3842//3842 3843//3843
f 3833//3833 3843//3843 3834//3834
f 4425//4425 4424//4424 4418//4418
f 4419//4419 4425//4425 4418//4418
f 3834//3834 3843//3843 3844//3844
f 3834//3834 3844//3844 3835//3835
f 4426//4426 4425//4425 4419//4419
f 4420//4420 4426//4426 4419//4419
f 3835//3835 3844//3844 3845//3845
f 3835//3835 3845//3845 3836//3836
f 4427//4427 4426//4426 4420//4420
f 4421//4421 4427//4427 4420//4420
f 3836//3836 3845//3845 3846//3846
f 3836//3836 3846//3846 3837//3837
f 4428//4428 4427//4427 4421//4421
f 4422//4422 4428//4428 4421//4421
f 3837//3837 3846//3846 3847//3847
f 3837//3837 3847//3847 3838//3838
f 4429//4429 4428//4428 4422//4422
f 3838//3838 4429//4429 4422//4422
f 3838//3838 3847//3847 3848//3848
f 3838//3838 3848//3848 3839//3839
f 3848//3848 4429//4429 3838//3838
f 3839//3839 3848//3848 3838//3838
f 3840//3840 3850//3850 3851//3851
f 3840//3840 3851//3851 3841//3841
f 4430//4430 3850//3850 3840//3840
f 4423//4423 4430//4430 3840//3840
f 3841//3841 3851//3851 3852//3852
f 3841//3841 3852//3852 3842//3842
f 4431//4431 4430//4430 4423//4423
f 4424//4424 4431//4431 4423//4423
f 3842//3842 3852//3852 3853//3853
f 3842//3842 3853//3853 3843//3843
f 4432//4432 4431//4431 4424//4424
f 4425//4425 4432//4432 4424//4424
f 3843//3843 3853//3853 3854//3854
f 3843//3843 3854//3854 3844//3844
f 4433//4433 4432//4432 4425//4425
f 4426//4426 4433//4433 4425//4425
f 3844//3844 3854//3854 3855//3855
f 3844//3844 3855//3855 3845//3845
f 4434//4434 4433//4433 4426//4426
f 4427//4427 4434//4434 4426//4426
f 3845//3845 3855//3855 3856//3856
f 3845//3845 3856//3856 3846//3846
f 4435//4435 4434//4434 4427//4427
f 4428//4428 4435//4435 4427//4427
f 3846//3846 3856//3856 3857//3857
f 3846//3846 3857//3857 3847//3847
f 4436//4436 4435//4435 4428//4428
f 4429//4429 4436//4436 4428//4428
f 3847//3847 3857//3857 3858//3858
f 3847//3847 3858//3858 3848//3848
f 3858//3858 4436//4436 4429//4429
f 3848//3848 3858//3858 4429//4429
f 3849//3849 3861//3861 3862//3862
f 3849//3849 3862//3862 3850//3850
f 4437//4437 3861//3861 3849//3849
f 3850//3850 4437//4437 3849//3849
f 3850//3850 3862//3862 3863//3863
f 3850//3850 3863//3863 3851//3851
f 4438//4438 4437//4437 3850//3850
f 4430//4430 4438//4438 3850//3850
f 3851//3851 3863//3863 3864//3864
f 3851//3851 3864//3864 3852//3852
f 4439//4439 4438//4438 4430//4430
f 4431//4431 4439//4439 4430//4430
f 3852//3852 3864//3864 3865//3865
f 3852//3852 3865//3865 3853//3853
f 4440//4440 4439//4439 4431//4431
f 4432//4432 4440//4440 4431//4431
f 3853//3853 3865//3865 3866//3866
f 3853//3853 3866//3866 3854//3854
f 4441//4441 4440//4440 4432//4432
f 4433//4433 4441//4441 4432//4432
f 3854//3854 3866//3866 3867//3867
f 3854//3854 3867//3867 3855//3855
f 4442//4442 4441//4441 4433//4433
f 4434//4434 4442//4442 4433//4433
f 3855//3855 3867//3867 3868//3868
f 3855//3855 3868//3868 3856//3856
f 4443//4443 4442//4442 4434//4434
f 4435//4435 4443//4443 4434//4434
f 3856//3856 3868//3868 3869//3869
f 3856//3856 3869//3869 3857//3857
f 4444//4444 4443//4443 4435//4435
f 4436//4436 4444//4444 4435//4435
f 3857//3857 3869//3869 3870//3870
f 3857//3857 3870//3870 3858//3858
f 4445//4445 4444//4444 4436//4436
f 3858//3858 4445//4445 4436//4436
f 3858//3858 3870//3870 3871//3871
f 3858//3858 3871//3871 3859//3859
f 3871//3871 4445//4445 3858//3858
f 3859//3859 3871//3871 3858//3858
f 3860//3860 3873//3873 3874//3874
f 3860//3860 3874//3874 3861//3861
f 4446//4446 3873//3873 3860//3860
f 3861//3861 4446//4446 3860//3860
f 3861//3861 3874//3874 3875//3875
f 3861//3861 3875//3875 3862//3862
f 4447//4447 4446//4446 3861//3861
f 4437//4437 4447//4447 3861//3861
f 3862//3862 3875//3875 3876//3876
f 3862//3862 3876//3876 3863//3863
f 4448//4448 4447//4447 4437//4437
f 4438//4438 4448//4448 4437//4437
f 3863//3863 3876//3876 3877//3877
f 3863//3863 3877//3877 3864//3864
f 4449//4449 4448//4448 4438//4438
f 4439//4439 4449//4449 4438//4438
f 3864//3864 3877//3877 3878//3878
f 3864//3864 3878//3878 3865//3865
f 4450//4450 4449//4449 4439//4439
f 4440//4440 4450//4450 4439//4439
f 3865//3865 3878//3878 3879//3879
f 3865//3865 3879//3879 3866//3866
f 4451//4451 4450//4450 4440//4440
f 4441//4441 4451//4451 4440//4440
f 3866//3866 3879//3879 3880//3880
f 3866//3866 3880//3880 3867//3867
f 4452//4452 4451//4451 4441//4441
f 4442//4442 4452//4452 4441//4441
f 3867//3867 3880//3880 3881//3881
f 3867//3867 3881//3881 3868//3868
f 4453//4453 4452//4452 4442//4442
f 4443//4443 4453//4453 4442//4442
f 3868//3868 3881//3881 3882//3882
f 3868//3868 3882//3882 3869//3869
f 4454//4454 4453//4453 4443//4443
f 4444//4444 4454//4454 4443//4443
f 3869//3869 3882//3882 3883//3883
f 3869//3869 3883//3883 3870//3870
f 4455//4455 4454//4454 4444//4444
f 4445//4445 4455//4455 4444//4444
f 3870//3870 3883//3883 3884//3884
f 3870//3870 3884//3884 3871//3871
f 4456//4456 4455//4455 4445//4445
f 3871//3871 4456//4456 4445//4445
f 3871//3871 3884//3884 3885//3885
f 3871//3871 3885//3885 3872//3872
f 3885//3885 4456//4456 3871//3871
f 3872//3872 3885//3885 3871//3871
f 3873//3873 3886//3886 3887//3887
f 3873//3873 3887//3887 3874//3874
f 4457//4457 3886//3886 3873//3873
f 4446//4446 4457//4457 3873//3873
f 3874//3874 3887//3887 3888//3888
f 3874//3874 3888//3888 3875//3875
f 4458//4458 4457//4457 4446//4446
f 4447//4447 4458//4458 4446//4446
f 3875//3875 3888//3888 3889//3889
f 3875//3875 3889//3889 3876//3876
f 4459//4459 4458//4458 4447//4447
f 4448//4448 4459//4459 4447//4447
f 3876//3876 3889//3889 3890//3890
f 3876//3876 3890//3890 3877//3877
f 4460//4460 4459//4459 4448//4448
f 4449//4449 4460//4460 4448//4448
f 3877//3877 3890//3890 3891//3891
f 3877//3877 3891//3891 3878//3878
f 4461//4461 4460//4460 4449//4449
f 4450//4450 4461//4461 4449//4449
f 3878//3878 3891//3891 3892//3892
f 3878//3878 3892//3892 3879//3879
f 4462//4462 4461//4461 4450//4450
f 4451//4451 4462//4462 4450//4450
f 3879//3879 3892//3892 3893//3893
f 3879//3879 3893//3893 3880//3880
f 4463//4463 4462//4462 4451//4451
f 4452//4452 4463//4463 4451//4451
f 3880//3880 3893//3893 3894//3894
f 3880//3880 3894//3894 3881//3881
f 4464//4464 4463//4463 4452//4452
f 4453//4453 4464//4464 4452//4452
f 3881//3881 3894//3894 3895//3895
f 3881//3881 3895//3895 3882//3882
f 4465//4465 4464//4464 4453//4453
f 4454//4454 4465//4465 4453//4453
f 3882//3882 3895//3895 3896//3896
f 3882//3882 3896//3896 3883//3883
f 4466//4466 4465//4465 4454//4454
f 4455//4455 4466//4466 4454//4454
f 3883//3883 3896//3896 3897//3897
f 3883//3883 3897//3897 3884//3884
f 4467//4467 4466//4466 4455//4455
f 4456//4456 4467//4467 4455//4455
f 3884//3884 3897//3897 3898//3898
f 3884//3884 3898//3898 3885//3885
f 3898//3898 4467//4467 4456//4456
f 3885//3885 3898//3898 4456//4456
f 3886//3886 3899//3899 3900//3900
f 3886//3886 3900//3900 3887//3887
f 4468//4468 3899//3899 3886//3886
f 4457//4457 4468//4468 3886//3886
f 3887//3887 3900//3900 3901//3901
f 3887//3887 3901//3901 3888//3888
f 4469//4469 4468//4468 4457//4457
f 4458//4458 4469//4469 4457//4457
f 3888//3888 3901//3901 3902//3902
f 3888//3888 3902//3902 3889//3889
f 4470//4470 4469//4469 4458//4458
f 4459//4459 4470//4470 4458//4458
f 3889//3889 3902//3902 3903//3903
f 3889//3889 3903//3903 3890//3890
f 4471//4471 4470//4470 4459//4459
f 4460//4460 4471//4471 4459//4459
f 3890//3890 3903//3903 3904//3904
f 3890//3890 3904//3904 3891//3891
f 4472//4472 4471//4471 4460//4460
f 4461//4461 4472//4472 4460//4460
f 3891//3891 3904//3904 3905//3905
f 3891//3891 3905//3905 3892//3892
f 4473//4473 4472//4472 4461//4461
f 4462//4462 4473//4473 4461//4461
f 3892//3892 3905//3905 3906//3906
f 3892//3892 3906//3906 3893//3893
f 4474//4474 4473//4473 4462//4462
f 4463//4463 4474//4474 4462//4462
f 3893//3893 3906//3906 3907//3907
f 3893//3893 3907//3907 3894//3894
f 4475//4475 4474//4474 4463//4463
f 4464//4464 4475//4475 4463//4463
f 3894//3894 3907//3907 3908//3908
f 3894//3894 3908//3908 3895//3895
f 4476//4476 4475//4475 4464//4464
f 4465//4465 4476//4476 4464//4464
f 3895//3895 3908//3908 3909//3909
f 3895//3895 3909//3909 3896//3896
f 4477//4477 4476//4476 4465//4465
f 4466//4466 4477//4477 4465//4465
f 3896//3896 3909//3909 3910//3910
f 3896//3896 3910//3910 3897//3897
f 4478//4478 4477//4477 4466//4466
f 4467//4467 4478//4478 4466//4466
f 3897//3897 3910//3910 3911//3911
f 3897//3897 3911//3911 3898//3898
f 3911//3911 4478//4478 4467//4467
f 3898//3898 3911//3911 4467//4467
f 3899//3899 3912//3912 3913//3913
f 3899//3899 3913//3913 3900//3900
f 3913//3913 3912//3912 3899//3899
f 4468//4468 3913//3913 3899//3899
f 3900//3900 3913//3913 3914//3914
f 3900//3900 3914//3914 3901//3901
f 4479//4479 3913//3913 4468//4468
f 4469//4469 4479//4479 4468//4468
f 3901//3901 3914//3914 3915//3915
f 3901//3901 3915//3915 3902//3902
f 4480//4480 4479//4479 4469//4469
f 4470//4470 4480//4480 4469//4469
f 3902//3902 3915//3915 3916//3916
f 3902//3902 3916//3916 3903//3903
f 4481//4481 4480//4480 4470//4470
f 4471//4471 4481//4481 4470//4470
f 3903//3903 3916//3916 3917//3917
f 3903//3903 3917//3917 3904//3904
f 4482//4482 4481//4481 4471//4471
f 4472//4472 4482//4482 4471//4471
f 3904//3904 3917//3917 3918//3918
f 3904//3904 3918//3918 3905//3905
f 4483//4483 4482//4482 4472//4472
f 4473//4473 4483//4483 4472//4472
f 3905//3905 3918//3918 3919//3919
f 3905//3905 3919//3919 3906//3906
f 4484//4484 4483//4483 4473//4473
f 4474//4474 4484//4484 4473//4473
f 3906//3906 3919//3919 3920//3920
f 3906//3906 3920//3920 3907//3907
f 4485//4485 4484//4484 4474//4474
f 4475//4475 4485//4485 4474//4474
f 3907//3907 3920//3920 3921//3921
f 3907//3907 3921//3921 3908//3908
f 4486//4486 4485//4485 4475//4475
f 4476//4476 4486//4486 4475//4475
f 3908//3908 3921//3921 3922//3922
f 3908//3908 3922//3922 3909//3909
f 4487//4487 4486//4486 4476//4476
f 4477//4477 4487//4487 4476//4476
f 3909//3909 3922//3922 3923//3923
f 3909//3909 3923//3923 3910//3910
f 3923//3923 4487//4487 4477//4477
f 4478//4478 3923//3923 4477//4477
f 3910//3910 3923//3923 3924//3924
f 3910//3910 3924//3924 3911//3911
f 3924//3924 3923//3923 4478//4478
f 3911//3911 3924//3924 4478//4478
f 3913//3913 3925//3925 3926//3926
f 3913//3913 3926//3926 3914//3914
f 3926//3926 3925//3925 3913//3913
f 4479//4479 3926//3926 3913//3913
f 3914//3914 3926//3926 3927//3927
f 3914//3914 3927//3927 3915//3915
f 4488//4488 3926//3926 4479//4479
f 4480//4480 4488//4488 4479//4479
f 3915//3915 3927//3927 3928//3928
f 3915//3915 3928//3928 3916//3916
f 4489//4489 4488//4488 4480//4480
f 4481//4481 4489//4489 4480//4480
f 3916//3916 3928//3928 3929//3929
f 3916//3916 3929//3929 3917//3917
f 4490//4490 4489//4489 4481//4481
f 4482//4482 4490//4490 4481//4481
f 3917//3917 3929//3929 3930//3930
f 3917//3917 3930//3930 3918//3918
f 4491//4491 4490//4490 4482//4482
f 4483//4483 4491//4491 4482//4482
f 3918//3918 3930//3930 3931//3931
f 3918//3918 3931//3931 3919//3919
f 4492//4492 4491//4491 4483//4483
f 4484//4484 4492//4492 4483//4483
f 3919//3919 3931//3931 3932//3932
f 3919//3919 3932//3932 3920//3920
f 4493//4493 4492//4492 4484//4484
f 4485//4485 4493//4493 4484//4484
f 3920//3920 3932//3932 3933//3933
f 3920//3920 3933//3933 3921//3921
f 4494//4494 4493//4493 4485//4485
f 4486//4486 4494//4494 4485//4485
f 3921//3921 3933//3933 3934//3934
f 3921//3921 3934//3934 3922//3922
f 3934//3934 4494//4494 4486//4486
f 4487//4487 3934//3934 4486//4486
f 3922//3922 3934//3934 3935//3935
f 3922//3922 3935//3935 3923//3923
f 3935//3935 3934//3934 4487//4487
f 3923//3923 3935//3935 4487//4487
f 3926//3926 3936//3936 3937//3937
f 3926//3926 3937//3937 3927//3927
f 4495//4495 3936//3936 3926//3926
f 4488//4488 4495//4495 3926//3926
f 3927//3927 3937//3937 3938//3938
f 3927//3927 3938//3938 3928//3928
f 4496//4496 4495//4495 4488//4488
f 4489//4489 4496//4496 4488//4488
f 3928//3928 3938//3938 3939//3939
f 3928//3928 3939//3939 3929//3929
f 4497//4497 4496//4496 4489//4489
f 4490//4490 4497//4497 4489//4489
f 3929//3929 3939//3939 3940//3940
f 3929//3929 3940//3940 3930//3930
f 4498//4498 4497//4497 4490//4490
f 4491//4491 4498//4498 4490//4490
f 3930//3930 3940//3940 3941//3941
f 3930//3930 3941//3941 3931//3931
f 4499//4499 4498//4498 4491//4491
f 4492//4492 4499//4499 4491//4491
f 3931//3931 3941//3941 3942//3942
f 3931//3931 3942//3942 3932//3932
f 4500//4500 4499//4499 4492//4492
f 4493//4493 4500//4500 4492//4492
f 3932//3932 3942//3942 3943//3943
f 3932//3932 3943//3943 3933//3933
f 4501//4501 4500//4500 4493//4493
f 4494//4494 4501//4501 4493//4493
f 3933//3933 3943//3943 3944//3944
f 3933//3933 3944//3944 3934//3934
f 3944//3944 4501//4501 4494//4494
f 3934//3934 3944//3944 4494//4494
f 3936//3936 3945//3945 3946//3946
f 3936//3936 3946//3946 3937//3937
f 3946//3946 3945//3945 3936//3936
f 4495//4495 3946//3946 3936//3936
f 3937//3937 3946//3946 3947//3947
f 3937//3937 3947//3947 3938//3938
f 4502//4502 3946//3946 4495//4495
f 4496//4496 4502//4502 4495//4495
f 3938//3938 3947//3947 3948//3948
f 3938//3938 3948//3948 3939//3939
f 4503//4503 4502//4502 4496//4496
f 4497//4497 4503//4503 4496//4496
f 3939//3939 3948//3948 3949//3949
f 3939//3939 3949//3949 3940//3940
f 4504//4504 4503//4503 4497//4497
f 4498//4498 4504//4504 4497//4497
f 3940//3940 3949//3949 3950//3950
f 3940//3940 3950//3950 3941//3941
f 4505//4505 4504//4504 4498//4498
f 4499//4499 4505//4505 4498//4498
f 3941//3941 3950//3950 3951//3951
f 3941//3941 3951//3951 3942//3942
f 4506//4506 4505//4505 4499//4499
f 4500//4500 4506//4506 4499//4499
f 3942//3942 3951//3951 3952//3952
f 3942//3942 3952//3952 3943//3943
f 3952//3952 4506//4506 4500//4500
f 4501//4501 3952//3952 4500//4500
f 3943//3943 3952//3952 3953//3953
f 3943//3943 3953//3953 3944//3944
f 3953//3953 3952//3952 4501//4501
f 3944//3944 3953//3953 4501//4501
f 3946//3946 3954//3954 3955//3955
f 3946//3946 3955//3955 3947//3947
f 4507//4507 3954//3954 3946//3946
f 4502//4502 4507//4507 3946//3946
f 3947//3947 3955//3955 3956//3956
f 3947//3947 3956//3956 3948//3948
f 4508//4508 4507//4507 4502//4502
f 4503//4503 4508//4508 4502//4502
f 3948//3948 3956//3956 3957//3957
f 3948//3948 3957//3957 3949//3949
f 4509//4509 4508//4508 4503//4503
f 4504//4504 4509//4509 4503//4503
f 3949//3949 3957//3957 3958//3958
f 3949//3949 3958//3958 3950//3950
f 4510//4510 4509//4509 4504//4504
f 4505//4505 4510//4510 4504//4504
f 3950//3950 3958//3958 3959//3959
f 3950//3950 3959//3959 3951//3951
f 4511//4511 4510//4510 4505//4505
f 4506//4506 4511//4511 4505//4505
f 3951//3951 3959//3959 3960//3960
f 3951//3951 3960//3960 3952//3952
f 3960//3960 4511//4511 4506//4506
f 3952//3952 3960//3960 4506//4506
f 3954//3954 3961//3961 3962//3962
f 3954//3954 3962//3962 3955//3955
f 3962//3962 3961//3961 3954//3954
f 4507//4507 3962//3962 3954//3954
f 3955//3955 3962//3962 3963//3963
f 3955//3955 3963//3963 3956//3956
f 4512//4512 3962//3962 4507//4507
f 4508//4508 4512//4512 4507//4507
f 3956//3956 3963//3963 3964//3964
f 3956//3956 3964//3964 3957//3957
f 4513//4513 4512//4512 4508//4508
f 4509//4509 4513//4513 4508//4508
f 3957//3957 3964//3964 3965//3965
f 3957//3957 3965//3965 3958//3958
f 4514//4514 4513//4513 4509//4509
f 4510//4510 4514//4514 4509//4509
f 3958//3958 3965//3965 3966//3966
f 3958//3958 3966//3966 3959//3959
f 4515//4515 4514//4514 4510//4510
f 4511//4511 4515//4515 4510//4510
f 3959//3959 3966//3966 3967//3967
f 3959//3959 3967//3967 3960//3960
f 3967//3967 4515//4515 4511//4511
f 3960//3960 3967//3967 4511//4511
f 3962//3962 3968//3968 3969//3969
f 3962//3962 3969//3969 3963//3963
f 4516//4516 3968//3968 3962//3962
f 4512//4512 4516//4516 3962//3962
f 3963//3963 3969//3969 3970//3970
f 3963//3963 3970//3970 3964//3964
f 4517//4517 4516//4516 4512//4512
f 4513//4513 4517//4517 4512//4512
f 3964//3964 3970//3970 3971//3971
f 3964//3964 3971//3971 3965//3965
f 4518//4518 4517//4517 4513//4513
f 4514//4514 4518//4518 4513//4513
f 3965//3965 3971//3971 3972//3972
f 3965//3965 3972//3972 3966//3966
f 3972//3972 4518//4518 4514//4514
f 4515//4515 3972//3972 4514//4514
f 3966//3966 3972//3972 3973//3973
f 3966//3966 3973//3973 3967//3967
f 3973//3973 3972//3972 4515//4515
f 3967//3967 3973//3973 4515//4515
f 3968//3968 3975//3975 3976//3976
f 3968//3968 3976//3976 3969//3969
f 4519//4519 3975//3975 3968//3968
f 4516//4516 4519//4519 3968//3968
f 3969//3969 3976//3976 3977//3977
f 3969//3969 3977//3977 3970//3970
f 4520//4520 4519//4519 4516//4516
f 4517//4517 4520//4520 4516//4516
f 3970//3970 3977//3977 3978//3978
f 3970//3970 3978//3978 3971//3971
f 4521//4521 4520//4520 4517//4517
f 4518//4518 4521//4521 4517//4517
f 3971//3971 3978//3978 3979//3979
f 3971//3971 3979//3979 3972//3972
f 4522//4522 4521//4521 4518//4518
f 3972//3972 4522//4522 4518//4518
f 3972//3972 3979//3979 3980//3980
f 3972//3972 3980//3980 3973//3973
f 3980//3980 4522//4522 3972//3972
f 3973//3973 3980//3980 3972//3972
f 3974//3974 3983//3983 3984//3984
f 3974//3974 3984//3984 3975//3975
f 4523//4523 3983//3983 3974//3974
f 3975//3975 4523//4523 3974//3974
f 3975//3975 3984//3984 3985//3985
f 3975//3975 3985//3985 3976//3976
f 4524//4524 4523//4523 3975//3975
f 4519//4519 4524//4524 3975//3975
f 3976//3976 3985//3985 3986//3986
f 3976//3976 3986//3986 3977//3977
f 4525//4525 4524//4524 4519//4519
f 4520//4520 4525//4525 4519//4519
f 3977//3977 3986//3986 3987//3987
f 3977//3977 3987//3987 3978//3978
f 4526//4526 4525//4525 4520//4520
f 4521//4521 4526//4526 4520//4520
f 3978//3978 3987//3987 3988//3988
f 3978//3978 3988//3988 3979//3979
f 4527//4527 4526//4526 4521//4521
f 4522//4522 4527//4527 4521//4521
f 3979//3979 3988//3988 3989//3989
f 3979//3979 3989//3989 3980//3980
f 4528//4528 4527//4527 4522//4522
f 3980//3980 4528//4528 4522//4522
f 3980//3980 3989//3989 3990//3990
f 3980//3980 3990//3990 3981//3981
f 3990//3990 4528//4528 3980//3980
f 3981//3981 3990//3990 3980//3980
f 3982//3982 3993//3993 3994//3994
f 3982//3982 3994//3994 3983//3983
f 4529//4529 3993//3993 3982//3982
f 3983//3983 4529//4529 3982//3982
f 3983//3983 3994//3994 3995//3995
f 3983//3983 3995//3995 3984//3984
f 4530//4530 4529//4529 3983//3983
f 4523//4523 4530//4530 3983//3983
f 3984//3984 3995//3995 3996//3996
f 3984//3984 3996//3996 3985//3985
f 4531//4531 4530//4530 4523//4523
f 4524//4524 4531//4531 4523//4523
f 3985//3985 3996//3996 3997//3997
f 3985//3985 3997//3997 3986//3986
f 4532//4532 4531//4531 4524//4524
f 4525//4525 4532//4532 4524//4524
f 3986//3986 3997//3997 3998//3998
f 3986//3986 3998//3998 3987//3987
f 4533//4533 4532//4532 4525//4525
f 4526//4526 4533//4533 4525//4525
f 3987//3987 3998//3998 3999//3999
f 3987//3987 3999//3999 3988//3988
f 4534//4534 4533//4533 4526//4526
f 4527//4527 4534//4534 4526//4526
f 3988//3988 3999//3999 4000//4000
f 3988//3988 4000//4000 3989//3989
f 4535//4535 4534//4534 4527//4527
f 4528//4528 4535//4535 4527//4527
f 3989//3989 4000//4000 4001//4001
f 3989//3989 4001//4001 3990//3990
f 4536//4536 4535//4535 4528//4528
f 3990//3990 4536//4536 4528//4528
f 3990//3990 4001//4001 4002//4002
f 3990//3990 4002//4002 3991//3991
f 4002//4002 4536//4536 3990//3990
f 3991//3991 4002//4002 3990//3990
f 3992//3992 4005//4005 4006//4006
f 3992//3992 4006//4006 3993//3993
f 4537//4537 4005//4005 3992//3992
f 3993//3993 4537//4537 3992//3992
f 3993//3993 4006//4006 4007//4007
f 3993//3993 4007//4007 3994//3994
f 4538//4538 4537//4537 3993//3993
f 4529//4529 4538//4538 3993//3993
f 3994//3994 4007//4007 4008//4008
f 3994//3994 4008//4008 3995//3995
f 4539//4539 4538//4538 4529//4529
f 4530//4530 4539//4539 4529//4529
f 3995//3995 4008//4008 4009//4009
f 3995//3995 4009//4009 3996//3996
f 4540//4540 4539//4539 4530//4530
f 4531//4531 4540//4540 4530//4530
f 3996//3996 4009//4009 4010//4010
f 3996//3996 4010//4010 3997//3997
f 4541//4541 4540//4540 4531//4531
f 4532//4532 4541//4541 4531//4531
f 3997//3997 4010//4010 4011//4011
f 3997//3997 4011//4011 3998//3998
f 4542//4542 4541//4541 4532//4532
f 4533//4533 4542//4542 4532//4532
f 3998//3998 4011//4011 4012//4012
f 3998//3998 4012//4012 3999//3999
f 4543//4543 4542//4542 4533//4533
f 4534//4534 4543//4543 4533//4533
f 3999//3999 4012//4012 4013//4013
f 3999//3999 4013//4013 4000//4000
f 4544//4544 4543//4543 4534//4534
f 4535//4535 4544//4544 4534//4534
f 4000//4000 4013//4013 4014//4014
f 4000//4000 4014//4014 4001//4001
f 4545//4545 4544//4544 4535//4535
f 4536//4536 4545//4545 4535//4535
f 4001//4001 4014//4014 4015//4015
f 4001//4001 4015//4015 4002//4002
f 4546//4546 4545//4545 4536//4536
f 4002//4002 4546//4546 4536//4536
f 4002//4002 4015//4015 4016//4016
f 4002//4002 4016//4016 4003//4003
f 4016//4016 4546//4546 4002//4002
f 4003//4003 4016//4016 4002//4002
f 4004//4004 4018//4018 4019//4019
f 4004//4004 4019//4019 4005//4005
f 4547//4547 4018//4018 4004//4004
f 4005//4005 4547//4547 4004//4004
f 4005//4005 4019//4019 4020//4020
f 4005//4005 4020//4020 4006//4006
f 4548//4548 4547//4547 4005//4005
f 4537//4537 4548//4548 4005//4005
f 4006//4006 4020//4020 4021//4021
f 4006//4006 4021//4021 4007//4007
f 4549//4549 4548//4548 4537//4537
f 4538//4538 4549//4549 4537//4537
f 4007//4007 4021//4021 4022//4022
f 4007//4007 4022//4022 4008//4008
f 4550//4550 4549//4549 4538//4538
f 4539//4539 4550//4550 4538//4538
f 4008//4008 4022//4022 4023//4023
f 4008//4008 4023//4023 4009//4009
f 4551//4551 4550//4550 4539//4539
f 4540//4540 4551//4551 4539//4539
f 4009//4009 4023//4023 4024//4024
f 4009//4009 4024//4024 4010//4010
f 4552//4552 4551//4551 4540//4540
f 4541//4541 4552//4552 4540//4540
f 4010//4010 4024//4024 4025//4025
f 4010//4010 4025//4025 4011//4011
f 4553//4553 4552//4552 4541//4541
f 4542//4542 4553//4553 4541//4541
f 4011//4011 4025//4025 4026//4026
f 4011//4011 4026//4026 4012//4012
f 4554//4554 4553//4553 4542//4542
f 4543//4543 4554//4554 4542//4542
f 4012//4012 4026//4026 4027//4027
f 4012//4012 4027//4027 4013//4013
f 4555//4555 4554//4554 4543//4543
f 4544//4544 4555//4555 4543//4543
f 4013//4013 4027//4027 4028//4028
f 4013//4013 4028//4028 4014//4014
f 4556//4556 4555//4555 4544//4544
f 4545//4545 4556//4556 4544//4544
f 4014//4014 4028//4028 4029//4029
f 4014//4014 4029//4029 4015//4015
f 4557//4557 4556//4556 4545//4545
f 4546//4546 4557//4557 4545//4545
f 4015//4015 4029//4029 4030//4030
f 4015//4015 4030//4030 4016//4016
f 4558//4558 4557//4557 4546//4546
f 4016//4016 4558//4558 4546//4546
f 4016//4016 4030//4030 4031//4031
f 4016//4016 4031//4031 4017//4017
f 4031//4031 4558//4558 4016//4016
f 4017//4017 4031//4031 4016//4016
f 4018//4018 4032//4032 4033//4033
f 4018//4018 4033//4033 4019//4019
f 4033//4033 4032//4032 4018//4018
f 4547//4547 4033//4033 4018//4018
f 4019//4019 4033//4033 4034//4034
f 4019//4019 4034//4034 4020//4020
f 4559//4559 4033//4033 4547//4547
f 4548//4548 4559//4559 4547//4547
f 4020//4020 4034//4034 4035//4035
f 4020//4020 4035//4035 4021//4021
f 4560//4560 4559//4559 4548//4548
f 4549//4549 4560//4560 4548//4548
f 4021//4021 4035//4035 4036//4036
f 4021//4021 4036//4036 4022//4022
f 4561//4561 4560//4560 4549//4549
f 4550//4550 4561//4561 4549//4549
f 4022//4022 4036//4036 4037//4037
f 4022//4022 4037//4037 4023//4023
f 4562//4562 4561//4561 4550//4550
f 4551//4551 4562//4562 4550//4550
f 4023//4023 4037//4037 4038//4038
f 4023//4023 4038//4038 4024//4024
f 4563//4563 4562//4562 4551//4551
f 4552//4552 4563//4563 4551//4551
f 4024//4024 4038//4038 4039//4039
f 4024//4024 4039//4039 4025//4025
f 4564//4564 4563//4563 4552//4552
f 4553//4553 4564//4564 4552//4552
f 4025//4025 4039//4039 4040//4040
f 4025//4025 4040//4040 4026//4026
f 4565//4565 4564//4564 4553//4553
f 4554//4554 4565//4565 4553//4553
f 4026//4026 4040//4040 4041//4041
f 4026//4026 4041//4041 4027//4027
f 4566//4566 4565//4565 4554//4554
f 4555//4555 4566//4566 4554//4554
f 4027//4027 4041//4041 4042//4042
f 4027//4027 4042//4042 4028//4028
f 4567//4567 4566//4566 4555//4555
f 4556//4556 4567//4567 4555//4555
f 4028//4028 4042//4042 4043//4043
f 4028//4028 4043//4043 4029//4029
f 4568//4568 4567//4567 4556//4556
f 4557//4557 4568//4568 4556//4556
f 4029//4029 4043//4043 4044//4044
f 4029//4029 4044//4044 4030//4030
f 4044//4044 4568//4568 4557//4557
f 4558//4558 4044//4044 4557//4557
f 4030//4030 4044//4044 4045//4045
f 4030//4030 4045//4045 4031//4031
f 4045//4045 4044//4044 4558//4558
f 4031//4031 4045//4045 4558//4558
f 4033//4033 4046//4046 4047//4047
f 4033//4033 4047//4047 4034//4034
f 4569//4569 4046//4046 4033//4033
f 4559//4559 4569//4569 4033//4033
f 4034//4034 4047//4047 4048//4048
f 4034//4034 4048//4048 4035//4035
f 4570//4570 4569//4569 4559//4559
f 4560//4560 4570//4570 4559//4559
f 4035//4035 4048//4048 4049//4049
f 4035//4035 4049//4049 4036//4036
f 4571//4571 4570//4570 4560//4560
f 4561//4561 4571//4571 4560//4560
f 4036//4036 4049//4049 4050//4050
f 4036//4036 4050//4050 4037//4037
f 4572//4572 4571//4571 4561//4561
f 4562//4562 4572//4572 4561//4561
f 4037//4037 4050//4050 4051//4051
f 4037//4037 4051//4051 4038//4038
f 4573//4573 4572//4572 4562//4562
f 4563//4563 4573//4573 4562//4562
f 4038//4038 4051//4051 4052//4052
f 4038//4038 4052//4052 4039//4039
f 4574//4574 4573//4573 4563//4563
f 4564//4564 4574//4574 4563//4563
f 4039//4039 4052//4052 4053//4053
f 4039//4039 4053//4053 4040//4040
f 4575//4575 4574//4574 4564//4564
f 4565//4565 4575//4575 4564//4564
f 4040//4040 4053//4053 4054//4054
f 4040//4040 4054//4054 4041//4041
f 4576//4576 4575//4575 4565//4565
f 4566//4566 4576//4576 4565//4565
f 4041//4041 4054//4054 4055//4055
f 4041//4041 4055//4055 4042//4042
f 4577//4577 4576//4576 4566//4566
f 4567//4567 4577//4577 4566//4566
f 4042//4042 4055//4055 4056//4056
f 4042//4042 4056//4056 4043//4043
f 4056//4056 4577//4577 4567//4567
f 4568//4568 4056//4056 4567//4567
f 4043//4043 4056//4056 4057//4057
f 4043//4043 4057//4057 4044//4044
f 4057//4057 4056//4056 4568//4568
f 4044//4044 4057//4057 4568//4568
f 4046//4046 4058//4058 4059//4059
f 4046//4046 4059//4059 4047//4047
f 4059//4059 4058//4058 4046//4046
f 4569//4569 4059//4059 4046//4046
f 4047//4047 4059//4059 4060//4060
f 4047//4047 4060//4060 4048//4048
f 4578//4578 4059//4059 4569//4569
f 4570//4570 4578//4578 4569//4569
f 4048//4048 4060//4060 4061//4061
f 4048//4048 4061//4061 4049//4049
f 4579//4579 4578//4578 4570//4570
f 4571//4571 4579//4579 4570//4570
f 4049//4049 4061//4061 4062//4062
f 4049//4049 4062//4062 4050//4050
f 4580//4580 4579//4579 4571//4571
f 4572//4572 4580//4580 4571//4571
f 4050//4050 4062//4062 4063//4063
f 4050//4050 4063//4063 4051//4051
f 4581//4581 4580//4580 4572//4572
f 4573//4573 4581//4581 4572//4572
f 4051//4051 4063//4063 4064//4064
f 4051//4051 4064//4064 4052//4052
f 4582//4582 4581//4581 4573//4573
f 4574//4574 4582//4582 4573//4573
f 4052//4052 4064//4064 4065//4065
f 4052//4052 4065//4065 4053//4053
f 4583//4583 4582//4582 4574//4574
f 4575//4575 4583//4583 4574//4574
f 4053//4053 4065//4065 4066//4066
f 4053//4053 4066//4066 4054//4054
f 4584//4584 4583//4583 4575//4575
f 4576//4576 4584//4584 4575//4575
f 4054//4054 4066//4066 4067//4067
f 4054//4054 4067//4067 4055//4055
f 4585//4585 4584//4584 4576//4576
f 4577//4577 4585//4585 4576//4576
f 4055//4055 4067//4067 4068//4068
f 4055//4055 4068//4068 4056//4056
f 4068//4068 4585//4585 4577//4577
f 4056//4056 4068//4068 4577//4577
f 4059//4059 4069//4069 4070//4070
f 4059//4059 4070//4070 4060//4060
f 4070//4070 4069//4069 4059//4059
f 4578//4578 4070//4070 4059//4059
f 4060//4060 4070//4070 4071//4071
f 4060//4060 4071//4071 4061//4061
f 4586//4586 4070//4070 4578//4578
f 4579//4579 4586//4586 4578//4578
f 4061//4061 4071//4071 4072//4072
f 4061//4061 4072//4072 4062//4062
f 4587//4587 4586//4586 4579//4579
f 4580//4580 4587//4587 4579//4579
f 4062//4062 4072//4072 4073//4073
f 4062//4062 4073//4073 4063//4063
f 4588//4588 4587//4587 4580//4580
f 4581//4581 4588//4588 4580//4580
f 4063//4063 4073//4073 4074//4074
f 4063//4063 4074//4074 4064//4064
f 4589//4589 4588//4588 4581//4581
f 4582//4582 4589//4589 4581//4581
f 4064//4064 4074//4074 4075//4075
f 4064//4064 4075//4075 4065//4065
f 4590//4590 4589//4589 4582//4582
f 4583//4583 4590//4590 4582//4582
f 4065//4065 4075//4075 4076//4076
f 4065//4065 4076//4076 4066//4066
f 4591//4591 4590//4590 4583//4583
f 4584//4584 4591//4591 4583//4583
f 4066//4066 4076//4076 4077//4077
f 4066//4066 4077//4077 4067//4067
f 4077//4077 4591//4591 4584//4584
f 4585//4585 4077//4077 4584//4584
f 4067//4067 4077//4077 4078//4078
f 4067//4067 4078//4078 4068//4068
f 4078//4078 4077//4077 4585//4585
f 4068//4068 4078//4078 4585//4585
f 4070//4070 4079//4079 4080//4080
f 4070//4070 4080//4080 4071//4071
f 4592//4592 4079//4079 4070//4070
f 4586//4586 4592//4592 4070//4070
f 4071//4071 4080//4080 4081//4081
f 4071//4071 4081//4081 4072//4072
f 4593//4593 4592//4592 4586//4586
f 4587//4587 4593//4593 4586//4586
f 4072//4072 4081//4081 4082//4082
f 4072//4072 4082//4082 4073//4073
f 4594//4594 4593//4593 4587//4587
f 4588//4588 4594//4594 4587//4587
f 4073//4073 4082//4082 4083//4083
f 4073//4073 4083//4083 4074//4074
f 4595//4595 4594//4594 4588//4588
f 4589//4589 4595//4595 4588//4588
f 4074//4074 4083//4083 4084//4084
f 4074//4074 4084//4084 4075//4075
f 4596//4596 4595//4595 4589//4589
f 4590//4590 4596//4596 4589//4589
f 4075//4075 4084//4084 4085//4085
f 4075//4075 4085//4085 4076//4076
f 4597//4597 4596//4596 4590//4590
f 4591//4591 4597//4597 4590//4590
f 4076//4076 4085//4085 4086//4086
f 4076//4076 4086//4086 4077//4077
f 4086//4086 4597//4597 4591//4591
f 4077//4077 4086//4086 4591//4591
f 4079//4079 4087//4087 4088//4088
f 4079//4079 4088//4088 4080//4080
f 4088//4088 4087//4087 4079//4079
f 4592//4592 4088//4088 4079//4079
f 4080//4080 4088//4088 4089//4089
f 4080//4080 4089//4089 4081//4081
f 4598//4598 4088//4088 4592//4592
f 4593//4593 4598//4598 4592//4592
f 4081//4081 4089//4089 4090//4090
f 4081//4081 4090//4090 4082//4082
f 4599//4599 4598//4598 4593//4593
f 4594//4594 4599//4599 4593//4593
f 4082//4082 4090//4090 4091//4091
f 4082//4082 4091//4091 4083//4083
f 4600//4600 4599//4599 4594//4594
f 4595//4595 4600//4600 4594//4594
f 4083//4083 4091//4091 4092//4092
f 4083//4083 4092//4092 4084//4084
f 4601//4601 4600//4600 4595//4595
f 4596//4596 4601//4601 4595//4595
f 4084//4084 4092//4092 4093//4093
f 4084//4084 4093//4093 4085//4085
f 4093//4093 4601//4601 4596//4596
f 4597//4597 4093//4093 4596//4596
f 4085//4085 4093//4093 4094//4094
f 4085//4085 4094//4094 4086//4086
f 4094//4094 4093//4093 4597//4597
f 4086//4086 4094//4094 4597//4597
f 4088//4088 4096//4096 4097//4097
f 4088//4088 4097//4097 4089//4089
f 4602//4602 4096//4096 4088//4088
f 4598//4598 4602//4602 4088//4088
f 4089//4089 4097//4097 4098//4098
f 4089//4089 4098//4098 4090//4090
f 4603//4603 4602//4602 4598//4598
f 4599//4599 4603//4603 4598//4598
f 4090//4090 4098//4098 4099//4099
f 4090//4090 4099//4099 4091//4091
f 4604//4604 4603//4603 4599//4599
f 4600//4600 4604//4604 4599//4599
f 4091//4091 4099//4099 4100//4100
f 4091//4091 4100//4100 4092//4092
f 4605//4605 4604//4604 4600//4600
f 4601//4601 4605//4605 4600//4600
f 4092//4092 4100//4100 4101//4101
f 4092//4092 4101//4101 4093//4093
f 4101//4101 4605//4605 4601//4601
f 4093//4093 4101//4101 4601//4601
f 4095//4095 4103//4103 4104//4104
f 4095//4095 4104//4104 4096//4096
f 4606//4606 4103//4103 4095//4095
f 4096//4096 4606//4606 4095//4095
f 4096//4096 4104//4104 4105//4105
f 4096//4096 4105//4105 4097//4097
f 4607//4607 4606//4606 4096//4096
f 4602//4602 4607//4607 4096//4096
f 4097//4097 4105//4105 4106//4106
f 4097//4097 4106//4106 4098//4098
f 4608//4608 4607//4607 4602//4602
f 4603//4603 4608//4608 4602//4602
f 4098//4098 4106//4106 4107//4107
f 4098//4098 4107//4107 4099//4099
f 4609//4609 4608//4608 4603//4603
f 4604//4604 4609//4609 4603//4603
f 4099//4099 4107//4107 4108//4108
f 4099//4099 4108//4108 4100//4100
f 4610//4610 4609//4609 4604//4604
f 4605//4605 4610//4610 4604//4604
f 4100//4100 4108//4108 4109//4109
f 4100//4100 4109//4109 4101//4101
f 4611//4611 4610//4610 4605//4605
f 4101//4101 4611//4611 4605//4605
f 4101//4101 4109//4109 4110//4110
f 4101//4101 4110//4110 4102//4102
f 4110//4110 4611//4611 4101//4101
f 4102//4102 4110//4110 4101//4101
f 4103//4103 4112//4112 4113//4113
f 4103//4103 4113//4113 4104//4104
f 4612//4612 4112//4112 4103//4103
f 4606//4606 4612//4612 4103//4103
f 4104//4104 4113//4113 4114//4114
f 4104//4104 4114//4114 4105//4105
f 4613//4613 4612//4612 4606//4606
f 4607//4607 4613//4613 4606//4606
f 4105//4105 4114//4114 4115//4115
f 4105//4105 4115//4115 4106//4106
f 4614//4614 4613//4613 4607//4607
f 4608//4608 4614//4614 4607//4607
f 4106//4106 4115//4115 4116//4116
f 4106//4106 4116//4116 4107//4107
f 4615//4615 4614//4614 4608//4608
f 4609//4609 4615//4615 4608//4608
f 4107//4107 4116//4116 4117//4117
f 4107//4107 4117//4117 4108//4108
f 4616//4616 4615//4615 4609//4609
f 4610//4610 4616//4616 4609//4609
f 4108//4108 4117//4117 4118//4118
f 4108//4108 4118//4118 4109//4109
f 4617//4617 4616//4616 4610//4610
f 4611//4611 4617//4617 4610//4610
f 4109//4109 4118//4118 4119//4119
f 4109//4109 4119//4119 4110//4110
f 4119//4119 4617//4617 4611//4611
f 4110//4110 4119//4119 4611//4611
f 4111//4111 4122//4122 4123//4123
f 4111//4111 4123//4123 4112//4112
f 4618//4618 4122//4122 4111//4111
f 4112//4112 4618//4618 4111//4111
f 4112//4112 4123//4123 4124//4124
f 4112//4112 4124//4124 4113//4113
f 4619//4619 4618//4618 4112//4112
f 4612//4612 4619//4619 4112//4112
f 4113//4113 4124//4124 4125//4125
f 4113//4113 4125//4125 4114//4114
f 4620//4620 4619//4619 4612//4612
f 4613//4613 4620//4620 4612//4612
f 4114//4114 4125//4125 4126//4126
f 4114//4114 4126//4126 4115//4115
f 4621//4621 4620//4620 4613//4613
f 4614//4614 4621//4621 4613//4613
f 4115//4115 4126//4126 4127//4127
f 4115//4115 4127//4127 4116//4116
f 4622//4622 4621//4621 4614//4614
f 4615//4615 4622//4622 4614//4614
f 4116//4116 4127//4127 4128//4128
f 4116//4116 4128//4128 4117//4117
f 4623//4623 4622//4622 4615//4615
f 4616//4616 4623//4623 4615//4615
f 4117//4117 4128//4128 4129//4129
f 4117//4117 4129//4129 4118//4118
f 4624//4624 4623//4623 4616//4616
f 4617//4617 4624//4624 4616//4616
f 4118//4118 4129//4129 4130//4130
f 4118//4118 4130//4130 4119//4119
f 4625//4625 4624//4624 4617//4617
f 4119//4119 4625//4625 4617//4617
f 4119//4119 4130//4130 4131//4131
f 4119//4119 4131//4131 4120//4120
f 4131//4131 4625//4625 4119//4119
f 4120//4120 4131//4131 4119//4119
f 4121//4121 4134//4134 4135//4135
f 4121//4121 4135//4135 4122//4122
f 4626//4626 4134//4134 4121//4121
f 4122//4122 4626//4626 4121//4121
f 4122//4122 4135//4135 4136//4136
f 4122//4122 4136//4136 4123//4123
f 4627//4627 4626//4626 4122//4122
f 4618//4618 4627//4627 4122//4122
f 4123//4123 4136//4136 4137//4137
f 4123//4123 4137//4137 4124//4124
f 4628//4628 4627//4627 4618//4618
f 4619//4619 4628//4628 4618//4618
f 4124//4124 4137//4137 4138//4138
f 4124//4124 4138//4138 4125//4125
f 4629//4629 4628//4628 4619//4619
f 4620//4620 4629//4629 4619//4619
f 4125//4125 4138//4138 4139//4139
f 4125//4125 4139//4139 4126//4126
f 4630//4630 4629//4629 4620//4620
f 4621//4621 4630//4630 4620//4620
f 4126//4126 4139//4139 4140//4140
f 4126//4126 4140//4140 4127//4127
f 4631//4631 4630//4630 4621//4621
f 4622//4622 4631//4631 4621//4621
f 4127//4127 4140//4140 4141//4141
f 4127//4127 4141//4141 4128//4128
f 4632//4632 4631//4631 4622//4622
f 4623//4623 4632//4632 4622//4622
f 4128//4128 4141//4141 4142//4142
f 4128//4128 4142//4142 4129//4129
f 4633//4633 4632//4632 4623//4623
f 4624//4624 4633//4633 4623//4623
f 4129//4129 4142//4142 4143//4143
f 4129//4129 4143//4143 4130//4130
f 4634//4634 4633//4633 4624//4624
f 4625//4625 4634//4634 4624//4624
f 4130//4130 4143//4143 4144//4144
f 4130//4130 4144//4144 4131//4131
f 4635//4635 4634//4634 4625//4625
f 4131//4131 4635//4635 4625//4625
f 4131//4131 4144//4144 4145//4145
f 4131//4131 4145//4145 4132//4132
f 4145//4145 4635//4635 4131//4131
f 4132//4132 4145//4145 4131//4131
f 4133//4133 4146//4146 4147//4147
f 4133//4133 4147//4147 4134//4134
f 4636//4636 4146//4146 4133//4133
f 4134//4134 4636//4636 4133//4133
f 4134//4134 4147//4147 4148//4148
f 4134//4134 4148//4148 4135//4135
f 4637//4637 4636//4636 4134//4134
f 4626//4626 4637//4637 4134//4134
f 4135//4135 4148//4148 4149//4149
f 4135//4135 4149//4149 4136//4136
f 4638//4638 4637//4637 4626//4626
f 4627//4627 4638//4638 4626//4626
f 4136//4136 4149//4149 4150//4150
f 4136//4136 4150//4150 4137//4137
f 4639//4639 4638//4638 4627//4627
f 4628//4628 4639//4639 4627//4627
f 4137//4137 4150//4150 4151//4151
f 4137//4137 4151//4151 4138//4138
f 4640//4640 4639//4639 4628//4628
f 4629//4629 4640//4640 4628//4628
f 4138//4138 4151//4151 4152//4152
f 4138//4138 4152//4152 4139//4139
f 4641//4641 4640//4640 4629//4629
f 4630//4630 4641//4641 4629//4629
f 4139//4139 4152//4152 4153//4153
f 4139//4139 4153//4153 4140//4140
f 4642//4642 4641//4641 4630//4630
f 4631//4631 4642//4642 4630//4630
f 4140//4140 4153//4153 4154//4154
f 4140//4140 4154//4154 4141//4141
f 4643//4643 4642//4642 4631//4631
f 4632//4632 4643//4643 4631//4631
f 4141//4141 4154//4154 4155//4155
f 4141//4141 4155//4155 4142//4142
f 4644//4644 4643//4643 4632//4632
f 4633//4633 4644//4644 4632//4632
f 4142//4142 4155//4155 4156//4156
f 4142//4142 4156//4156 4143//4143
f 4645//4645 4644//4644 4633//4633
f 4634//4634 4645//4645 4633//4633
f 4143//4143 4156//4156 4157//4157
f 4143//4143 4157//4157 4144//4144
f 4646//4646 4645//4645 4634//4634
f 4635//4635 4646//4646 4634//4634
f 4144//4144 4157//4157 4158//4158
f 4144//4144 4158//4158 4145//4145
f 4158//4158 4646//4646 4635//4635
f 4145//4145 4158//4158 4635//4635
f 4146//4146 4160//4160 4161//4161
f 4146//4146 4161//4161 4147//4147
f 4647//4647 4160//4160 4146//4146
f 4636//4636 4647//4647 4146//4146
f 4147//4147 4161//4161 4162//4162
f 4147//4147 4162//4162 4148//4148
f 4648//4648 4647//4647 4636//4636
f 4637//4637 4648//4648 4636//4636
f 4148//4148 4162//4162 4163//4163
f 4148//4148 4163//4163 4149//4149
f 4649//4649 4648//4648 4637//4637
f 4638//4638 4649//4649 4637//4637
f 4149//4149 4163//4163 4164//4164
f 4149//4149 4164//4164 4150//4150
f 4650//4650 4649//4649 4638//4638
f 4639//4639 4650//4650 4638//4638
f 4150//4150 4164//4164 4165//4165
f 4150//4150 4165//4165 4151//4151
f 4651//4651 4650//4650 4639//4639
f 4640//4640 4651//4651 4639//4639
f 4151//4151 4165//4165 4166//4166
f 4151//4151 4166//4166 4152//4152
f 4652//4652 4651//4651 4640//4640
f 4641//4641 4652//4652 4640//4640
f 4152//4152 4166//4166 4167//4167
f 4152//4152 4167//4167 4153//4153
f 4653//4653 4652//4652 4641//4641
f 4642//4642 4653//4653 4641//4641
f 4153//4153 4167//4167 4168//4168
f 4153//4153 4168//4168 4154//4154
f 4654//4654 4653//4653 4642//4642
f 4643//4643 4654//4654 4642//4642
f 4154//4154 4168//4168 4169//4169
f 4154//4154 4169//4169 4155//4155
f 4655//4655 4654//4654 4643//4643
f 4644//4644 4655//4655 4643//4643
f 4155//4155 4169//4169 4170//4170
f 4155//4155 4170//4170 4156//4156
f 4656//4656 4655//4655 4644//4644
f 4645//4645 4656//4656 4644//4644
f 4156//4156 4170//4170 4171//4171
f 4156//4156 4171//4171 4157//4157
f 4657//4657 4656//4656 4645//4645
f 4646//4646 4657//4657 4645//4645
f 4157//4157 4171//4171 4172//4172
f 4157//4157 4172//4172 4158//4158
f 4658//4658 4657//4657 4646//4646
f 4158//4158 4658//4658 4646//4646
f 4158//4158 4172//4172 4173//4173
f 4158//4158 4173//4173 4159//4159
f 4173//4173 4658//4658 4158//4158
f 4159//4159 4173//4173 4158//4158
f 4160//4160 4174//4174 4175//4175
f 4160//4160 4175//4175 4161//4161
f 4175//4175 4174//4174 4160//4160
f 4647//4647 4175//4175 4160//4160
f 4161//4161 4175//4175 4176//4176
f 4161//4161 4176//4176 4162//4162
f 4659//4659 4175//4175 4647//4647
f 4648//4648 4659//4659 4647//4647
f 4162//4162 4176//4176 4177//4177
f 4162//4162 4177//4177 4163//4163
f 4660//4660 4659//4659 4648//4648
f 4649//4649 4660//4660 4648//4648
f 4163//4163 4177//4177 4178//4178
f 4163//4163 4178//4178 4164//4164
f 4661//4661 4660//4660 4649//4649
f 4650//4650 4661//4661 4649//4649
f 4164//4164 4178//4178 4179//4179
f 4164//4164 4179//4179 4165//4165
f 4662//4662 4661//4661 4650//4650
f 4651//4651 4662//4662 4650//4650
f 4165//4165 4179//4179 4180//4180
f 4165//4165 4180//4180 4166//4166
f 4663//4663 4662//4662 4651//4651
f 4652//4652 4663//4663 4651//4651
f 4166//4166 4180//4180 4181//4181
f 4166//4166 4181//4181 4167//4167
f 4664//4664 4663//4663 4652//4652
f 4653//4653 4664//4664 4652//4652
f 4167//4167 4181//4181 4182//4182
f 4167//4167 4182//4182 4168//4168
f 4665//4665 4664//4664 4653//4653
f 4654//4654 4665//4665 4653//4653
f 4168//4168 4182//4182 4183//4183
f 4168//4168 4183//4183 4169//4169
f 4666//4666 4665//4665 4654//4654
f 4655//4655 4666//4666 4654//4654
f 4169//4169 4183//4183 4184//4184
f 4169//4169 4184//4184 4170//4170
f 4667//4667 4666//4666 4655//4655
f 4656//4656 4667//4667 4655//4655
f 4170//4170 4184//4184 4185//4185
f 4170//4170 4185//4185 4171//4171
f 4668//4668 4667//4667 4656//4656
f 4657//4657 4668//4668 4656//4656
f 4171//4171 4185//4185 4186//4186
f 4171//4171 4186//4186 4172//4172
f 4186//4186 4668//4668 4657//4657
f 4658//4658 4186//4186 4657//4657
f 4172//4172 4186//4186 4187//4187
f 4172//4172 4187//4187 4173//4173
f 4187//4187 4186//4186 4658//4658
f 4173//4173 4187//4187 4658//4658
f 4175//4175 4188//4188 4189//4189
f 4175//4175 4189//4189 4176//4176
f 4189//4189 4188//4188 4175//4175
f 4659//4659 4189//4189 4175//4175
f 4176//4176 4189//4189 4190//4190
f 4176//4176 4190//4190 4177//4177
f 4669//4669 4189//4189 4659//4659
f 4660//4660 4669//4669 4659//4659
f 4177//4177 4190//4190 4191//4191
f 4177//4177 4191//4191 4178//4178
f 4670//4670 4669//4669 4660//4660
f 4661//4661 4670//4670 4660//4660
f 4178//4178 4191//4191 4192//4192
f 4178//4178 4192//4192 4179//4179
f 4671//4671 4670//4670 4661//4661
f 4662//4662 4671//4671 4661//4661
f 4179//4179 4192//4192 4193//4193
f 4179//4179 4193//4193 4180//4180
f 4672//4672 4671//4671 4662//4662
f 4663//4663 4672//4672 4662//4662
f 4180//4180 4193//4193 4194//4194
f 4180//4180 4194//4194 4181//4181
f 4673//4673 4672//4672 4663//4663
f 4664//4664 4673//4673 4663//4663
f 4181//4181 4194//4194 4195//4195
f 4181//4181 4195//4195 4182//4182
f 4674//4674 4673//4673 4664//4664
f 4665//4665 4674//4674 4664//4664
f 4182//4182 4195//4195 4196//4196
f 4182//4182 4196//4196 4183//4183
f 4675//4675 4674//4674 4665//4665
f 4666//4666 4675//4675 4665//4665
f 4183//4183 4196//4196 4197//4197
f 4183//4183 4197//4197 4184//4184
f 4676//4676 4675//4675 4666//4666
f 4667//4667 4676//4676 4666//4666
f 4184//4184 4197//4197 4198//4198
f 4184//4184 4198//4198 4185//4185
f 4198//4198 4676//4676 4667//4667
f 4668//4668 4198//4198 4667//4667
f 4185//4185 4198//4198 4199//4199
f 4185//4185 4199//4199 4186//4186
f 4199//4199 4198//4198 4668//4668
f 4186//4186 4199//4199 4668//4668
f 4189//4189 4200//4200 4201//4201
f 4189//4189 4201//4201 4190//4190
f 4201//4201 4200//4200 4189//4189
f 4669//4669 4201//4201 4189//4189
f 4190//4190 4201//4201 4202//4202
f 4190//4190 4202//4202 4191//4191
f 4677//4677 4201//4201 4669//4669
f 4670//4670 4677//4677 4669//4669
f 4191//4191 4202//4202 4203//4203
f 4191//4191 4203//4203 4192//4192
f 4678//4678 4677//4677 4670//4670
f 4671//4671 4678//4678 4670//4670
f 4192//4192 4203//4203 4204//4204
f 4192//4192 4204//4204 4193//4193
f 4679//4679 4678//4678 4671//4671
f 4672//4672 4679//4679 4671//4671
f 4193//4193 4204//4204 4205//4205
f 4193//4193 4205//4205 4194//4194
f 4680//4680 4679//4679 4672//4672
f 4673//4673 4680//4680 4672//4672
f 4194//4194 4205//4205 4206//4206
f 4194//4194 4206//4206 4195//4195
f 4681//4681 4680//4680 4673//4673
f 4674//4674 4681//4681 4673//4673
f 4195//4195 4206//4206 4207//4207
f 4195//4195 4207//4207 4196//4196
f 4682//4682 4681//4681 4674//4674
f 4675//4675 4682//4682 4674//4674
f 4196//4196 4207//4207 4208//4208
f 4196//4196 4208//4208 4197//4197
f 4208//4208 4682//4682 4675//4675
f 4676//4676 4208//4208 4675//4675
f 4197//4197 4208//4208 4209//4209
f 4197//4197 4209//4209 4198//4198
f 4209//4209 4208//4208 4676//4676
f 4198//4198 4209//4209 4676//4676
f 4201//4201 4210//4210 4211//4211
f 4201//4201 4211//4211 4202//4202
f 4211//4211 4210//4210 4201//4201
f 4677//4677 4211//4211 4201//4201
f 4202//4202 4211//4211 4212//4212
f 4202//4202 4212//4212 4203//4203
f 4683//4683 4211//4211 4677//4677
f 4678//4678 4683//4683 4677//4677
f 4203//4203 4212//4212 4213//4213
f 4203//4203 4213//4213 4204//4204
f 4684//4684 4683//4683 4678//4678
f 4679//4679 4684//4684 4678//4678
f 4204//4204 4213//4213 4214//4214
f 4204//4204 4214//4214 4205//4205
f 4685//4685 4684//4684 4679//4679
f 4680//4680 4685//4685 4679//4679
f 4205//4205 4214//4214 4215//4215
f 4205//4205 4215//4215 4206//4206
f 4686//4686 4685//4685 4680//4680
f 4681//4681 4686//4686 4680//4680
f 4206//4206 4215//4215 4216//4216
f 4206//4206 4216//4216 4207//4207
f 4216//4216 4686//4686 4681//4681
f 4682//4682 4216//4216 4681//4681
f 4207//4207 4216//4216 4217//4217
f 4207//4207 4217//4217 4208//4208
f 4217//4217 4216//4216 4682//4682
f 4208//4208 4217//4217 4682//4682
f 4211//4211 4218//4218 4219//4219
f 4211//4211 4219//4219 4212//4212
f 4219//4219 4218//4218 4211//4211
f 4683//4683 4219//4219 4211//4211
f 4212//4212 4219//4219 4220//4220
f 4212//4212 4220//4220 4213//4213
f 4687//4687 4219//4219 4683//4683
f 4684//4684 4687//4687 4683//4683
f 4213//4213 4220//4220 4221//4221
f 4213//4213 4221//4221 4214//4214
f 4688//4688 4687//4687 4684//4684
f 4685//4685 4688//4688 4684//4684
f 4214//4214 4221//4221 4222//4222
f 4214//4214 4222//4222 4215//4215
f 4222//4222 4688//4688 4685//4685
f 4686//4686 4222//4222 4685//4685
f 4215//4215 4222//4222 4223//4223
f 4215//4215 4223//4223 4216//4216
f 4223//4223 4222//4222 4686//4686
f 4216//4216 4223//4223 4686//4686
f 4219//4219 4224//4224 4225//4225
f 4219//4219 4225//4225 4220//4220
f 4225//4225 4224//4224 4219//4219
f 4687//4687 4225//4225 4219//4219
f 4220//4220 4225//4225 4226//4226
f 4220//4220 4226//4226 4221//4221
f 4226//4226 4225//4225 4687//4687
f 4688//4688 4226//4226 4687//4687
f 4221//4221 4226//4226 4227//4227
f 4221//4221 4227//4227 4222//4222
f 4227//4227 4226//4226 4688//4688
f 4222//4222 4227//4227 4688//4688
f 4689//4689 4694//4694 4695//4695
f 4689//4689 4695//4695 4690//4690
f 5363//5363 4694//4694 4689//4689
f 4690//4690 5363//5363 4689//4689
f 4690//4690 4695//4695 4696//4696
f 4690//4690 4696//4696 4691//4691
f 5364//5364 5363//5363 4690//4690
f 4691//4691 5364//5364 4690//4690
f 4691//4691 4696//4696 4697//4697
f 4691//4691 4697//4697 4692//4692
f 4697//4697 5364//5364 4691//4691
f 4692//4692 4697//4697 4691//4691
f 4693//4693 4700//4700 4701//4701
f 4693//4693 4701//4701 4694//4694
f 5365//5365 4700//4700 4693//4693
f 4694//4694 5365//5365 4693//4693
f 4694//4694 4701//4701 4702//4702
f 4694//4694 4702//4702 4695//4695
f 5366//5366 5365//5365 4694//4694
f 5363//5363 5366//5366 4694//4694
f 4695//4695 4702//4702 4703//4703
f 4695//4695 4703//4703 4696//4696
f 5367//5367 5366//5366 5363//5363
f 5364//5364 5367//5367 5363//5363
f 4696//4696 4703//4703 4704//4704
f 4696//4696 4704//4704 4697//4697
f 5368//5368 5367//5367 5364//5364
f 4697//4697 5368//5368 5364//5364
f 4697//4697 4704//4704 4705//4705
f 4697//4697 4705//4705 4698//4698
f 4705//4705 5368//5368 4697//4697
f 4698//4698 4705//4705 4697//4697
f 4699//4699 4708//4708 4709//4709
f 4699//4699 4709//4709 4700//4700
f 5369//5369 4708//4708 4699//4699
f 4700//4700 5369//5369 4699//4699
f 4700//4700 4709//4709 4710//4710
f 4700//4700 4710//4710 4701//4701
f 5370//5370 5369//5369 4700//4700
f 5365//5365 5370//5370 4700//4700
f 4701//4701 4710//4710 4711//4711
f 4701//4701 4711//4711 4702//4702
f 5371//5371 5370//5370 5365//5365
f 5366//5366 5371//5371 5365//5365
f 4702//4702 4711//4711 4712//4712
f 4702//4702 4712//4712 4703//4703
f 5372//5372 5371//5371 5366//5366
f 5367//5367 5372//5372 5366//5366
f 4703//4703 4712//4712 4713//4713
f 4703//4703 4713//4713 4704//4704
f 5373//5373 5372//5372 5367//5367
f 5368//5368 5373//5373 5367//5367
f 4704//4704 4713//4713 4714//4714
f 4704//4704 4714//4714 4705//4705
f 5374//5374 5373//5373 5368//5368
f 4705//4705 5374//5374 5368//5368
f 4705//4705 4714//4714 4715//4715
f 4705//4705 4715//4715 4706//4706
f 4715//4715 5374//5374 4705//4705
f 4706//4706 4715//4715 4705//4705
f 4707//4707 4718//4718 4719//4719
f 4707//4707 4719//4719 4708//4708
f 5375//5375 4718//4718 4707//4707
f 4708//4708 5375//5375 4707//4707
f 4708//4708 4719//4719 4720//4720
f 4708//4708 4720//4720 4709//4709
f 5376//5376 5375//5375 4708//4708
f 5369//5369 5376//5376 4708//4708
f 4709//4709 4720//4720 4721//4721
f 4709//4709 4721//4721 4710//4710
f 5377//5377 5376//5376 5369//5369
f 5370//5370 5377//5377 5369//5369
f 4710//4710 4721//4721 4722//4722
f 4710//4710 4722//4722 4711//4711
f 5378//5378 5377//5377 5370//5370
f 5371//5371 5378//5378 5370//5370
f 4711//4711 4722//4722 4723//4723
f 4711//4711 4723//4723 4712//4712
f 5379//5379 5378//5378 5371//5371
f 5372//5372 5379//5379 5371//5371
f 4712//4712 4723//4723 4724//4724
f 4712//4712 4724//4724 4713//4713
f 5380//5380 5379//5379 5372//5372
f 5373//5373 5380//5380 5372//5372
f 4713//4713 4724//4724 4725//4725
f 4713//4713 4725//4725 4714//4714
f 5381//5381 5380//5380 5373//5373
f 5374//5374 5381//5381 5373//5373
f 4714//4714 4725//4725 4726//4726
f 4714//4714 4726//4726 4715//4715
f 5382//5382 5381//5381 5374//5374
f 4715//4715 5382//5382 5374//5374
f 4715//4715 4726//4726 4727//4727
f 4715//4715 4727//4727 4716//4716
f 4727//4727 5382//5382 4715//4715
f 4716//4716 4727//4727 4715//4715
f 4717//4717 4730//4730 4731//4731
f 4717//4717 4731//4731 4718//4718
f 5383//5383 4730//4730 4717//4717
f 4718//4718 5383//5383 4717//4717
f 4718//4718 4731//4731 4732//4732
f 4718//4718 4732//4732 4719//4719
f 5384//5384 5383//5383 4718//4718
f 5375//5375 5384//5384 4718//4718
f 4719//4719 4732//4732 4733//4733
f 4719//4719 4733//4733 4720//4720
f 5385//5385 5384//5384 5375//5375
f 5376//5376 5385//5385 5375//5375
f 4720//4720 4733//4733 4734//4734
f 4720//4720 4734//4734 4721//4721
f 5386//5386 5385//5385 5376//5376
f 5377//5377 5386//5386 5376//5376
f 4721//4721 4734//4734 4735//4735
f 4721//4721 4735//4735 4722//4722
f 5387//5387 5386//5386 5377//5377
f 5378//5378 5387//5387 5377//5377
f 4722//4722 4735//4735 4736//4736
f 4722//4722 4736//4736 4723//4723
f 5388//5388 5387//5387 5378//5378
f 5379//5379 5388//5388 5378//5378
f 4723//4723 4736//4736 4737//4737
f 4723//4723 4737//4737 4724//4724
f 5389//5389 5388//5388 5379//5379
f 5380//5380 5389//5389 5379//5379
f 4724//4724 4737//4737 4738//4738
f 4724//4724 4738//4738 4725//4725
f 5390//5390 5389//5389 5380//5380
f 5381//5381 5390//5390 5380//5380
f 4725//4725 4738//4738 4739//4739
f 4725//4725 4739//4739 4726//4726
f 5391//5391 5390//5390 5381//5381
f 5382//5382 5391//5391 5381//5381
f 4726//4726 4739//4739 4740//4740
f 4726//4726 4740//4740 4727//4727
f 5392//5392 5391//5391 5382//5382
f 4727//4727 5392//5392 5382//5382
f 4727//4727 4740//4740 4741//4741
f 4727//4727 4741//4741 4728//4728
f 4741//4741 5392//5392 4727//4727
f 4728//4728 4741//4741 4727//4727
f 4729//4729 4743//4743 4744//4744
f 4729//4729 4744//4744 4730//4730
f 5393//5393 4743//4743 4729//4729
f 4730//4730 5393//5393 4729//4729
f 4730//4730 4744//4744 4745//4745
f 4730//4730 4745//4745 4731//4731
f 5394//5394 5393//5393 4730//4730
f 5383//5383 5394//5394 4730//4730
f 4731//4731 4745//4745 4746//4746
f 4731//4731 4746//4746 4732//4732
f 5395//5395 5394//5394 5383//5383
f 5384//5384 5395//5395 5383//5383
f 4732//4732 4746//4746 4747//4747
f 4732//4732 4747//4747 4733//4733
f 5396//5396 5395//5395 5384//5384
f 5385//5385 5396//5396 5384//5384
f 4733//4733 4747//4747 4748//4748
f 4733//4733 4748//4748 4734//4734
f 5397//5397 5396//5396 5385//5385
f 5386//5386 5397//5397 5385//5385
f 4734//4734 4748//4748 4749//4749
f 4734//4734 4749//4749 4735//4735
f 5398//5398 5397//5397 5386//5386
f 5387//5387 5398//5398 5386//5386
f 4735//4735 4749//4749 4750//4750
f 4735//4735 4750//4750 4736//4736
f 5399//5399 5398//5398 5387//5387
f 5388//5388 5399//5399 5387//5387
f 4736//4736 4750//4750 4751//4751
f 4736//4736 4751//4751 4737//4737
f 5400//5400 5399//5399 5388//5388
f 5389//5389 5400//5400 5388//5388
f 4737//4737 4751//4751 4752//4752
f 4737//4737 4752//4752 4738//4738
f 5401//5401 5400//5400 5389//5389
f 5390//5390 5401//5401 5389//5389
f 4738//4738 4752//4752 4753//4753
f 4738//4738 4753//4753 4739//4739
f 5402//5402 5401//5401 5390//5390
f 5391//5391 5402//5402 5390//5390
f 4739//4739 4753//4753 4754//4754
f 4739//4739 4754//4754 4740//4740
f 5403//5403 5402//5402 5391//5391
f 5392//5392 5403//5403 5391//5391
f 4740//4740 4754//4754 4755//4755
f 4740//4740 4755//4755 4741//4741
f 5404//5404 5403//5403 5392//5392
f 4741//4741 5404//5404 5392//5392
f 4741//4741 4755//4755 4756//4756
f 4741//4741 4756//4756 4742//4742
f 4756//4756 5404//5404 4741//4741
f 4742//4742 4756//4756 4741//4741
f 4743//4743 4757//4757 4758//4758
f 4743//4743 4758//4758 4744//4744
f 5405//5405 4757//4757 4743//4743
f 5393//5393 5405//5405 4743//4743
f 4744//4744 4758//4758 4759//4759
f 4744//4744 4759//4759 4745//4745
f 5406//5406 5405//5405 5393//5393
f 5394//5394 5406//5406 5393//5393
f 4745//4745 4759//4759 4760//4760
f 4745//4745 4760//4760 4746//4746
f 5407//5407 5406//5406 5394//5394
f 5395//5395 5407//5407 5394//5394
f 4746//4746 4760//4760 4761//4761
f 4746//4746 4761//4761 4747//4747
f 5408//5408 5407//5407 5395//5395
f 5396//5396 5408//5408 5395//5395
f 4747//4747 4761//4761 4762//4762
f 4747//4747 4762//4762 4748//4748
f 5409//5409 5408//5408 5396//5396
f 5397//5397 5409//5409 5396//5396
f 4748//4748 4762//4762 4763//4763
f 4748//4748 4763//4763 4749//4749
f 5410//5410 5409//5409 5397//5397
f 5398//5398 5410//5410 5397//5397
f 4749//4749 4763//4763 4764//4764
f 4749//4749 4764//4764 4750//4750
f 5411//5411 5410//5410 5398//5398
f 5399//5399 5411//5411 5398//5398
f 4750//4750 4764//4764 4765//4765
f 4750//4750 4765//4765 4751//4751
f 5412//5412 5411//5411 5399//5399
f 5400//5400 5412//5412 5399//5399
f 4751//4751 4765//4765 4766//4766
f 4751//4751 4766//4766 4752//4752
f 5413//5413 5412//5412 5400//5400
f 5401//5401 5413//5413 5400//5400
f 4752//4752 4766//4766 4767//4767
f 4752//4752 4767//4767 4753//4753
f 5414//5414 5413//5413 5401//5401
f 5402//5402 5414//5414 5401//5401
f 4753//4753 4767//4767 4768//4768
f 4753//4753 4768//4768 4754//4754
f 5415//5415 5414//5414 5402//5402
f 5403//5403 5415//5415 5402//5402
f 4754//4754 4768//4768 4769//4769
f 4754//4754 4769//4769 4755//4755
f 4769//4769 5415//5415 5403//5403
f 5404//5404 4769//4769 5403//5403
f 4755//4755 4769//4769 4770//4770
f 4755//4755 4770//4770 4756//4756
f 4770//4770 4769//4769 5404//5404
f 4756//4756 4770//4770 5404//5404
f 4757//4757 4771//4771 4772//4772
f 4757//4757 4772//4772 4758//4758
f 4772//4772 4771//4771 4757//4757
f 5405//5405 4772//4772 4757//4757
f 4758//4758 4772//4772 4773//4773
f 4758//4758 4773//4773 4759//4759
f 5416//5416 4772//4772 5405//5405
f 5406//5406 5416//5416 5405//5405
f 4759//4759 4773//4773 4774//4774
f 4759//4759 4774//4774 4760//4760
f 5417//5417 5416//5416 5406//5406
f 5407//5407 5417//5417 5406//5406
f 4760//4760 4774//4774 4775//4775
f 4760//4760 4775//4775 4761//4761
f 5418//5418 5417//5417 5407//5407
f 5408//5408 5418//5418 5407//5407
f 4761//4761 4775//4775 4776//4776
f 4761//4761 4776//4776 4762//4762
f 5419//5419 5418//5418 5408//5408
f 5409//5409 5419//5419 5408//5408
f 4762//4762 4776//4776 4777//4777
f 4762//4762 4777//4777 4763//4763
f 5420//5420 5419//5419 5409//5409
f 5410//5410 5420//5420 5409//5409
f 4763//4763 4777//4777 4778//4778
f 4763//4763 4778//4778 4764//4764
f 5421//5421 5420//5420 5410//5410
f 5411//5411 5421//5421 5410//5410
f 4764//4764 4778//4778 4779//4779
f 4764//4764 4779//4779 4765//4765
f 5422//5422 5421//5421 5411//5411
f 5412//5412 5422//5422 5411//5411
f 4765//4765 4779//4779 4780//4780
f 4765//4765 4780//4780 4766//4766
f 5423//5423 5422//5422 5412//5412
f 5413//5413 5423//5423 5412//5412
f 4766//4766 4780//4780 4781//4781
f 4766//4766 4781//4781 4767//4767
f 5424//5424 5423//5423 5413//5413
f 5414//5414 5424//5424 5413//5413
f 4767//4767 4781//4781 4782//4782
f 4767//4767 4782//4782 4768//4768
f 5425//5425 5424//5424 5414//5414
f 5415//5415 5425//5425 5414//5414
f 4768//4768 4782//4782 4783//4783
f 4768//4768 4783//4783 4769//4769
f 4783//4783 5425//5425 5415//5415
f 4769//4769 4783//4783 5415//5415
f 4772//4772 4784//4784 4785//4785
f 4772//4772 4785//4785 4773//4773
f 4785//4785 4784//4784 4772//4772
f 5416//5416 4785//4785 4772//4772
f 4773//4773 4785//4785 4786//4786
f 4773//4773 4786//4786 4774//4774
f 5426//5426 4785//4785 5416//5416
f 5417//5417 5426//5426 5416//5416
f 4774//4774 4786//4786 4787//4787
f 4774//4774 4787//4787 4775//4775
f 5427//5427 5426//5426 5417//5417
f 5418//5418 5427//5427 5417//5417
f 4775//4775 4787//4787 4788//4788
f 4775//4775 4788//4788 4776//4776
f 5428//5428 5427//5427 5418//5418
f 5419//5419 5428//5428 5418//5418
f 4776//4776 4788//4788 4789//4789
f 4776//4776 4789//4789 4777//4777
f 5429//5429 5428//5428 5419//5419
f 5420//5420 5429//5429 5419//5419
f 4777//4777 4789//4789 4790//4790
f 4777//4777 4790//4790 4778//4778
f 5430//5430 5429//5429 5420//5420
f 5421//5421 5430//5430 5420//5420
f 4778//4778 4790//4790 4791//4791
f 4778//4778 4791//4791 4779//4779
f 5431//5431 5430//5430 5421//5421
f 5422//5422 5431//5431 5421//5421
f 4779//4779 4791//4791 4792//4792
f 4779//4779 4792//4792 4780//4780
f 5432//5432 5431//5431 5422//5422
f 5423//5423 5432//5432 5422//5422
f 4780//4780 4792//4792 4793//4793
f 4780//4780 4793//4793 4781//4781
f 5433//5433 5432//5432 5423//5423
f 5424//5424 5433//5433 5423//5423
f 4781//4781 4793//4793 4794//4794
f 4781//4781 4794//4794 4782//4782
f 4794//4794 5433//5433 5424//5424
f 5425//5425 4794//4794 5424//5424
f 4782//4782 4794//4794 4795//4795
f 4782//4782 4795//4795 4783//4783
f 4795//4795 4794//4794 5425//5425
f 4783//4783 4795//4795 5425//5425
f 4785//4785 4796//4796 4797//4797
f 4785//4785 4797//4797 4786//4786
f 4797//4797 4796//4796 4785//4785
f 5426//5426 4797//4797 4785//4785
f 4786//4786 4797//4797 4798//4798
f 4786//4786 4798//4798 4787//4787
f 5434//5434 4797//4797 5426//5426
f 5427//5427 5434//5434 5426//5426
f 4787//4787 4798//4798 4799//4799
f 4787//4787 4799//4799 4788//4788
f 5435//5435 5434//5434 5427//5427
f 5428//5428 5435//5435 5427//5427
f 4788//4788 4799//4799 4800//4800
f 4788//4788 4800//4800 4789//4789
f 5436//5436 5435//5435 5428//5428
f 5429//5429 5436//5436 5428//5428
f 4789//4789 4800//4800 4801//4801
f 4789//4789 4801//4801 4790//4790
f 5437//5437 5436//5436 5429//5429
f 5430//5430 5437//5437 5429//5429
f 4790//4790 4801//4801 4802//4802
f 4790//4790 4802//4802 4791//4791
f 5438//5438 5437//5437 5430//5430
f 5431//5431 5438//5438 5430//5430
f 4791//4791 4802//4802 4803//4803
f 4791//4791 4803//4803 4792//4792
f 5439//5439 5438//5438 5431//5431
f 5432//5432 5439//5439 5431//5431
f 4792//4792 4803//4803 4804//4804
f 4792//4792 4804//4804 4793//4793
f 4804//4804 5439//5439 5432//5432
f 5433//5433 4804//4804 5432//5432
f 4793//4793 4804//4804 4805//4805
f 4793//4793 4805//4805 4794//4794
f 4805//4805 4804//4804 5433//5433
f 4794//4794 4805//4805 5433//5433
f 4797//4797 4806//4806 4807//4807
f 4797//4797 4807//4807 4798//4798
f 5440//5440 4806//4806 4797//4797
f 5434//5434 5440//5440 4797//4797
f 4798//4798 4807//4807 4808//4808
f 4798//4798 4808//4808 4799//4799
f 5441//5441 5440//5440 5434//5434
f 5435//5435 5441//5441 5434//5434
f 4799//4799 4808//4808 4809//4809
f 4799//4799 4809//4809 4800//4800
f 5442//5442 5441//5441 5435//5435
f 5436//5436 5442//5442 5435//5435
f 4800//4800 4809//4809 4810//4810
f 4800//4800 4810//4810 4801//4801
f 5443//5443 5442//5442 5436//5436
f 5437//5437 5443//5443 5436//5436
f 4801//4801 4810//4810 4811//4811
f 4801//4801 4811//4811 4802//4802
f 5444//5444 5443//5443 5437//5437
f 5438//5438 5444//5444 5437//5437
f 4802//4802 4811//4811 4812//4812
f 4802//4802 4812//4812 4803//4803
f 5445//5445 5444//5444 5438//5438
f 5439//5439 5445//5445 5438//5438
f 4803//4803 4812//4812 4813//4813
f 4803//4803 4813//4813 4804//4804
f 4813//4813 5445//5445 5439//5439
f 4804//4804 4813//4813 5439//5439
f 4806//4806 4814//4814 4815//4815
f 4806//4806 4815//4815 4807//4807
f 4815//4815 4814//4814 4806//4806
f 5440//5440 4815//4815 4806//4806
f 4807//4807 4815//4815 4816//4816
f 4807//4807 4816//4816 4808//4808
f 5446//5446 4815//4815 5440//5440
f 5441//5441 5446//5446 5440//5440
f 4808//4808 4816//4816 4817//4817
f 4808//4808 4817//4817 4809//4809
f 5447//5447 5446//5446 5441//5441
f 5442//5442 5447//5447 5441//5441
f 4809//4809 4817//4817 4818//4818
f 4809//4809 4818//4818 4810//4810
f 5448//5448 5447//5447 5442//5442
f 5443//5443 5448//5448 5442//5442
f 4810//4810 4818//4818 4819//4819
f 4810//4810 4819//4819 4811//4811
f 5449//5449 5448//5448 5443//5443
f 5444//5444 5449//5449 5443//5443
f 4811//4811 4819//4819 4820//4820
f 4811//4811 4820//4820 4812//4812
f 4820//4820 5449//5449 5444//5444
f 5445//5445 4820//4820 5444//5444
f 4812//4812 4820//4820 4821//4821
f 4812//4812 4821//4821 4813//4813
f 4821//4821 4820//4820 5445//5445
f 4813//4813 4821//4821 5445//5445
f 4814//4814 4822//4822 4823//4823
f 4814//4814 4823//4823 4815//4815
f 5450//5450 4822//4822 4814//4814
f 4815//4815 5450//5450 4814//4814
f 4815//4815 4823//4823 4824//4824
f 4815//4815 4824//4824 4816//4816
f 5451//5451 5450//5450 4815//4815
f 5446//5446 5451//5451 4815//4815
f 4816//4816 4824//4824 4825//4825
f 4816//4816 4825//4825 4817//4817
f 5452//5452 5451//5451 5446//5446
f 5447//5447 5452//5452 5446//5446
f 4817//4817 4825//4825 4826//4826
f 4817//4817 4826//4826 4818//4818
f 5453//5453 5452//5452 5447//5447
f 5448//5448 5453//5453 5447//5447
f 4818//4818 4826//4826 4827//4827
f 4818//4818 4827//4827 4819//4819
f 5454//5454 5453//5453 5448//5448
f 5449//5449 5454//5454 5448//5448
f 4819//4819 4827//4827 4828//4828
f 4819//4819 4828//4828 4820//4820
f 4828//4828 5454//5454 5449//5449
f 4820//4820 4828//4828 5449//5449
f 4822//4822 4830//4830 4831//4831
f 4822//4822 4831//4831 4823//4823
f 5455//5455 4830//4830 4822//4822
f 5450//5450 5455//5455 4822//4822
f 4823//4823 4831//4831 4832//4832
f 4823//4823 4832//4832 4824//4824
f 5456//5456 5455//5455 5450//5450
f 5451//5451 5456//5456 5450//5450
f 4824//4824 4832//4832 4833//4833
f 4824//4824 4833//4833 4825//4825
f 5457//5457 5456//5456 5451//5451
f 5452//5452 5457//5457 5451//5451
f 4825//4825 4833//4833 4834//4834
f 4825//4825 4834//4834 4826//4826
f 5458//5458 5457//5457 5452//5452
f 5453//5453 5458//5458 5452//5452
f 4826//4826 4834//4834 4835//4835
f 4826//4826 4835//4835 4827//4827
f 5459//5459 5458//5458 5453//5453
f 5454//5454 5459//5459 5453//5453
f 4827//4827 4835//4835 4836//4836
f 4827//4827 4836//4836 4828//4828
f 4836//4836 5459//5459 5454//5454
f 4828//4828 4836//4836 5454//5454
f 4829//4829 4838//4838 4839//4839
f 4829//4829 4839//4839 4830//4830
f 5460//5460 4838//4838 4829//4829
f 4830//4830 5460//5460 4829//4829
f 4830//4830 4839//4839 4840//4840
f 4830//4830 4840//4840 4831//4831
f 5461//5461 5460//5460 4830//4830
f 5455//5455 5461//5461 4830//4830
f 4831//4831 4840//4840 4841//4841
f 4831//4831 4841//4841 4832//4832
f 5462//5462 5461//5461 5455//5455
f 5456//5456 5462//5462 5455//5455
f 4832//4832 4841//4841 4842//4842
f 4832//4832 4842//4842 4833//4833
f 5463//5463 5462//5462 5456//5456
f 5457//5457 5463//5463 5456//5456
f 4833//4833 4842//4842 4843//4843
f 4833//4833 4843//4843 4834//4834
f 5464//5464 5463//5463 5457//5457
f 5458//5458 5464//5464 5457//5457
f 4834//4834 4843//4843 4844//4844
f 4834//4834 4844//4844 4835//4835
f 5465//5465 5464//5464 5458//5458
f 5459//5459 5465//5465 5458//5458
f 4835//4835 4844//4844 4845//4845
f 4835//4835 4845//4845 4836//4836
f 5466//5466 5465//5465 5459//5459
f 4836//4836 5466//5466 5459//5459
f 4836//4836 4845//4845 4846//4846
f 4836//4836 4846//4846 4837//4837
f 4846//4846 5466//5466 4836//4836
f 4837//4837 4846//4846 4836//4836
f 4838//4838 4848//4848 4849//4849
f 4838//4838 4849//4849 4839//4839
f 5467//5467 4848//4848 4838//4838
f 5460//5460 5467//5467 4838//4838
f 4839//4839 4849//4849 4850//4850
f 4839//4839 4850//4850 4840//4840
f 5468//5468 5467//5467 5460//5460
f 5461//5461 5468//5468 5460//5460
f 4840//4840 4850//4850 4851//4851
f 4840//4840 4851//4851 4841//4841
f 5469//5469 5468//5468 5461//5461
f 5462//5462 5469//5469 5461//5461
f 4841//4841 4851//4851 4852//4852
f 4841//4841 4852//4852 4842//4842
f 5470//5470 5469//5469 5462//5462
f 5463//5463 5470//5470 5462//5462
f 4842//4842 4852//4852 4853//4853
f 4842//4842 4853//4853 4843//4843
f 5471//5471 5470//5470 5463//5463
f 5464//5464 5471//5471 5463//5463
f 4843//4843 4853//4853 4854//4854
f 4843//4843 4854//4854 4844//4844
f 5472//5472 5471//5471 5464//5464
f 5465//5465 5472//5472 5464//5464
f 4844//4844 4854//4854 4855//4855
f 4844//4844 4855//4855 4845//4845
f 5473//5473 5472//5472 5465//5465
f 5466//5466 5473//5473 5465//5465
f 4845//4845 4855//4855 4856//4856
f 4845//4845 4856//4856 4846//4846
f 4856//4856 5473//5473 5466//5466
f 4846//4846 4856//4856 5466//5466
f 4847//4847 4859//4859 4860//4860
f 4847//4847 4860//4860 4848//4848
f 5474//5474 4859//4859 4847//4847
f 4848//4848 5474//5474 4847//4847
f 4848//4848 4860//4860 4861//4861
f 4848//4848 4861//4861 4849//4849
f 5475//5475 5474//5474 4848//4848
f 5467//5467 5475//5475 4848//4848
f 4849//4849 4861//4861 4862//4862
f 4849//4849 4862//4862 4850//4850
f 5476//5476 5475//5475 5467//5467
f 5468//5468 5476//5476 5467//5467
f 4850//4850 4862//4862 4863//4863
f 4850//4850 4863//4863 4851//4851
f 5477//5477 5476//5476 5468//5468
f 5469//5469 5477//5477 5468//5468
f 4851//4851 4863//4863 4864//4864
f 4851//4851 4864//4864 4852//4852
f 5478//5478 5477//5477 5469//5469
f 5470//5470 5478//5478 5469//5469
f 4852//4852 4864//4864 4865//4865
f 4852//4852 4865//4865 4853//4853
f 5479//5479 5478//5478 5470//5470
f 5471//5471 5479//5479 5470//5470
f 4853//4853 4865//4865 4866//4866
f 4853//4853 4866//4866 4854//4854
f 5480//5480 5479//5479 5471//5471
f 5472//5472 5480//5480 5471//5471
f 4854//4854 4866//4866 4867//4867
f 4854//4854 4867//4867 4855//4855
f 5481//5481 5480//5480 5472//5472
f 5473//5473 5481//5481 5472//5472
f 4855//4855 4867//4867 4868//4868
f 4855//4855 4868//4868 4856//4856
f 5482//5482 5481//5481 5473//5473
f 4856//4856 5482//5482 5473//5473
f 4856//4856 4868//4868 4869//4869
f 4856//4856 4869//4869 4857//4857
f 4869//4869 5482//5482 4856//4856
f 4857//4857 4869//4869 4856//4856
f 4858//4858 4871//4871 4872//4872
f 4858//4858 4872//4872 4859//4859
f 5483//5483 4871//4871 4858//4858
f 4859//4859 5483//5483 4858//4858
f 4859//4859 4872//4872 4873//4873
f 4859//4859 4873//4873 4860//4860
f 5484//5484 5483//5483 4859//4859
f 5474//5474 5484//5484 4859//4859
f 4860//4860 4873//4873 4874//4874
f 4860//4860 4874//4874 4861//4861
f 5485//5485 5484//5484 5474//5474
f 5475//5475 5485//5485 5474//5474
f 4861//4861 4874//4874 4875//4875
f 4861//4861 4875//4875 4862//4862
f 5486//5486 5485//5485 5475//5475
f 5476//5476 5486//5486 5475//5475
f 4862//4862 4875//4875 4876//4876
f 4862//4862 4876//4876 4863//4863
f 5487//5487 5486//5486 5476//5476
f 5477//5477 5487//5487 5476//5476
f 4863//4863 4876//4876 4877//4877
f 4863//4863 4877//4877 4864//4864
f 5488//5488 5487//5487 5477//5477
f 5478//5478 5488//5488 5477//5477
f 4864//4864 4877//4877 4878//4878
f 4864//4864 4878//4878 4865//4865
f 5489//5489 5488//5488 5478//5478
f 5479//5479 5489//5489 5478//5478
f 4865//4865 4878//4878 4879//4879
f 4865//4865 4879//4879 4866//4866
f 5490//5490 5489//5489 5479//5479
f 5480//5480 5490//5490 5479//5479
f 4866//4866 4879//4879 4880//4880
f 4866//4866 4880//4880 4867//4867
f 5491//5491 5490//5490 5480//5480
f 5481//5481 5491//5491 5480//5480
f 4867//4867 4880//4880 4881//4881
f 4867//4867 4881//4881 4868//4868
f 5492//5492 5491//5491 5481//5481
f 5482//5482 5492//5492 5481//5481
f 4868//4868 4881//4881 4882//4882
f 4868//4868 4882//4882 4869//4869
f 5493//5493 5492//5492 5482//5482
f 4869//4869 5493//5493 5482//5482
f 4869//4869 4882//4882 4883//4883
f 4869//4869 4883//4883 4870//4870
f 4883//4883 5493//5493 4869//4869
f 4870//4870 4883//4883 4869//4869
f 4871//4871 4884//4884 4885//4885
f 4871//4871 4885//4885 4872//4872
f 5494//5494 4884//4884 4871//4871
f 5483//5483 5494//5494 4871//4871
f 4872//4872 4885//4885 4886//4886
f 4872//4872 4886//4886 4873//4873
f 5495//5495 5494//5494 5483//5483
f 5484//5484 5495//5495 5483//5483
f 4873//4873 4886//4886 4887//4887
f 4873//4873 4887//4887 4874//4874
f 5496//5496 5495//5495 5484//5484
f 5485//5485 5496//5496 5484//5484
f 4874//4874 4887//4887 4888//4888
f 4874//4874 4888//4888 4875//4875
f 5497//5497 5496//5496 5485//5485
f 5486//5486 5497//5497 5485//5485
f 4875//4875 4888//4888 4889//4889
f 4875//4875 4889//4889 4876//4876
f 5498//5498 5497//5497 5486//5486
f 5487//5487 5498//5498 5486//5486
f 4876//4876 4889//4889 4890//4890
f 4876//4876 4890//4890 4877//4877
f 5499//5499 5498//5498 5487//5487
f 5488//5488 5499//5499 5487//5487
f 4877//4877 4890//4890 4891//4891
f 4877//4877 4891//4891 4878//4878
f 5500//5500 5499//5499 5488//5488
f 5489//5489 5500//5500 5488//5488
f 4878//4878 4891//4891 4892//4892
f 4878//4878 4892//4892 4879//4879
f 5501//5501 5500//5500 5489//5489
f 5490//5490 5501//5501 5489//5489
f 4879//4879 4892//4892 4893//4893
f 4879//4879 4893//4893 4880//4880
f 5502//5502 5501//5501 5490//5490
f 5491//5491 5502//5502 5490//5490
f 4880//4880 4893//4893 4894//4894
f 4880//4880 4894//4894 4881//4881
f 5503//5503 5502//5502 5491//5491
f 5492//5492 5503//5503 5491//5491
f 4881//4881 4894//4894 4895//4895
f 4881//4881 4895//4895 4882//4882
f 5504//5504 5503//5503 5492//5492
f 5493//5493 5504//5504 5492//5492
f 4882//4882 4895//4895 4896//4896
f 4882//4882 4896//4896 4883//4883
f 4896//4896 5504//5504 5493//5493
f 4883//4883 4896//4896 5493//5493
f 4884//4884 4897//4897 4898//4898
f 4884//4884 4898//4898 4885//4885
f 5505//5505 4897//4897 4884//4884
f 5494//5494 5505//5505 4884//4884
f 4885//4885 4898//4898 4899//4899
f 4885//4885 4899//4899 4886//4886
f 5506//5506 5505//5505 5494//5494
f 5495//5495 5506//5506 5494//5494
f 4886//4886 4899//4899 4900//4900
f 4886//4886 4900//4900 4887//4887
f 5507//5507 5506//5506 5495//5495
f 5496//5496 5507//5507 5495//5495
f 4887//4887 4900//4900 4901//4901
f 4887//4887 4901//4901 4888//4888
f 5508//5508 5507//5507 5496//5496
f 5497//5497 5508//5508 5496//5496
f 4888//4888 4901//4901 4902//4902
f 4888//4888 4902//4902 4889//4889
f 5509//5509 5508//5508 5497//5497
f 5498//5498 5509//5509 5497//5497
f 4889//4889 4902//4902 4903//4903
f 4889//4889 4903//4903 4890//4890
f 5510//5510 5509//5509 5498//5498
f 5499//5499 5510//5510 5498//5498
f 4890//4890 4903//4903 4904//4904
f 4890//4890 4904//4904 4891//4891
f 5511//5511 5510//5510 5499//5499
f 5500//5500 5511//5511 5499//5499
f 4891//4891 4904//4904 4905//4905
f 4891//4891 4905//4905 4892//4892
f 5512//5512 5511//5511 5500//5500
f 5501//5501 5512//5512 5500//5500
f 4892//4892 4905//4905 4906//4906
f 4892//4892 4906//4906 4893//4893
f 5513//5513 5512//5512 5501//5501
f 5502//5502 5513//5513 5501//5501
f 4893//4893 4906//4906 4907//4907
f 4893//4893 4907//4907 4894//4894
f 5514//5514 5513//5513 5502//5502
f 5503//5503 5514//5514 5502//5502
f 4894//4894 4907//4907 4908//4908
f 4894//4894 4908//4908 4895//4895
f 5515//5515 5514//5514 5503//5503
f 5504//5504 5515//5515 5503//5503
f 4895//4895 4908//4908 4909//4909
f 4895//4895 4909//4909 4896//4896
f 4909//4909 5515//5515 5504//5504
f 4896//4896 4909//4909 5504//5504
f 4897//4897 4910//4910 4911//4911
f 4897//4897 4911//4911 4898//4898
f 4911//4911 4910//4910 4897//4897
f 5505//5505 4911//4911 4897//4897
f 4898//4898 4911//4911 4912//4912
f 4898//4898 4912//4912 4899//4899
f 5516//5516 4911//4911 5505//5505
f 5506//5506 5516//5516 5505//5505
f 4899//4899 4912//4912 4913//4913
f 4899//4899 4913//4913 4900//4900
f 5517//5517 5516//5516 5506//5506
f 5507//5507 5517//5517 5506//5506
f 4900//4900 4913//4913 4914//4914
f 4900//4900 4914//4914 4901//4901
f 5518//5518 5517//5517 5507//5507
f 5508//5508 5518//5518 5507//5507
f 4901//4901 4914//4914 4915//4915
f 4901//4901 4915//4915 4902//4902
f 5519//5519 5518//5518 5508//5508
f 5509//5509 5519//5519 5508//5508
f 4902//4902 4915//4915 4916//4916
f 4902//4902 4916//4916 4903//4903
f 5520//5520 5519//5519 5509//5509
f 5510//5510 5520//5520 5509//5509
f 4903//4903 4916//4916 4917//4917
f 4903//4903 4917//4917 4904//4904
f 5521//5521 5520//5520 5510//5510
f 5511//5511 5521//5521 5510//5510
f 4904//4904 4917//4917 4918//4918
f 4904//4904 4918//4918 4905//4905
f 5522//5522 5521//5521 5511//5511
f 5512//5512 5522//5522 5511//5511
f 4905//4905 4918//4918 4919//4919
f 4905//4905 4919//4919 4906//4906
f 5523//5523 5522//5522 5512//5512
f 5513//5513 5523//5523 5512//5512
f 4906//4906 4919//4919 4920//4920
f 4906//4906 4920//4920 4907//4907
f 5524//5524 5523//5523 5513//5513
f 5514//5514 5524//5524 5513//5513
f 4907//4907 4920//4920 4921//4921
f 4907//4907 4921//4921 4908//4908
f 4921//4921 5524//5524 5514//5514
f 5515//5515 4921//4921 5514//5514
f 4908//4908 4921//4921 4922//4922
f 4908//4908 4922//4922 4909//4909
f 4922//4922 4921//4921 5515//5515
f 4909//4909 4922//4922 5515//5515
f 4911//4911 4923//4923 4924//4924
f 4911//4911 4924//4924 4912//4912
f 4924//4924 4923//4923 4911//4911
f 5516//5516 4924//4924 4911//4911
f 4912//4912 4924//4924 4925//4925
f 4912//4912 4925//4925 4913//4913
f 5525//5525 4924//4924 5516//5516
f 5517//5517 5525//5525 5516//5516
f 4913//4913 4925//4925 4926//4926
f 4913//4913 4926//4926 4914//4914
f 5526//5526 5525//5525 5517//5517
f 5518//5518 5526//5526 5517//5517
f 4914//4914 4926//4926 4927//4927
f 4914//4914 4927//4927 4915//4915
f 5527//5527 5526//5526 5518//5518
f 5519//5519 5527//5527 5518//5518
f 4915//4915 4927//4927 4928//4928
f 4915//4915 4928//4928 4916//4916
f 5528//5528 5527//5527 5519//5519
f 5520//5520 5528//5528 5519//5519
f 4916//4916 4928//4928 4929//4929
f 4916//4916 4929//4929 4917//4917
f 5529//5529 5528//5528 5520//5520
f 5521//5521 5529//5529 5520//5520
f 4917//4917 4929//4929 4930//4930
f 4917//4917 4930//4930 4918//4918
f 5530//5530 5529//5529 5521//5521
f 5522//5522 5530//5530 5521//5521
f 4918//4918 4930//4930 4931//4931
f 4918//4918 4931//4931 4919//4919
f 5531//5531 5530//5530 5522//5522
f 5523//5523 5531//5531 5522//5522
f 4919//4919 4931//4931 4932//4932
f 4919//4919 4932//4932 4920//4920
f 4932//4932 5531//5531 5523//5523
f 5524//5524 4932//4932 5523//5523
f 4920//4920 4932//4932 4933//4933
f 4920//4920 4933//4933 4921//4921
f 4933//4933 4932//4932 5524//5524
f 4921//4921 4933//4933 5524//5524
f 4924//4924 4934//4934 4935//4935
f 4924//4924 4935//4935 4925//4925
f 4935//4935 4934//4934 4924//4924
f 5525//5525 4935//4935 4924//4924
f 4925//4925 4935//4935 4936//4936
f 4925//4925 4936//4936 4926//4926
f 5532//5532 4935//4935 5525//5525
f 5526//5526 5532//5532 5525//5525
f 4926//4926 4936//4936 4937//4937
f 4926//4926 4937//4937 4927//4927
f 5533//5533 5532//5532 5526//5526
f 5527//5527 5533//5533 5526//5526
f 4927//4927 4937//4937 4938//4938
f 4927//4927 4938//4938 4928//4928
f 5534//5534 5533//5533 5527//5527
f 5528//5528 5534//5534 5527//5527
f 4928//4928 4938//4938 4939//4939
f 4928//4928 4939//4939 4929//4929
f 5535//5535 5534//5534 5528//5528
f 5529//5529 5535//5535 5528//5528
f 4929//4929 4939//4939 4940//4940
f 4929//4929 4940//4940 4930//4930
f 5536//5536 5535//5535 5529//5529
f 5530//5530 5536//5536 5529//5529
f 4930//4930 4940//4940 4941//4941
f 4930//4930 4941//4941 4931//4931
f 5537//5537 5536//5536 5530//5530
f 5531//5531 5537//5537 5530//5530
f 4931//4931 4941//4941 4942//4942
f 4931//4931 4942//4942 4932//4932
f 4942//4942 5537//5537 5531//5531
f 4932//4932 4942//4942 5531//5531
f 4935//4935 4943//4943 4944//4944
f 4935//4935 4944//4944 4936//4936
f 5538//5538 4943//4943 4935//4935
f 5532//5532 5538//5538 4935//4935
f 4936//4936 4944//4944 4945//4945
f 4936//4936 4945//4945 4937//4937
f 5539//5539 5538//5538 5532//5532
f 5533//5533 5539//5539 5532//5532
f 4937//4937 4945//4945 4946//4946
f 4937//4937 4946//4946 4938//4938
f 5540//5540 5539//5539 5533//5533
f 5534//5534 5540//5540 5533//5533
f 4938//4938 4946//4946 4947//4947
f 4938//4938 4947//4947 4939//4939
f 5541//5541 5540//5540 5534//5534
f 5535//5535 5541//5541 5534//5534
f 4939//4939 4947//4947 4948//4948
f 4939//4939 4948//4948 4940//4940
f 5542//5542 5541//5541 5535//5535
f 5536//5536 5542//5542 5535//5535
f 4940//4940 4948//4948 4949//4949
f 4940//4940 4949//4949 4941//4941
f 4949//4949 5542//5542 5536//5536
f 5537//5537 4949//4949 5536//5536
f 4941//4941 4949//4949 4950//4950
f 4941//4941 4950//4950 4942//4942
f 4950//4950 4949//4949 5537//5537
f 4942//4942 4950//4950 5537//5537
f 4943//4943 4951//4951 4952//4952
f 4943//4943 4952//4952 4944//4944
f 4952//4952 4951//4951 4943//4943
f 5538//5538 4952//4952 4943//4943
f 4944//4944 4952//4952 4953//4953
f 4944//4944 4953//4953 4945//4945
f 5543//5543 4952//4952 5538//5538
f 5539//5539 5543//5543 5538//5538
f 4945//4945 4953//4953 4954//4954
f 4945//4945 4954//4954 4946//4946
f 5544//5544 5543//5543 5539//5539
f 5540//5540 5544//5544 5539//5539
f 4946//4946 4954//4954 4955//4955
f 4946//4946 4955//4955 4947//4947
f 5545//5545 5544//5544 5540//5540
f 5541//5541 5545//5545 5540//5540
f 4947//4947 4955//4955 4956//4956
f 4947//4947 4956//4956 4948//4948
f 5546//5546 5545//5545 5541//5541
f 5542//5542 5546//5546 5541//5541
f 4948//4948 4956//4956 4957//4957
f 4948//4948 4957//4957 4949//4949
f 4957//4957 5546//5546 5542//5542
f 4949//4949 4957//4957 5542//5542
f 4951//4951 4958//4958 4959//4959
f 4951//4951 4959//4959 4952//4952
f 5547//5547 4958//4958 4951//4951
f 4952//4952 5547//5547 4951//4951
f 4952//4952 4959//4959 4960//4960
f 4952//4952 4960//4960 4953//4953
f 5548//5548 5547//5547 4952//4952
f 5543//5543 5548//5548 4952//4952
f 4953//4953 4960//4960 4961//4961
f 4953//4953 4961//4961 4954//4954
f 5549//5549 5548//5548 5543//5543
f 5544//5544 5549//5549 5543//5543
f 4954//4954 4961//4961 4962//4962
f 4954//4954 4962//4962 4955//4955
f 5550//5550 5549//5549 5544//5544
f 5545//5545 5550//5550 5544//5544
f 4955//4955 4962//4962 4963//4963
f 4955//4955 4963//4963 4956//4956
f 5551//5551 5550//5550 5545//5545
f 5546//5546 5551//5551 5545//5545
f 4956//4956 4963//4963 4964//4964
f 4956//4956 4964//4964 4957//4957
f 4964//4964 5551//5551 5546//5546
f 4957//4957 4964//4964 5546//5546
f 4958//4958 4966//4966 4967//4967
f 4958//4958 4967//4967 4959//4959
f 5552//5552 4966//4966 4958//4958
f 5547//5547 5552//5552 4958//4958
f 4959//4959 4967//4967 4968//4968
f 4959//4959 4968//4968 4960//4960
f 5553//5553 5552//5552 5547//5547
f 5548//5548 5553//5553 5547//5547
f 4960//4960 4968//4968 4969//4969
f 4960//4960 4969//4969 4961//4961
f 5554//5554 5553//5553 5548//5548
f 5549//5549 5554//5554 5548//5548
f 4961//4961 4969//4969 4970//4970
f 4961//4961 4970//4970 4962//4962
f 5555//5555 5554//5554 5549//5549
f 5550//5550 5555//5555 5549//5549
f 4962//4962 4970//4970 4971//4971
f 4962//4962 4971//4971 4963//4963
f 5556//5556 5555//5555 5550//5550
f 5551//5551 5556//5556 5550//5550
f 4963//4963 4971//4971 4972//4972
f 4963//4963 4972//4972 4964//4964
f 4972//4972 5556//5556 5551//5551
f 4964//4964 4972//4972 5551//5551
f 4965//4965 4974//4974 4975//4975
f 4965//4965 4975//4975 4966//4966
f 5557//5557 4974//4974 4965//4965
f 4966//4966 5557//5557 4965//4965
f 4966//4966 4975//4975 4976//4976
f 4966//4966 4976//4976 4967//4967
f 5558//5558 5557//5557 4966//4966
f 5552//5552 5558//5558 4966//4966
f 4967//4967 4976//4976 4977//4977
f 4967//4967 4977//4977 4968//4968
f 5559//5559 5558//5558 5552//5552
f 5553//5553 5559//5559 5552//5552
f 4968//4968 4977//4977 4978//4978
f 4968//4968 4978//4978 4969//4969
f 5560//5560 5559//5559 5553//5553
f 5554//5554 5560//5560 5553//5553
f 4969//4969 4978//4978 4979//4979
f 4969//4969 4979//4979 4970//4970
f 5561//5561 5560//5560 5554//5554
f 5555//5555 5561//5561 5554//5554
f 4970//4970 4979//4979 4980//4980
f 4970//4970 4980//4980 4971//4971
f 5562//5562 5561//5561 5555//5555
f 5556//5556 5562//5562 5555//5555
f 4971//4971 4980//4980 4981//4981
f 4971//4971 4981//4981 4972//4972
f 5563//5563 5562//5562 5556//5556
f 4972//4972 5563//5563 5556//5556
f 4972//4972 4981//4981 4982//4982
f 4972//4972 4982//4982 4973//4973
f 4982//4982 5563//5563 4972//4972
f 4973//4973 4982//4982 4972//4972
f 4974//4974 4985//4985 4986//4986
f 4974//4974 4986//4986 4975//4975
f 5564//5564 4985//4985 4974//4974
f 5557//5557 5564//5564 4974//4974
f 4975//4975 4986//4986 4987//4987
f 4975//4975 4987//4987 4976//4976
f 5565//5565 5564//5564 5557//5557
f 5558//5558 5565//5565 5557//5557
f 4976//4976 4987//4987 4988//4988
f 4976//4976 4988//4988 4977//4977
f 5566//5566 5565//5565 5558//5558
f 5559//5559 5566//5566 5558//5558
f 4977//4977 4988//4988 4989//4989
f 4977//4977 4989//4989 4978//4978
f 5567//5567 5566//5566 5559//5559
f 5560//5560 5567//5567 5559//5559
f 4978//4978 4989//4989 4990//4990
f 4978//4978 4990//4990 4979//4979
f 5568//5568 5567//5567 5560//5560
f 5561//5561 5568//5568 5560//5560
f 4979//4979 4990//4990 4991//4991
f 4979//4979 4991//4991 4980//4980
f 5569//5569 5568//5568 5561//5561
f 5562//5562 5569//5569 5561//5561
f 4980//4980 4991//4991 4992//4992
f 4980//4980 4992//4992 4981//4981
f 5570//5570 5569//5569 5562//5562
f 5563//5563 5570//5570 5562//5562
f 4981//4981 4992//4992 4993//4993
f 4981//4981 4993//4993 4982//4982
f 5571//5571 5570//5570 5563//5563
f 4982//4982 5571//5571 5563//5563
f 4982//4982 4993//4993 4994//4994
f 4982//4982 4994//4994 4983//4983
f 4994//4994 5571//5571 4982//4982
f 4983//4983 4994//4994 4982//4982
f 4984//4984 4996//4996 4997//4997
f 4984//4984 4997//4997 4985//4985
f 5572//5572 4996//4996 4984//4984
f 4985//4985 5572//5572 4984//4984
f 4985//4985 4997//4997 4998//4998
f 4985//4985 4998//4998 4986//4986
f 5573//5573 5572//5572 4985//4985
f 5564//5564 5573//5573 4985//4985
f 4986//4986 4998//4998 4999//4999
f 4986//4986 4999//4999 4987//4987
f 5574//5574 5573//5573 5564//5564
f 5565//5565 5574//5574 5564//5564
f 4987//4987 4999//4999 5000//5000
f 4987//4987 5000//5000 4988//4988
f 5575//5575 5574//5574 5565//5565
f 5566//5566 5575//5575 5565//5565
f 4988//4988 5000//5000 5001//5001
f 4988//4988 5001//5001 4989//4989
f 5576//5576 5575//5575 5566//5566
f 5567//5567 5576//5576 5566//5566
f 4989//4989 5001//5001 5002//5002
f 4989//4989 5002//5002 4990//4990
f 5577//5577 5576//5576 5567//5567
f 5568//5568 5577//5577 5567//5567
f 4990//4990 5002//5002 5003//5003
f 4990//4990 5003//5003 4991//4991
f 5578//5578 5577//5577 5568//5568
f 5569//5569 5578//5578 5568//5568
f 4991//4991 5003//5003 5004//5004
f 4991//4991 5004//5004 4992//4992
f 5579//5579 5578//5578 5569//5569
f 5570//5570 5579//5579 5569//5569
f 4992//4992 5004//5004 5005//5005
f 4992//4992 5005//5005 4993//4993
f 5580//5580 5579//5579 5570//5570
f 5571//5571 5580//5580 5570//5570
f 4993//4993 5005//5005 5006//5006
f 4993//4993 5006//5006 4994//4994
f 5006//5006 5580//5580 5571//5571
f 4994//4994 5006//5006 5571//5571
f 4995//4995 5008//5008 5009//5009
f 4995//4995 5009//5009 4996//4996
f 5581//5581 5008//5008 4995//4995
f 4996//4996 5581//5581 4995//4995
f 4996//4996 5009//5009 5010//5010
f 4996//4996 5010//5010 4997//4997
f 5582//5582 5581//5581 4996//4996
f 5572//5572 5582//5582 4996//4996
f 4997//4997 5010//5010 5011//5011
f 4997//4997 5011//5011 4998//4998
f 5583//5583 5582//5582 5572//5572
f 5573//5573 5583//5583 5572//5572
f 4998//4998 5011//5011 5012//5012
f 4998//4998 5012//5012 4999//4999
f 5584//5584 5583//5583 5573//5573
f 5574//5574 5584//5584 5573//5573
f 4999//4999 5012//5012 5013//5013
f 4999//4999 5013//5013 5000//5000
f 5585//5585 5584//5584 5574//5574
f 5575//5575 5585//5585 5574//5574
f 5000//5000 5013//5013 5014//5014
f 5000//5000 5014//5014 5001//5001
f 5586//5586 5585//5585 5575//5575
f 5576//5576 5586//5586 5575//5575
f 5001//5001 5014//5014 5015//5015
f 5001//5001 5015//5015 5002//5002
f 5587//5587 5586//5586 5576//5576
f 5577//5577 5587//5587 5576//5576
f 5002//5002 5015//5015 5016//5016
f 5002//5002 5016//5016 5003//5003
f 5588//5588 5587//5587 5577//5577
f 5578//5578 5588//5588 5577//5577
f 5003//5003 5016//5016 5017//5017
f 5003//5003 5017//5017 5004//5004
f 5589//5589 5588//5588 5578//5578
f 5579//5579 5589//5589 5578//5578
f 5004//5004 5017//5017 5018//5018
f 5004//5004 5018//5018 5005//5005
f 5590//5590 5589//5589 5579//5579
f 5580//5580 5590//5590 5579//5579
f 5005//5005 5018//5018 5019//5019
f 5005//5005 5019//5019 5006//5006
f 5591//5591 5590//5590 5580//5580
f 5006//5006 5591//5591 5580//5580
f 5006//5006 5019//5019 5020//5020
f 5006//5006 5020//5020 5007//5007
f 5020//5020 5591//5591 5006//5006
f 5007//5007 5020//5020 5006//5006
f 5008//5008 5021//5021 5022//5022
f 5008//5008 5022//5022 5009//5009
f 5592//5592 5021//5021 5008//5008
f 5581//5581 5592//5592 5008//5008
f 5009//5009 5022//5022 5023//5023
f 5009//5009 5023//5023 5010//5010
f 5593//5593 5592//5592 5581//5581
f 5582//5582 5593//5593 5581//5581
f 5010//5010 5023//5023 5024//5024
f 5010//5010 5024//5024 5011//5011
f 5594//5594 5593//5593 5582//5582
f 5583//5583 5594//5594 5582//5582
f 5011//5011 5024//5024 5025//5025
f 5011//5011 5025//5025 5012//5012
f 5595//5595 5594//5594 5583//5583
f 5584//5584 5595//5595 5583//5583
f 5012//5012 5025//5025 5026//5026
f 5012//5012 5026//5026 5013//5013
f 5596//5596 5595//5595 5584//5584
f 5585//5585 5596//5596 5584//5584
f 5013//5013 5026//5026 5027//5027
f 5013//5013 5027//5027 5014//5014
f 5597//5597 5596//5596 5585//5585
f 5586//5586 5597//5597 5585//5585
f 5014//5014 5027//5027 5028//5028
f 5014//5014 5028//5028 5015//5015
f 5598//5598 5597//5597 5586//5586
f 5587//5587 5598//5598 5586//5586
f 5015//5015 5028//5028 5029//5029
f 5015//5015 5029//5029 5016//5016
f 5599//5599 5598//5598 5587//5587
f 5588//5588 5599//5599 5587//5587
f 5016//5016 5029//5029 5030//5030
f 5016//5016 5030//5030 5017//5017
f 5600//5600 5599//5599 5588//5588
f 5589//5589 5600//5600 5588//5588
f 5017//5017 5030//5030 5031//5031
f 5017//5017 5031//5031 5018//5018
f 5601//5601 5600//5600 5589//5589
f 5590//5590 5601//5601 5589//5589
f 5018//5018 5031//5031 5032//5032
f 5018//5018 5032//5032 5019//5019
f 5602//5602 5601//5601 5590//5590
f 5591//5591 5602//5602 5590//5590
f 5019//5019 5032//5032 5033//5033
f 5019//5019 5033//5033 5020//5020
f 5033//5033 5602//5602 5591//5591
f 5020//5020 5033//5033 5591//5591
f 5021//5021 5034//5034 5035//5035
f 5021//5021 5035//5035 5022//5022
f 5603//5603 5034//5034 5021//5021
f 5592//5592 5603//5603 5021//5021
f 5022//5022 5035//5035 5036//5036
f 5022//5022 5036//5036 5023//5023
f 5604//5604 5603//5603 5592//5592
f 5593//5593 5604//5604 5592//5592
f 5023//5023 5036//5036 5037//5037
f 5023//5023 5037//5037 5024//5024
f 5605//5605 5604//5604 5593//5593
f 5594//5594 5605//5605 5593//5593
f 5024//5024 5037//5037 5038//5038
f 5024//5024 5038//5038 5025//5025
f 5606//5606 5605//5605 5594//5594
f 5595//5595 5606//5606 5594//5594
f 5025//5025 5038//5038 5039//5039
f 5025//5025 5039//5039 5026//5026
f 5607//5607 5606//5606 5595//5595
f 5596//5596 5607//5607 5595//5595
f 5026//5026 5039//5039 5040//5040
f 5026//5026 5040//5040 5027//5027
f 5608//5608 5607//5607 5596//5596
f 5597//5597 5608//5608 5596//5596
f 5027//5027 5040//5040 5041//5041
f 5027//5027 5041//5041 5028//5028
f 5609//5609 5608//5608 5597//5597
f 5598//5598 5609//5609 5597//5597
f 5028//5028 5041//5041 5042//5042
f 5028//5028 5042//5042 5029//5029
f 5610//5610 5609//5609 5598//5598
f 5599//5599 5610//5610 5598//5598
f 5029//5029 5042//5042 5043//5043
f 5029//5029 5043//5043 5030//5030
f 5611//5611 5610//5610 5599//5599
f 5600//5600 5611//5611 5599//5599
f 5030//5030 5043//5043 5044//5044
f 5030//5030 5044//5044 5031//5031
f 5612//5612 5611//5611 5600//5600
f 5601//5601 5612//5612 5600//5600
f 5031//5031 5044//5044 5045//5045
f 5031//5031 5045//5045 5032//5032
f 5613//5613 5612//5612 5601//5601
f 5602//5602 5613//5613 5601//5601
f 5032//5032 5045//5045 5046//5046
f 5032//5032 5046//5046 5033//5033
f 5046//5046 5613//5613 5602//5602
f 5033//5033 5046//5046 5602//5602
f 5034//5034 5047//5047 5048//5048
f 5034//5034 5048//5048 5035//5035
f 5048//5048 5047//5047 5034//5034
f 5603//5603 5048//5048 5034//5034
f 5035//5035 5048//5048 5049//5049
f 5035//5035 5049//5049 5036//5036
f 5614//5614 5048//5048 5603//5603
f 5604//5604 5614//5614 5603//5603
f 5036//5036 5049//5049 5050//5050
f 5036//5036 5050//5050 5037//5037
f 5615//5615 5614//5614 5604//5604
f 5605//5605 5615//5615 5604//5604
f 5037//5037 5050//5050 5051//5051
f 5037//5037 5051//5051 5038//5038
f 5616//5616 5615//5615 5605//5605
f 5606//5606 5616//5616 5605//5605
f 5038//5038 5051//5051 5052//5052
f 5038//5038 5052//5052 5039//5039
f 5617//5617 5616//5616 5606//5606
f 5607//5607 5617//5617 5606//5606
f 5039//5039 5052//5052 5053//5053
f 5039//5039 5053//5053 5040//5040
f 5618//5618 5617//5617 5607//5607
f 5608//5608 5618//5618 5607//5607
f 5040//5040 5053//5053 5054//5054
f 5040//5040 5054//5054 5041//5041
f 5619//5619 5618//5618 5608//5608
f 5609//5609 5619//5619 5608//5608
f 5041//5041 5054//5054 5055//5055
f 5041//5041 5055//5055 5042//5042
f 5620//5620 5619//5619 5609//5609
f 5610//5610 5620//5620 5609//5609
f 5042//5042 5055//5055 5056//5056
f 5042//5042 5056//5056 5043//5043
f 5621//5621 5620//5620 5610//5610
f 5611//5611 5621//5621 5610//5610
f 5043//5043 5056//5056 5057//5057
f 5043//5043 5057//5057 5044//5044
f 5622//5622 5621//5621 5611//5611
f 5612//5612 5622//5622 5611//5611
f 5044//5044 5057//5057 5058//5058
f 5044//5044 5058//5058 5045//5045
f 5058//5058 5622//5622 5612//5612
f 5613//5613 5058//5058 5612//5612
f 5045//5045 5058//5058 5059//5059
f 5045//5045 5059//5059 5046//5046
f 5059//5059 5058//5058 5613//5613
f 5046//5046 5059//5059 5613//5613
f 5048//5048 5060//5060 5061//5061
f 5048//5048 5061//5061 5049//5049
f 5061//5061 5060//5060 5048//5048
f 5614//5614 5061//5061 5048//5048
f 5049//5049 5061//5061 5062//5062
f 5049//5049 5062//5062 5050//5050
f 5623//5623 5061//5061 5614//5614
f 5615//5615 5623//5623 5614//5614
f 5050//5050 5062//5062 5063//5063
f 5050//5050 5063//5063 5051//5051
f 5624//5624 5623//5623 5615//5615
f 5616//5616 5624//5624 5615//5615
f 5051//5051 5063//5063 5064//5064
f 5051//5051 5064//5064 5052//5052
f 5625//5625 5624//5624 5616//5616
f 5617//5617 5625//5625 5616//5616
f 5052//5052 5064//5064 5065//5065
f 5052//5052 5065//5065 5053//5053
f 5626//5626 5625//5625 5617//5617
f 5618//5618 5626//5626 5617//5617
f 5053//5053 5065//5065 5066//5066
f 5053//5053 5066//5066 5054//5054
f 5627//5627 5626//5626 5618//5618
f 5619//5619 5627//5627 5618//5618
f 5054//5054 5066//5066 5067//5067
f 5054//5054 5067//5067 5055//5055
f 5628//5628 5627//5627 5619//5619
f 5620//5620 5628//5628 5619//5619
f 5055//5055 5067//5067 5068//5068
f 5055//5055 5068//5068 5056//5056
f 5629//5629 5628//5628 5620//5620
f 5621//5621 5629//5629 5620//5620
f 5056//5056 5068//5068 5069//5069
f 5056//5056 5069//5069 5057//5057
f 5069//5069 5629//5629 5621//5621
f 5622//5622 5069//5069 5621//5621
f 5057//5057 5069//5069 5070//5070
f 5057//5057 5070//5070 5058//5058
f 5070//5070 5069//5069 5622//5622
f 5058//5058 5070//5070 5622//5622
f 5061//5061 5071//5071 5072//5072
f 5061//5061 5072//5072 5062//5062
f 5630//5630 5071//5071 5061//5061
f 5623//5623 5630//5630 5061//5061
f 5062//5062 5072//5072 5073//5073
f 5062//5062 5073//5073 5063//5063
f 5631//5631 5630//5630 5623//5623
f 5624//5624 5631//5631 5623//5623
f 5063//5063 5073//5073 5074//5074
f 5063//5063 5074//5074 5064//5064
f 5632//5632 5631//5631 5624//5624
f 5625//5625 5632//5632 5624//5624
f 5064//5064 5074//5074 5075//5075
f 5064//5064 5075//5075 5065//5065
f 5633//5633 5632//5632 5625//5625
f 5626//5626 5633//5633 5625//5625
f 5065//5065 5075//5075 5076//5076
f 5065//5065 5076//5076 5066//5066
f 5634//5634 5633//5633 5626//5626
f 5627//5627 5634//5634 5626//5626
f 5066//5066 5076//5076 5077//5077
f 5066//5066 5077//5077 5067//5067
f 5635//5635 5634//5634 5627//5627
f 5628//5628 5635//5635 5627//5627
f 5067//5067 5077//5077 5078//5078
f 5067//5067 5078//5078 5068//5068
f 5636//5636 5635//5635 5628//5628
f 5629//5629 5636//5636 5628//5628
f 5068//5068 5078//5078 5079//5079
f 5068//5068 5079//5079 5069//5069
f 5079//5079 5636//5636 5629//5629
f 5069//5069 5079//5079 5629//5629
f 5071//5071 5080//5080 5081//5081
f 5071//5071 5081//5081 5072//5072
f 5081//5081 5080//5080 5071//5071
f 5630//5630 5081//5081 5071//5071
f 5072//5072 5081//5081 5082//5082
f 5072//5072 5082//5082 5073//5073
f 5637//5637 5081//5081 5630//5630
f 5631//5631 5637//5637 5630//5630
f 5073//5073 5082//5082 5083//5083
f 5073//5073 5083//5083 5074//5074
f 5638//5638 5637//5637 5631//5631
f 5632//5632 5638//5638 5631//5631
f 5074//5074 5083//5083 5084//5084
f 5074//5074 5084//5084 5075//5075
f 5639//5639 5638//5638 5632//5632
f 5633//5633 5639//5639 5632//5632
f 5075//5075 5084//5084 5085//5085
f 5075//5075 5085//5085 5076//5076
f 5640//5640 5639//5639 5633//5633
f 5634//5634 5640//5640 5633//5633
f 5076//5076 5085//5085 5086//5086
f 5076//5076 5086//5086 5077//5077
f 5641//5641 5640//5640 5634//5634
f 5635//5635 5641//5641 5634//5634
f 5077//5077 5086//5086 5087//5087
f 5077//5077 5087//5087 5078//5078
f 5087//5087 5641//5641 5635//5635
f 5636//5636 5087//5087 5635//5635
f 5078//5078 5087//5087 5088//5088
f 5078//5078 5088//5088 5079//5079
f 5088//5088 5087//5087 5636//5636
f 5079//5079 5088//5088 5636//5636
f 5081//5081 5089//5089 5090//5090
f 5081//5081 5090//5090 5082//5082
f 5642//5642 5089//5089 5081//5081
f 5637//5637 5642//5642 5081//5081
f 5082//5082 5090//5090 5091//5091
f 5082//5082 5091//5091 5083//5083
f 5643//5643 5642//5642 5637//5637
f 5638//5638 5643//5643 5637//5637
f 5083//5083 5091//5091 5092//5092
f 5083//5083 5092//5092 5084//5084
f 5644//5644 5643//5643 5638//5638
f 5639//5639 5644//5644 5638//5638
f 5084//5084 5092//5092 5093//5093
f 5084//5084 5093//5093 5085//5085
f 5645//5645 5644//5644 5639//5639
f 5640//5640 5645//5645 5639//5639
f 5085//5085 5093//5093 5094//5094
f 5085//5085 5094//5094 5086//5086
f 5646//5646 5645//5645 5640//5640
f 5641//5641 5646//5646 5640//5640
f 5086//5086 5094//5094 5095//5095
f 5086//5086 5095//5095 5087//5087
f 5095//5095 5646//5646 5641//5641
f 5087//5087 5095//5095 5641//5641
f 5089//5089 5096//5096 5097//5097
f 5089//5089 5097//5097 5090//5090
f 5647//5647 5096//5096 5089//5089
f 5642//5642 5647//5647 5089//5089
f 5090//5090 5097//5097 5098//5098
f 5090//5090 5098//5098 5091//5091
f 5648//5648 5647//5647 5642//5642
f 5643//5643 5648//5648 5642//5642
f 5091//5091 5098//5098 5099//5099
f 5091//5091 5099//5099 5092//5092
f 5649//5649 5648//5648 5643//5643
f 5644//5644 5649//5649 5643//5643
f 5092//5092 5099//5099 5100//5100
f 5092//5092 5100//5100 5093//5093
f 5650//5650 5649//5649 5644//5644
f 5645//5645 5650//5650 5644//5644
f 5093//5093 5100//5100 5101//5101
f 5093//5093 5101//5101 5094//5094
f 5651//5651 5650//5650 5645//5645
f 5646//5646 5651//5651 5645//5645
f 5094//5094 5101//5101 5102//5102
f 5094//5094 5102//5102 5095//5095
f 5102//5102 5651//5651 5646//5646
f 5095//5095 5102//5102 5646//5646
f 5096//5096 5104//5104 5105//5105
f 5096//5096 5105//5105 5097//5097
f 5652//5652 5104//5104 5096//5096
f 5647//5647 5652//5652 5096//5096
f 5097//5097 5105//5105 5106//5106
f 5097//5097 5106//5106 5098//5098
f 5653//5653 5652//5652 5647//5647
f 5648//5648 5653//5653 5647//5647
f 5098//5098 5106//5106 5107//5107
f 5098//5098 5107//5107 5099//5099
f 5654//5654 5653//5653 5648//5648
f 5649//5649 5654//5654 5648//5648
f 5099//5099 5107//5107 5108//5108
f 5099//5099 5108//5108 5100//5100
f 5655//5655 5654//5654 5649//5649
f 5650//5650 5655//5655 5649//5649
f 5100//5100 5108//5108 5109//5109
f 5100//5100 5109//5109 5101//5101
f 5656//5656 5655//5655 5650//5650
f 5651//5651 5656//5656 5650//5650
f 5101//5101 5109//5109 5110//5110
f 5101//5101 5110//5110 5102//5102
f 5110//5110 5656//5656 5651//5651
f 5102//5102 5110//5110 5651//5651
f 5103//5103 5112//5112 5113//5113
f 5103//5103 5113//5113 5104//5104
f 5657//5657 5112//5112 5103//5103
f 5104//5104 5657//5657 5103//5103
f 5104//5104 5113//5113 5114//5114
f 5104//5104 5114//5114 5105//5105
f 5658//5658 5657//5657 5104//5104
f 5652//5652 5658//5658 5104//5104
f 5105//5105 5114//5114 5115//5115
f 5105//5105 5115//5115 5106//5106
f 5659//5659 5658//5658 5652//5652
f 5653//5653 5659//5659 5652//5652
f 5106//5106 5115//5115 5116//5116
f 5106//5106 5116//5116 5107//5107
f 5660//5660 5659//5659 5653//5653
f 5654//5654 5660//5660 5653//5653
f 5107//5107 5116//5116 5117//5117
f 5107//5107 5117//5117 5108//5108
f 5661//5661 5660//5660 5654//5654
f 5655//5655 5661//5661 5654//5654
f 5108//5108 5117//5117 5118//5118
f 5108//5108 5118//5118 5109//5109
f 5662//5662 5661//5661 5655//5655
f 5656//5656 5662//5662 5655//5655
f 5109//5109 5118//5118 5119//5119
f 5109//5109 5119//5119 5110//5110
f 5663//5663 5662//5662 5656//5656
f 5110//5110 5663//5663 5656//5656
f 5110//5110 5119//5119 5120//5120
f 5110//5110 5120//5120 5111//5111
f 5120//5120 5663//5663 5110//5110
f 5111//5111 5120//5120 5110//5110
f 5112//5112 5123//5123 5124//5124
f 5112//5112 5124//5124 5113//5113
f 5664//5664 5123//5123 5112//5112
f 5657//5657 5664//5664 5112//5112
f 5113//5113 5124//5124 5125//5125
f 5113//5113 5125//5125 5114//5114
f 5665//5665 5664//5664 5657//5657
f 5658//5658 5665//5665 5657//5657
f 5114//5114 5125//5125 5126//5126
f 5114//5114 5126//5126 5115//5115
f 5666//5666 5665//5665 5658//5658
f 5659//5659 5666//5666 5658//5658
f 5115//5115 5126//5126 5127//5127
f 5115//5115 5127//5127 5116//5116
f 5667//5667 5666//5666 5659//5659
f 5660//5660 5667//5667 5659//5659
f 5116//5116 5127//5127 5128//5128
f 5116//5116 5128//5128 5117//5117
f 5668//5668 5667//5667 5660//5660
f 5661//5661 5668//5668 5660//5660
f 5117//5117 5128//5128 5129//5129
f 5117//5117 5129//5129 5118//5118
f 5669//5669 5668//5668 5661//5661
f 5662//5662 5669//5669 5661//5661
f 5118//5118 5129//5129 5130//5130
f 5118//5118 5130//5130 5119//5119
f 5670//5670 5669//5669 5662//5662
f 5663//5663 5670//5670 5662//5662
f 5119//5119 5130//5130 5131//5131
f 5119//5119 5131//5131 5120//5120
f 5671//5671 5670//5670 5663//5663
f 5120//5120 5671//5671 5663//5663
f 5120//5120 5131//5131 5132//5132
f 5120//5120 5132//5132 5121//5121
f 5132//5132 5671//5671 5120//5120
f 5121//5121 5132//5132 5120//5120
f 5122//5122 5134//5134 5135//5135
f 5122//5122 5135//5135 5123//5123
f 5672//5672 5134//5134 5122//5122
f 5123//5123 5672//5672 5122//5122
f 5123//5123 5135//5135 5136//5136
f 5123//5123 5136//5136 5124//5124
f 5673//5673 5672//5672 5123//5123
f 5664//5664 5673//5673 5123//5123
f 5124//5124 5136//5136 5137//5137
f 5124//5124 5137//5137 5125//5125
f 5674//5674 5673//5673 5664//5664
f 5665//5665 5674//5674 5664//5664
f 5125//5125 5137//5137 5138//5138
f 5125//5125 5138//5138 5126//5126
f 5675//5675 5674//5674 5665//5665
f 5666//5666 5675//5675 5665//5665
f 5126//5126 5138//5138 5139//5139
f 5126//5126 5139//5139 5127//5127
f 5676//5676 5675//5675 5666//5666
f 5667//5667 5676//5676 5666//5666
f 5127//5127 5139//5139 5140//5140
f 5127//5127 5140//5140 5128//5128
f 5677//5677 5676//5676 5667//5667
f 5668//5668 5677//5677 5667//5667
f 5128//5128 5140//5140 5141//5141
f 5128//5128 5141//5141 5129//5129
f 5678//5678 5677//5677 5668//5668
f 5669//5669 5678//5678 5668//5668
f 5129//5129 5141//5141 5142//5142
f 5129//5129 5142//5142 5130//5130
f 5679//5679 5678//5678 5669//5669
f 5670//5670 5679//5679 5669//5669
f 5130//5130 5142//5142 5143//5143
f 5130//5130 5143//5143 5131//5131
f 5680//5680 5679//5679 5670//5670
f 5671//5671 5680//5680 5670//5670
f 5131//5131 5143//5143 5144//5144
f 5131//5131 5144//5144 5132//5132
f 5144//5144 5680//5680 5671//5671
f 5132//5132 5144//5144 5671//5671
f 5133//5133 5146//5146 5147//5147
f 5133//5133 5147//5147 5134//5134
f 5681//5681 5146//5146 5133//5133
f 5134//5134 5681//5681 5133//5133
f 5134//5134 5147//5147 5148//5148
f 5134//5134 5148//5148 5135//5135
f 5682//5682 5681//5681 5134//5134
f 5672//5672 5682//5682 5134//5134
f 5135//5135 5148//5148 5149//5149
f 5135//5135 5149//5149 5136//5136
f 5683//5683 5682//5682 5672//5672
f 5673//5673 5683//5683 5672//5672
f 5136//5136 5149//5149 5150//5150
f 5136//5136 5150//5150 5137//5137
f 5684//5684 5683//5683 5673//5673
f 5674//5674 5684//5684 5673//5673
f 5137//5137 5150//5150 5151//5151
f 5137//5137 5151//5151 5138//5138
f 5685//5685 5684//5684 5674//5674
f 5675//5675 5685//5685 5674//5674
f 5138//5138 5151//5151 5152//5152
f 5138//5138 5152//5152 5139//5139
f 5686//5686 5685//5685 5675//5675
f 5676//5676 5686//5686 5675//5675
f 5139//5139 5152//5152 5153//5153
f 5139//5139 5153//5153 5140//5140
f 5687//5687 5686//5686 5676//5676
f 5677//5677 5687//5687 5676//5676
f 5140//5140 5153//5153 5154//5154
f 5140//5140 5154//5154 5141//5141
f 5688//5688 5687//5687 5677//5677
f 5678//5678 5688//5688 5677//5677
f 5141//5141 5154//5154 5155//5155
f 5141//5141 5155//5155 5142//5142
f 5689//5689 5688//5688 5678//5678
f 5679//5679 5689//5689 5678//5678
f 5142//5142 5155//5155 5156//5156
f 5142//5142 5156//5156 5143//5143
f 5690//5690 5689//5689 5679//5679
f 5680//5680 5690//5690 5679//5679
f 5143//5143 5156//5156 5157//5157
f 5143//5143 5157//5157 5144//5144
f 5691//5691 5690//5690 5680//5680
f 5144//5144 5691//5691 5680//5680
f 5144//5144 5157//5157 5158//5158
f 5144//5144 5158//5158 5145//5145
f 5158//5158 5691//5691 5144//5144
f 5145//5145 5158//5158 5144//5144
f 5146//5146 5159//5159 5160//5160
f 5146//5146 5160//5160 5147//5147
f 5692//5692 5159//5159 5146//5146
f 5681//5681 5692//5692 5146//5146
f 5147//5147 5160//5160 5161//5161
f 5147//5147 5161//5161 5148//5148
f 5693//5693 5692//5692 5681//5681
f 5682//5682 5693//5693 5681//5681
f 5148//5148 5161//5161 5162//5162
f 5148//5148 5162//5162 5149//5149
f 5694//5694 5693//5693 5682//5682
f 5683//5683 5694//5694 5682//5682
f 5149//5149 5162//5162 5163//5163
f 5149//5149 5163//5163 5150//5150
f 5695//5695 5694//5694 5683//5683
f 5684//5684 5695//5695 5683//5683
f 5150//5150 5163//5163 5164//5164
f 5150//5150 5164//5164 5151//5151
f 5696//5696 5695//5695 5684//5684
f 5685//5685 5696//5696 5684//5684
f 5151//5151 5164//5164 5165//5165
f 5151//5151 5165//5165 5152//5152
f 5697//5697 5696//5696 5685//5685
f 5686//5686 5697//5697 5685//5685
f 5152//5152 5165//5165 5166//5166
f 5152//5152 5166//5166 5153//5153
f 5698//5698 5697//5697 5686//5686
f 5687//5687 5698//5698 5686//5686
f 5153//5153 5166//5166 5167//5167
f 5153//5153 5167//5167 5154//5154
f 5699//5699 5698//5698 5687//5687
f 5688//5688 5699//5699 5687//5687
f 5154//5154 5167//5167 5168//5168
f 5154//5154 5168//5168 5155//5155
f 5700//5700 5699//5699 5688//5688
f 5689//5689 5700//5700 5688//5688
f 5155//5155 5168//5168 5169//5169
f 5155//5155 5169//5169 5156//5156
f 5701//5701 5700//5700 5689//5689
f 5690//5690 5701//5701 5689//5689
f 5156//5156 5169//5169 5170//5170
f 5156//5156 5170//5170 5157//5157
f 5702//5702 5701//5701 5690//5690
f 5691//5691 5702//5702 5690//5690
f 5157//5157 5170//5170 5171//5171
f 5157//5157 5171//5171 5158//5158
f 5171//5171 5702//5702 5691//5691
f 5158//5158 5171//5171 5691//5691
f 5159//5159 5172//5172 5173//5173
f 5159//5159 5173//5173 5160//5160
f 5703//5703 5172//5172 5159//5159
f 5692//5692 5703//5703 5159//5159
f 5160//5160 5173//5173 5174//5174
f 5160//5160 5174//5174 5161//5161
f 5704//5704 5703//5703 5692//5692
f 5693//5693 5704//5704 5692//5692
f 5161//5161 5174//5174 5175//5175
f 5161//5161 5175//5175 5162//5162
f 5705//5705 5704//5704 5693//5693
f 5694//5694 5705//5705 5693//5693
f 5162//5162 5175//5175 5176//5176
f 5162//5162 5176//5176 5163//5163
f 5706//5706 5705//5705 5694//5694
f 5695//5695 5706//5706 5694//5694
f 5163//5163 5176//5176 5177//5177
f 5163//5163 5177//5177 5164//5164
f 5707//5707 5706//5706 5695//5695
f 5696//5696 5707//5707 5695//5695
f 5164//5164 5177//5177 5178//5178
f 5164//5164 5178//5178 5165//5165
f 5708//5708 5707//5707 5696//5696
f 5697//5697 5708//5708 5696//5696
f 5165//5165 5178//5178 5179//5179
f 5165//5165 5179//5179 5166//5166
f 5709//5709 5708//5708 5697//5697
f 5698//5698 5709//5709 5697//5697
f 5166//5166 5179//5179 5180//5180
f 5166//5166 5180//5180 5167//5167
f 5710//5710 5709//5709 5698//5698
f 5699//5699 5710//5710 5698//5698
f 5167//5167 5180//5180 5181//5181
f 5167//5167 5181//5181 5168//5168
f 5711//5711 5710//5710 5699//5699
f 5700//5700 5711//5711 5699//5699
f 5168//5168 5181//5181 5182//5182
f 5168//5168 5182//5182 5169//5169
f 5712//5712 5711//5711 5700//5700
f 5701//5701 5712//5712 5700//5700
f 5169//5169 5182//5182 5183//5183
f 5169//5169 5183//5183 5170//5170
f 5713//5713 5712//5712 5701//5701
f 5702//5702 5713//5713 5701//5701
f 5170//5170 5183//5183 5184//5184
f 5170//5170 5184//5184 5171//5171
f 5184//5184 5713//5713 5702//5702
f 5171//5171 5184//5184 5702//5702
f 5172//5172 5185//5185 5186//5186
f 5172//5172 5186//5186 5173//5173
f 5186//5186 5185//5185 5172//5172
f 5703//5703 5186//5186 5172//5172
f 5173//5173 5186//5186 5187//5187
f 5173//5173 5187//5187 5174//5174
f 5714//5714 5186//5186 5703//5703
f 5704//5704 5714//5714 5703//5703
f 5174//5174 5187//5187 5188//5188
f 5174//5174 5188//5188 5175//5175
f 5715//5715 5714//5714 5704//5704
f 5705//5705 5715//5715 5704//5704
f 5175//5175 5188//5188 5189//5189
f 5175//5175 5189//5189 5176//5176
f 5716//5716 5715//5715 5705//5705
f 5706//5706 5716//5716 5705//5705
f 5176//5176 5189//5189 5190//5190
f 5176//5176 5190//5190 5177//5177
f 5717//5717 5716//5716 5706//5706
f 5707//5707 5717//5717 5706//5706
f 5177//5177 5190//5190 5191//5191
f 5177//5177 5191//5191 5178//5178
f 5718//5718 5717//5717 5707//5707
f 5708//5708 5718//5718 5707//5707
f 5178//5178 5191//5191 5192//5192
f 5178//5178 5192//5192 5179//5179
f 5719//5719 5718//5718 5708//5708
f 5709//5709 5719//5719 5708//5708
f 5179//5179 5192//5192 5193//5193
f 5179//5179 5193//5193 5180//5180
f 5720//5720 5719//5719 5709//5709
f 5710//5710 5720//5720 5709//5709
f 5180//5180 5193//5193 5194//5194
f 5180//5180 5194//5194 5181//5181
f 5721//5721 5720//5720 5710//5710
f 5711//5711 5721//5721 5710//5710
f 5181//5181 5194//5194 5195//5195
f 5181//5181 5195//5195 5182//5182
f 5722//5722 5721//5721 5711//5711
f 5712//5712 5722//5722 5711//5711
f 5182//5182 5195//5195 5196//5196
f 5182//5182 5196//5196 5183//5183
f 5196//5196 5722//5722 5712//5712
f 5713//5713 5196//5196 5712//5712
f 5183//5183 5196//5196 5197//5197
f 5183//5183 5197//5197 5184//5184
f 5197//5197 5196//5196 5713//5713
f 5184//5184 5197//5197 5713//5713
f 5186//5186 5198//5198 5199//5199
f 5186//5186 5199//5199 5187//5187
f 5199//5199 5198//5198 5186//5186
f 5714//5714 5199//5199 5186//5186
f 5187//5187 5199//5199 5200//5200
f 5187//5187 5200//5200 5188//5188
f 5723//5723 5199//5199 5714//5714
f 5715//5715 5723//5723 5714//5714
f 5188//5188 5200//5200 5201//5201
f 5188//5188 5201//5201 5189//5189
f 5724//5724 5723//5723 5715//5715
f 5716//5716 5724//5724 5715//5715
f 5189//5189 5201//5201 5202//5202
f 5189//5189 5202//5202 5190//5190
f 5725//5725 5724//5724 5716//5716
f 5717//5717 5725//5725 5716//5716
f 5190//5190 5202//5202 5203//5203
f 5190//5190 5203//5203 5191//5191
f 5726//5726 5725//5725 5717//5717
f 5718//5718 5726//5726 5717//5717
f 5191//5191 5203//5203 5204//5204
f 5191//5191 5204//5204 5192//5192
f 5727//5727 5726//5726 5718//5718
f 5719//5719 5727//5727 5718//5718
f 5192//5192 5204//5204 5205//5205
f 5192//5192 5205//5205 5193//5193
f 5728//5728 5727//5727 5719//5719
f 5720//5720 5728//5728 5719//5719
f 5193//5193 5205//5205 5206//5206
f 5193//5193 5206//5206 5194//5194
f 5729//5729 5728//5728 5720//5720
f 5721//5721 5729//5729 5720//5720
f 5194//5194 5206//5206 5207//5207
f 5194//5194 5207//5207 5195//5195
f 5207//5207 5729//5729 5721//5721
f 5722//5722 5207//5207 5721//5721
f 5195//5195 5207//5207 5208//5208
f 5195//5195 5208//5208 5196//5196
f 5208//5208 5207//5207 5722//5722
f 5196//5196 5208//5208 5722//5722
f 5199//5199 5209//5209 5210//5210
f 5199//5199 5210//5210 5200//5200
f 5210//5210 5209//5209 5199//5199
f 5723//5723 5210//5210 5199//5199
f 5200//5200 5210//5210 5211//5211
f 5200//5200 5211//5211 5201//5201
f 5730//5730 5210//5210 5723//5723
f 5724//5724 5730//5730 5723//5723
f 5201//5201 5211//5211 5212//5212
f 5201//5201 5212//5212 5202//5202
f 5731//5731 5730//5730 5724//5724
f 5725//5725 5731//5731 5724//5724
f 5202//5202 5212//5212 5213//5213
f 5202//5202 5213//5213 5203//5203
f 5732//5732 5731//5731 5725//5725
f 5726//5726 5732//5732 5725//5725
f 5203//5203 5213//5213 5214//5214
f 5203//5203 5214//5214 5204//5204
f 5733//5733 5732//5732 5726//5726
f 5727//5727 5733//5733 5726//5726
f 5204//5204 5214//5214 5215//5215
f 5204//5204 5215//5215 5205//5205
f 5734//5734 5733//5733 5727//5727
f 5728//5728 5734//5734 5727//5727
f 5205//5205 5215//5215 5216//5216
f 5205//5205 5216//5216 5206//5206
f 5735//5735 5734//5734 5728//5728
f 5729//5729 5735//5735 5728//5728
f 5206//5206 5216//5216 5217//5217
f 5206//5206 5217//5217 5207//5207
f 5217//5217 5735//5735 5729//5729
f 5207//5207 5217//5217 5729//5729
f 5210//5210 5218//5218 5219//5219
f 5210//5210 5219//5219 5211//5211
f 5736//5736 5218//5218 5210//5210
f 5730//5730 5736//5736 5210//5210
f 5211//5211 5219//5219 5220//5220
f 5211//5211 5220//5220 5212//5212
f 5737//5737 5736//5736 5730//5730
f 5731//5731 5737//5737 5730//5730
f 5212//5212 5220//5220 5221//5221
f 5212//5212 5221//5221 5213//5213
f 5738//5738 5737//5737 5731//5731
f 5732//5732 5738//5738 5731//5731
f 5213//5213 5221//5221 5222//5222
f 5213//5213 5222//5222 5214//5214
f 5739//5739 5738//5738 5732//5732
f 5733//5733 5739//5739 5732//5732
f 5214//5214 5222//5222 5223//5223
f 5214//5214 5223//5223 5215//5215
f 5740//5740 5739//5739 5733//5733
f 5734//5734 5740//5740 5733//5733
f 5215//5215 5223//5223 5224//5224
f 5215//5215 5224//5224 5216//5216
f 5224//5224 5740//5740 5734//5734
f 5735//5735 5224//5224 5734//5734
f 5216//5216 5224//5224 5225//5225
f 5216//5216 5225//5225 5217//5217
f 5225//5225 5224//5224 5735//5735
f 5217//5217 5225//5225 5735//5735
f 5218//5218 5226//5226 5227//5227
f 5218//5218 5227//5227 5219//5219
f 5741//5741 5226//5226 5218//5218
f 5736//5736 5741//5741 5218//5218
f 5219//5219 5227//5227 5228//5228
f 5219//5219 5228//5228 5220//5220
f 5742//5742 5741//5741 5736//5736
f 5737//5737 5742//5742 5736//5736
f 5220//5220 5228//5228 5229//5229
f 5220//5220 5229//5229 5221//5221
f 5743//5743 5742//5742 5737//5737
f 5738//5738 5743//5743 5737//5737
f 5221//5221 5229//5229 5230//5230
f 5221//5221 5230//5230 5222//5222
f 5744//5744 5743//5743 5738//5738
f 5739//5739 5744//5744 5738//5738
f 5222//5222 5230//5230 5231//5231
f 5222//5222 5231//5231 5223//5223
f 5745//5745 5744//5744 5739//5739
f 5740//5740 5745//5745 5739//5739
f 5223//5223 5231//5231 5232//5232
f 5223//5223 5232//5232 5224//5224
f 5232//5232 5745//5745 5740//5740
f 5224//5224 5232//5232 5740//5740
f 5226//5226 5233//5233 5234//5234
f 5226//5226 5234//5234 5227//5227
f 5746//5746 5233//5233 5226//5226
f 5741//5741 5746//5746 5226//5226
f 5227//5227 5234//5234 5235//5235
f 5227//5227 5235//5235 5228//5228
f 5747//5747 5746//5746 5741//5741
f 5742//5742 5747//5747 5741//5741
f 5228//5228 5235//5235 5236//5236
f 5228//5228 5236//5236 5229//5229
f 5748//5748 5747//5747 5742//5742
f 5743//5743 5748//5748 5742//5742
f 5229//5229 5236//5236 5237//5237
f 5229//5229 5237//5237 5230//5230
f 5749//5749 5748//5748 5743//5743
f 5744//5744 5749//5749 5743//5743
f 5230//5230 5237//5237 5238//5238
f 5230//5230 5238//5238 5231//5231
f 5750//5750 5749//5749 5744//5744
f 5745//5745 5750//5750 5744//5744
f 5231//5231 5238//5238 5239//5239
f 5231//5231 5239//5239 5232//5232
f 5239//5239 5750//5750 5745//5745
f 5232//5232 5239//5239 5745//5745
f 5233//5233 5242//5242 5243//5243
f 5233//5233 5243//5243 5234//5234
f 5751//5751 5242//5242 5233//5233
f 5746//5746 5751//5751 5233//5233
f 5234//5234 5243//5243 5244//5244
f 5234//5234 5244//5244 5235//5235
f 5752//5752 5751//5751 5746//5746
f 5747//5747 5752//5752 5746//5746
f 5235//5235 5244//5244 5245//5245
f 5235//5235 5245//5245 5236//5236
f 5753//5753 5752//5752 5747//5747
f 5748//5748 5753//5753 5747//5747
f 5236//5236 5245//5245 5246//5246
f 5236//5236 5246//5246 5237//5237
f 5754//5754 5753//5753 5748//5748
f 5749//5749 5754//5754 5748//5748
f 5237//5237 5246//5246 5247//5247
f 5237//5237 5247//5247 5238//5238
f 5755//5755 5754//5754 5749//5749
f 5750//5750 5755//5755 5749//5749
f 5238//5238 5247//5247 5248//5248
f 5238//5238 5248//5248 5239//5239
f 5756//5756 5755//5755 5750//5750
f 5239//5239 5756//5756 5750//5750
f 5239//5239 5248//5248 5249//5249
f 5239//5239 5249//5249 5240//5240
f 5249//5249 5756//5756 5239//5239
f 5240//5240 5249//5249 5239//5239
f 5241//5241 5250//5250 5251//5251
f 5241//5241 5251//5251 5242//5242
f 5757//5757 5250//5250 5241//5241
f 5242//5242 5757//5757 5241//5241
f 5242//5242 5251//5251 5252//5252
f 5242//5242 5252//5252 5243//5243
f 5758//5758 5757//5757 5242//5242
f 5751//5751 5758//5758 5242//5242
f 5243//5243 5252//5252 5253//5253
f 5243//5243 5253//5253 5244//5244
f 5759//5759 5758//5758 5751//5751
f 5752//5752 5759//5759 5751//5751
f 5244//5244 5253//5253 5254//5254
f 5244//5244 5254//5254 5245//5245
f 5760//5760 5759//5759 5752//5752
f 5753//5753 5760//5760 5752//5752
f 5245//5245 5254//5254 5255//5255
f 5245//5245 5255//5255 5246//5246
f 5761//5761 5760//5760 5753//5753
f 5754//5754 5761//5761 5753//5753
f 5246//5246 5255//5255 5256//5256
f 5246//5246 5256//5256 5247//5247
f 5762//5762 5761//5761 5754//5754
f 5755//5755 5762//5762 5754//5754
f 5247//5247 5256//5256 5257//5257
f 5247//5247 5257//5257 5248//5248
f 5763//5763 5762//5762 5755//5755
f 5756//5756 5763//5763 5755//5755
f 5248//5248 5257//5257 5258//5258
f 5248//5248 5258//5258 5249//5249
f 5258//5258 5763//5763 5756//5756
f 5249//5249 5258//5258 5756//5756
f 5250//5250 5261//5261 5262//5262
f 5250//5250 5262//5262 5251//5251
f 5764//5764 5261//5261 5250//5250
f 5757//5757 5764//5764 5250//5250
f 5251//5251 5262//5262 5263//5263
f 5251//5251 5263//5263 5252//5252
f 5765//5765 5764//5764 5757//5757
f 5758//5758 5765//5765 5757//5757
f 5252//5252 5263//5263 5264//5264
f 5252//5252 5264//5264 5253//5253
f 5766//5766 5765//5765 5758//5758
f 5759//5759 5766//5766 5758//5758
f 5253//5253 5264//5264 5265//5265
f 5253//5253 5265//5265 5254//5254
f 5767//5767 5766//5766 5759//5759
f 5760//5760 5767//5767 5759//5759
f 5254//5254 5265//5265 5266//5266
f 5254//5254 5266//5266 5255//5255
f 5768//5768 5767//5767 5760//5760
f 5761//5761 5768//5768 5760//5760
f 5255//5255 5266//5266 5267//5267
f 5255//5255 5267//5267 5256//5256
f 5769//5769 5768//5768 5761//5761
f 5762//5762 5769//5769 5761//5761
f 5256//5256 5267//5267 5268//5268
f 5256//5256 5268//5268 5257//5257
f 5770//5770 5769//5769 5762//5762
f 5763//5763 5770//5770 5762//5762
f 5257//5257 5268//5268 5269//5269
f 5257//5257 5269//5269 5258//5258
f 5771//5771 5770//5770 5763//5763
f 5258//5258 5771//5771 5763//5763
f 5258//5258 5269//5269 5270//5270
f 5258//5258 5270//5270 5259//5259
f 5270//5270 5771//5771 5258//5258
f 5259//5259 5270//5270 5258//5258
f 5260//5260 5272//5272 5273//5273
f 5260//5260 5273//5273 5261//5261
f 5772//5772 5272//5272 5260//5260
f 5261//5261 5772//5772 5260//5260
f 5261//5261 5273//5273 5274//5274
f 5261//5261 5274//5274 5262//5262
f 5773//5773 5772//5772 5261//5261
f 5764//5764 5773//5773 5261//5261
f 5262//5262 5274//5274 5275//5275
f 5262//5262 5275//5275 5263//5263
f 5774//5774 5773//5773 5764//5764
f 5765//5765 5774//5774 5764//5764
f 5263//5263 5275//5275 5276//5276
f 5263//5263 5276//5276 5264//5264
f 5775//5775 5774//5774 5765//5765
f 5766//5766 5775//5775 5765//5765
f 5264//5264 5276//5276 5277//5277
f 5264//5264 5277//5277 5265//5265
f 5776//5776 5775//5775 5766//5766
f 5767//5767 5776//5776 5766//5766
f 5265//5265 5277//5277 5278//5278
f 5265//5265 5278//5278 5266//5266
f 5777//5777 5776//5776 5767//5767
f 5768//5768 5777//5777 5767//5767
f 5266//5266 5278//5278 5279//5279
f 5266//5266 5279//5279 5267//5267
f 5778//5778 5777//5777 5768//5768
f 5769//5769 5778//5778 5768//5768
f 5267//5267 5279//5279 5280//5280
f 5267//5267 5280//5280 5268//5268
f 5779//5779 5778//5778 5769//5769
f 5770//5770 5779//5779 5769//5769
f 5268//5268 5280//5280 5281//5281
f 5268//5268 5281//5281 5269//5269
f 5780//5780 5779//5779 5770//5770
f 5771//5771 5780//5780 5770//5770
f 5269//5269 5281//5281 5282//5282
f 5269//5269 5282//5282 5270//5270
f 5282//5282 5780//5780 5771//5771
f 5270//5270 5282//5282 5771//5771
f 5271//5271 5284//5284 5285//5285
f 5271//5271 5285//5285 5272//5272
f 5781//5781 5284//5284 5271//5271
f 5272//5272 5781//5781 5271//5271
f 5272//5272 5285//5285 5286//5286
f 5272//5272 5286//5286 5273//5273
f 5782//5782 5781//5781 5272//5272
f 5772//5772 5782//5782 5272//5272
f 5273//5273 5286//5286 5287//5287
f 5273//5273 5287//5287 5274//5274
f 5783//5783 5782//5782 5772//5772
f 5773//5773 5783//5783 5772//5772
f 5274//5274 5287//5287 5288//5288
f 5274//5274 5288//5288 5275//5275
f 5784//5784 5783//5783 5773//5773
f 5774//5774 5784//5784 5773//5773
f 5275//5275 5288//5288 5289//5289
f 5275//5275 5289//5289 5276//5276
f 5785//5785 5784//5784 5774//5774
f 5775//5775 5785//5785 5774//5774
f 5276//5276 5289//5289 5290//5290
f 5276//5276 5290//5290 5277//5277
f 5786//5786 5785//5785 5775//5775
f 5776//5776 5786//5786 5775//5775
f 5277//5277 5290//5290 5291//5291
f 5277//5277 5291//5291 5278//5278
f 5787//5787 5786//5786 5776//5776
f 5777//5777 5787//5787 5776//5776
f 5278//5278 5291//5291 5292//5292
f 5278//5278 5292//5292 5279//5279
f 5788//5788 5787//5787 5777//5777
f 5778//5778 5788//5788 5777//5777
f 5279//5279 5292//5292 5293//5293
f 5279//5279 5293//5293 5280//5280
f 5789//5789 5788//5788 5778//5778
f 5779//5779 5789//5789 5778//5778
f 5280//5280 5293//5293 5294//5294
f 5280//5280 5294//5294 5281//5281
f 5790//5790 5789//5789 5779//5779
f 5780//5780 5790//5790 5779//5779
f 5281//5281 5294//5294 5295//5295
f 5281//5281 5295//5295 5282//5282
f 5791//5791 5790//5790 5780//5780
f 5282//5282 5791//5791 5780//5780
f 5282//5282 5295//5295 5296//5296
f 5282//5282 5296//5296 5283//5283
f 5296//5296 5791//5791 5282//5282
f 5283//5283 5296//5296 5282//5282
f 5284//5284 5297//5297 5298//5298
f 5284//5284 5298//5298 5285//5285
f 5792//5792 5297//5297 5284//5284
f 5781//5781 5792//5792 5284//5284
f 5285//5285 5298//5298 5299//5299
f 5285//5285 5299//5299 5286//5286
f 5793//5793 5792//5792 5781//5781
f 5782//5782 5793//5793 5781//5781
f 5286//5286 5299//5299 5300//5300
f 5286//5286 5300//5300 5287//5287
f 5794//5794 5793//5793 5782//5782
f 5783//5783 5794//5794 5782//5782
f 5287//5287 5300//5300 5301//5301
f 5287//5287 5301//5301 5288//5288
f 5795//5795 5794//5794 5783//5783
f 5784//5784 5795//5795 5783//5783
f 5288//5288 5301//5301 5302//5302
f 5288//5288 5302//5302 5289//5289
f 5796//5796 5795//5795 5784//5784
f 5785//5785 5796//5796 5784//5784
f 5289//5289 5302//5302 5303//5303
f 5289//5289 5303//5303 5290//5290
f 5797//5797 5796//5796 5785//5785
f 5786//5786 5797//5797 5785//5785
f 5290//5290 5303//5303 5304//5304
f 5290//5290 5304//5304 5291//5291
f 5798//5798 5797//5797 5786//5786
f 5787//5787 5798//5798 5786//5786
f 5291//5291 5304//5304 5305//5305
f 5291//5291 5305//5305 5292//5292
f 5799//5799 5798//5798 5787//5787
f 5788//5788 5799//5799 5787//5787
f 5292//5292 5305//5305 5306//5306
f 5292//5292 5306//5306 5293//5293
f 5800//5800 5799//5799 5788//5788
f 5789//5789 5800//5800 5788//5788
f 5293//5293 5306//5306 5307//5307
f 5293//5293 5307//5307 5294//5294
f 5801//5801 5800//5800 5789//5789
f 5790//5790 5801//5801 5789//5789
f 5294//5294 5307//5307 5308//5308
f 5294//5294 5308//5308 5295//5295
f 5802//5802 5801//5801 5790//5790
f 5791//5791 5802//5802 5790//5790
f 5295//5295 5308//5308 5309//5309
f 5295//5295 5309//5309 5296//5296
f 5309//5309 5802//5802 5791//5791
f 5296//5296 5309//5309 5791//5791
f 5297//5297 5310//5310 5311//5311
f 5297//5297 5311//5311 5298//5298
f 5311//5311 5310//5310 5297//5297
f 5792//5792 5311//5311 5297//5297
f 5298//5298 5311//5311 5312//5312
f 5298//5298 5312//5312 5299//5299
f 5803//5803 5311//5311 5792//5792
f 5793//5793 5803//5803 5792//5792
f 5299//5299 5312//5312 5313//5313
f 5299//5299 5313//5313 5300//5300
f 5804//5804 5803//5803 5793//5793
f 5794//5794 5804//5804 5793//5793
f 5300//5300 5313//5313 5314//5314
f 5300//5300 5314//5314 5301//5301
f 5805//5805 5804//5804 5794//5794
f 5795//5795 5805//5805 5794//5794
f 5301//5301 5314//5314 5315//5315
f 5301//5301 5315//5315 5302//5302
f 5806//5806 5805//5805 5795//5795
f 5796//5796 5806//5806 5795//5795
f 5302//5302 5315//5315 5316//5316
f 5302//5302 5316//5316 5303//5303
f 5807//5807 5806//5806 5796//5796
f 5797//5797 5807//5807 5796//5796
f 5303//5303 5316//5316 5317//5317
f 5303//5303 5317//5317 5304//5304
f 5808//5808 5807//5807 5797//5797
f 5798//5798 5808//5808 5797//5797
f 5304//5304 5317//5317 5318//5318
f 5304//5304 5318//5318 5305//5305
f 5809//5809 5808//5808 5798//5798
f 5799//5799 5809//5809 5798//5798
f 5305//5305 5318//5318 5319//5319
f 5305//5305 5319//5319 5306//5306
f 5810//5810 5809//5809 5799//5799
f 5800//5800 5810//5810 5799//5799
f 5306//5306 5319//5319 5320//5320
f 5306//5306 5320//5320 5307//5307
f 5811//5811 5810//5810 5800//5800
f 5801//5801 5811//5811 5800//5800
f 5307//5307 5320//5320 5321//5321
f 5307//5307 5321//5321 5308//5308
f 5812//5812 5811//5811 5801//5801
f 5802//5802 5812//5812 5801//5801
f 5308//5308 5321//5321 5322//5322
f 5308//5308 5322//5322 5309//5309
f 5322//5322 5812//5812 5802//5802
f 5309//5309 5322//5322 5802//5802
f 5311//5311 5323//5323 5324//5324
f 5311//5311 5324//5324 5312//5312
f 5324//5324 5323//5323 5311//5311
f 5803//5803 5324//5324 5311//5311
f 5312//5312 5324//5324 5325//5325
f 5312//5312 5325//5325 5313//5313
f 5813//5813 5324//5324 5803//5803
f 5804//5804 5813//5813 5803//5803
f 5313//5313 5325//5325 5326//5326
f 5313//5313 5326//5326 5314//5314
f 5814//5814 5813//5813 5804//5804
f 5805//5805 5814//5814 5804//5804
f 5314//5314 5326//5326 5327//5327
f 5314//5314 5327//5327 5315//5315
f 5815//5815 5814//5814 5805//5805
f 5806//5806 5815//5815 5805//5805
f 5315//5315 5327//5327 5328//5328
f 5315//5315 5328//5328 5316//5316
f 5816//5816 5815//5815 5806//5806
f 5807//5807 5816//5816 5806//5806
f 5316//5316 5328//5328 5329//5329
f 5316//5316 5329//5329 5317//5317
f 5817//5817 5816//5816 5807//5807
f 5808//5808 5817//5817 5807//5807
f 5317//5317 5329//5329 5330//5330
f 5317//5317 5330//5330 5318//5318
f 5818//5818 5817//5817 5808//5808
f 5809//5809 5818//5818 5808//5808
f 5318//5318 5330//5330 5331//5331
f 5318//5318 5331//5331 5319//5319
f 5819//5819 5818//5818 5809//5809
f 5810//5810 5819//5819 5809//5809
f 5319//5319 5331//5331 5332//5332
f 5319//5319 5332//5332 5320//5320
f 5820//5820 5819//5819 5810//5810
f 5811//5811 5820//5820 5810//5810
f 5320//5320 5332//5332 5333//5333
f 5320//5320 5333//5333 5321//5321
f 5333//5333 5820//5820 5811//5811
f 5812//5812 5333//5333 5811//5811
f 5321//5321 5333//5333 5334//5334
f 5321//5321 5334//5334 5322//5322
f 5334//5334 5333//5333 5812//5812
f 5322//5322 5334//5334 5812//5812
f 5324//5324 5335//5335 5336//5336
f 5324//5324 5336//5336 5325//5325
f 5336//5336 5335//5335 5324//5324
f 5813//5813 5336//5336 5324//5324
f 5325//5325 5336//5336 5337//5337
f 5325//5325 5337//5337 5326//5326
f 5821//5821 5336//5336 5813//5813
f 5814//5814 5821//5821 5813//5813
f 5326//5326 5337//5337 5338//5338
f 5326//5326 5338//5338 5327//5327
f 5822//5822 5821//5821 5814//5814
f 5815//5815 5822//5822 5814//5814
f 5327//5327 5338//5338 5339//5339
f 5327//5327 5339//5339 5328//5328
f 5823//5823 5822//5822 5815//5815
f 5816//5816 5823//5823 5815//5815
f 5328//5328 5339//5339 5340//5340
f 5328//5328 5340//5340 5329//5329
f 5824//5824 5823//5823 5816//5816
f 5817//5817 5824//5824 5816//5816
f 5329//5329 5340//5340 5341//5341
f 5329//5329 5341//5341 5330//5330
f 5825//5825 5824//5824 5817//5817
f 5818//5818 5825//5825 5817//5817
f 5330//5330 5341//5341 5342//5342
f 5330//5330 5342//5342 5331//5331
f 5826//5826 5825//5825 5818//5818
f 5819//5819 5826//5826 5818//5818
f 5331//5331 5342//5342 5343//5343
f 5331//5331 5343//5343 5332//5332
f 5343//5343 5826//5826 5819//5819
f 5820//5820 5343//5343 5819//5819
f 5332//5332 5343//5343 5344//5344
f 5332//5332 5344//5344 5333//5333
f 5344//5344 5343//5343 5820//5820
f 5333//5333 5344//5344 5820//5820
f 5336//5336 5345//5345 5346//5346
f 5336//5336 5346//5346 5337//5337
f 5346//5346 5345//5345 5336//5336
f 5821//5821 5346//5346 5336//5336
f 5337//5337 5346//5346 5347//5347
f 5337//5337 5347//5347 5338//5338
f 5827//5827 5346//5346 5821//5821
f 5822//5822 5827//5827 5821//5821
f 5338//5338 5347//5347 5348//5348
f 5338//5338 5348//5348 5339//5339
f 5828//5828 5827//5827 5822//5822
f 5823//5823 5828//5828 5822//5822
f 5339//5339 5348//5348 5349//5349
f 5339//5339 5349//5349 5340//5340
f 5829//5829 5828//5828 5823//5823
f 5824//5824 5829//5829 5823//5823
f 5340//5340 5349//5349 5350//5350
f 5340//5340 5350//5350 5341//5341
f 5830//5830 5829//5829 5824//5824
f 5825//5825 5830//5830 5824//5824
f 5341//5341 5350//5350 5351//5351
f 5341//5341 5351//5351 5342//5342
f 5351//5351 5830//5830 5825//5825
f 5826//5826 5351//5351 5825//5825
f 5342//5342 5351//5351 5352//5352
f 5342//5342 5352//5352 5343//5343
f 5352//5352 5351//5351 5826//5826
f 5343//5343 5352//5352 5826//5826
f 5346//5346 5353//5353 5354//5354
f 5346//5346 5354//5354 5347//5347
f 5354//5354 5353//5353 5346//5346
f 5827//5827 5354//5354 5346//5346
f 5347//5347 5354//5354 5355//5355
f 5347//5347 5355//5355 5348//5348
f 5831//5831 5354//5354 5827//5827
f 5828//5828 5831//5831 5827//5827
f 5348//5348 5355//5355 5356//5356
f 5348//5348 5356//5356 5349//5349
f 5832//5832 5831//5831 5828//5828
f 5829//5829 5832//5832 5828//5828
f 5349//5349 5356//5356 5357//5357
f 5349//5349 5357//5357 5350//5350
f 5357//5357 5832//5832 5829//5829
f 5830//5830 5357//5357 5829//5829
f 5350//5350 5357//5357 5358//5358
f 5350//5350 5358//5358 5351//5351
f 5358//5358 5357//5357 5830//5830
f 5351//5351 5358//5358 5830//5830
f 5354//5354 5359//5359 5360//5360
f 5354//5354 5360//5360 5355//5355
f 5360//5360 5359//5359 5354//5354
f 5831//5831 5360//5360 5354//5354
f 5355//5355 5360//5360 5361//5361
f 5355//5355 5361//5361 5356//5356
f 5361//5361 5360//5360 5831//5831
f 5832//5832 5361//5361 5831//5831
f 5356//5356 5361//5361 5362//5362
f 5356//5356 5362//5362 5357//5357
f 5362//5362 5361//5361 5832//5832
f 5357//5357 5362//5362 5832//5832
f 5833//5833 5838//5838 5839//5839
f 5833//5833 5839//5839 5834//5834
f 6229//6229 5838//5838 5833//5833
f 5834//5834 6229//6229 5833//5833
f 5834//5834 5839//5839 5840//5840
f 5834//5834 5840//5840 5835//5835
f 6230//6230 6229//6229 5834//5834
f 5835//5835 6230//6230 5834//5834
f 5835//5835 5840//5840 5841//5841
f 5835//5835 5841//5841 5836//5836
f 5841//5841 6230//6230 5835//5835
f 5836//5836 5841//5841 5835//5835
f 5837//5837 5844//5844 5845//5845
f 5837//5837 5845//5845 5838//5838
f 6231//6231 5844//5844 5837//5837
f 5838//5838 6231//6231 5837//5837
f 5838//5838 5845//5845 5846//5846
f 5838//5838 5846//5846 5839//5839
f 6232//6232 6231//6231 5838//5838
f 6229//6229 6232//6232 5838//5838
f 5839//5839 5846//5846 5847//5847
f 5839//5839 5847//5847 5840//5840
f 6233//6233 6232//6232 6229//6229
f 6230//6230 6233//6233 6229//6229
f 5840//5840 5847//5847 5848//5848
f 5840//5840 5848//5848 5841//5841
f 6234//6234 6233//6233 6230//6230
f 5841//5841 6234//6234 6230//6230
f 5841//5841 5848//5848 5849//5849
f 5841//5841 5849//5849 5842//5842
f 5849//5849 6234//6234 5841//5841
f 5842//5842 5849//5849 5841//5841
f 5843//5843 5851//5851 5852//5852
f 5843//5843 5852//5852 5844//5844
f 6235//6235 5851//5851 5843//5843
f 5844//5844 6235//6235 5843//5843
f 5844//5844 5852//5852 5853//5853
f 5844//5844 5853//5853 5845//5845
f 6236//6236 6235//6235 5844//5844
f 6231//6231 6236//6236 5844//5844
f 5845//5845 5853//5853 5854//5854
f 5845//5845 5854//5854 5846//5846
f 6237//6237 6236//6236 6231//6231
f 6232//6232 6237//6237 6231//6231
f 5846//5846 5854//5854 5855//5855
f 5846//5846 5855//5855 5847//5847
f 6238//6238 6237//6237 6232//6232
f 6233//6233 6238//6238 6232//6232
f 5847//5847 5855//5855 5856//5856
f 5847//5847 5856//5856 5848//5848
f 6239//6239 6238//6238 6233//6233
f 6234//6234 6239//6239 6233//6233
f 5848//5848 5856//5856 5857//5857
f 5848//5848 5857//5857 5849//5849
f 5857//5857 6239//6239 6234//6234
f 5849//5849 5857//5857 6234//6234
f 5850//5850 5860//5860 5861//5861
f 5850//5850 5861//5861 5851//5851
f 6240//6240 5860//5860 5850//5850
f 5851//5851 6240//6240 5850//5850
f 5851//5851 5861//5861 5862//5862
f 5851//5851 5862//5862 5852//5852
f 6241//6241 6240//6240 5851//5851
f 6235//6235 6241//6241 5851//5851
f 5852//5852 5862//5862 5863//5863
f 5852//5852 5863//5863 5853//5853
f 6242//6242 6241//6241 6235//6235
f 6236//6236 6242//6242 6235//6235
f 5853//5853 5863//5863 5864//5864
f 5853//5853 5864//5864 5854//5854
f 6243//6243 6242//6242 6236//6236
f 6237//6237 6243//6243 6236//6236
f 5854//5854 5864//5864 5865//5865
f 5854//5854 5865//5865 5855//5855
f 6244//6244 6243//6243 6237//6237
f 6238//6238 6244//6244 6237//6237
f 5855//5855 5865//5865 5866//5866
f 5855//5855 5866//5866 5856//5856
f 6245//6245 6244//6244 6238//6238
f 6239//6239 6245//6245 6238//6238
f 5856//5856 5866//5866 5867//5867
f 5856//5856 5867//5867 5857//5857
f 6246//6246 6245//6245 6239//6239
f 5857//5857 6246//6246 6239//6239
f 5857//5857 5867//5867 5868//5868
f 5857//5857 5868//5868 5858//5858
f 5868//5868 6246//6246 5857//5857
f 5858//5858 5868//5868 5857//5857
f 5859//5859 5872//5872 5873//5873
f 5859//5859 5873//5873 5860//5860
f 6247//6247 5872//5872 5859//5859
f 5860//5860 6247//6247 5859//5859
f 5860//5860 5873//5873 5874//5874
f 5860//5860 5874//5874 5861//5861
f 6248//6248 6247//6247 5860//5860
f 6240//6240 6248//6248 5860//5860
f 5861//5861 5874//5874 5875//5875
f 5861//5861 5875//5875 5862//5862
f 6249//6249 6248//6248 6240//6240
f 6241//6241 6249//6249 6240//6240
f 5862//5862 5875//5875 5876//5876
f 5862//5862 5876//5876 5863//5863
f 6250//6250 6249//6249 6241//6241
f 6242//6242 6250//6250 6241//6241
f 5863//5863 5876//5876 5877//5877
f 5863//5863 5877//5877 5864//5864
f 6251//6251 6250//6250 6242//6242
f 6243//6243 6251//6251 6242//6242
f 5864//5864 5877//5877 5878//5878
f 5864//5864 5878//5878 5865//5865
f 6252//6252 6251//6251 6243//6243
f 6244//6244 6252//6252 6243//6243
f 5865//5865 5878//5878 5879//5879
f 5865//5865 5879//5879 5866//5866
f 6253//6253 6252//6252 6244//6244
f 6245//6245 6253//6253 6244//6244
f 5866//5866 5879//5879 5880//5880
f 5866//5866 5880//5880 5867//5867
f 6254//6254 6253//6253 6245//6245
f 6246//6246 6254//6254 6245//6245
f 5867//5867 5880//5880 5881//5881
f 5867//5867 5881//5881 5868//5868
f 6255//6255 6254//6254 6246//6246
f 5868//5868 6255//6255 6246//6246
f 5868//5868 5881//5881 5882//5882
f 5868//5868 5882//5882 5869//5869
f 6256//6256 6255//6255 5868//5868
f 5869//5869 6256//6256 5868//5868
f 5869//5869 5882//5882 5883//5883
f 5869//5869 5883//5883 5870//5870
f 5883//5883 6256//6256 5869//5869
f 5870//5870 5883//5883 5869//5869
f 5871//5871 5884//5884 5885//5885
f 5871//5871 5885//5885 5872//5872
f 6257//6257 5884//5884 5871//5871
f 5872//5872 6257//6257 5871//5871
f 5872//5872 5885//5885 5886//5886
f 5872//5872 5886//5886 5873//5873
f 6258//6258 6257//6257 5872//5872
f 6247//6247 6258//6258 5872//5872
f 5873//5873 5886//5886 5887//5887
f 5873//5873 5887//5887 5874//5874
f 6259//6259 6258//6258 6247//6247
f 6248//6248 6259//6259 6247//6247
f 5874//5874 5887//5887 5888//5888
f 5874//5874 5888//5888 5875//5875
f 6260//6260 6259//6259 6248//6248
f 6249//6249 6260//6260 6248//6248
f 5875//5875 5888//5888 5889//5889
f 5875//5875 5889//5889 5876//5876
f 6261//6261 6260//6260 6249//6249
f 6250//6250 6261//6261 6249//6249
f 5876//5876 5889//5889 5890//5890
f 5876//5876 5890//5890 5877//5877
f 6262//6262 6261//6261 6250//6250
f 6251//6251 6262//6262 6250//6250
f 5877//5877 5890//5890 5891//5891
f 5877//5877 5891//5891 5878//5878
f 6263//6263 6262//6262 6251//6251
f 6252//6252 6263//6263 6251//6251
f 5878//5878 5891//5891 5892//5892
f 5878//5878 5892//5892 5879//5879
f 6264//6264 6263//6263 6252//6252
f 6253//6253 6264//6264 6252//6252
f 5879//5879 5892//5892 5893//5893
f 5879//5879 5893//5893 5880//5880
f 6265//6265 6264//6264 6253//6253
f 6254//6254 6265//6265 6253//6253
f 5880//5880 5893//5893 5894//5894
f 5880//5880 5894//5894 5881//5881
f 6266//6266 6265//6265 6254//6254
f 6255//6255 6266//6266 6254//6254
f 5881//5881 5894//5894 5895//5895
f 5881//5881 5895//5895 5882//5882
f 6267//6267 6266//6266 6255//6255
f 6256//6256 6267//6267 6255//6255
f 5882//5882 5895//5895 5896//5896
f 5882//5882 5896//5896 5883//5883
f 5896//5896 6267//6267 6256//6256
f 5883//5883 5896//5896 6256//6256
f 5884//5884 5897//5897 5898//5898
f 5884//5884 5898//5898 5885//5885
f 6268//6268 5897//5897 5884//5884
f 6257//6257 6268//6268 5884//5884
f 5885//5885 5898//5898 5899//5899
f 5885//5885 5899//5899 5886//5886
f 6269//6269 6268//6268 6257//6257
f 6258//6258 6269//6269 6257//6257
f 5886//5886 5899//5899 5900//5900
f 5886//5886 5900//5900 5887//5887
f 6270//6270 6269//6269 6258//6258
f 6259//6259 6270//6270 6258//6258
f 5887//5887 5900//5900 5901//5901
f 5887//5887 5901//5901 5888//5888
f 6271//6271 6270//6270 6259//6259
f 6260//6260 6271//6271 6259//6259
f 5888//5888 5901//5901 5902//5902
f 5888//5888 5902//5902 5889//5889
f 6272//6272 6271//6271 6260//6260
f 6261//6261 6272//6272 6260//6260
f 5889//5889 5902//5902 5903//5903
f 5889//5889 5903//5903 5890//5890
f 6273//6273 6272//6272 6261//6261
f 6262//6262 6273//6273 6261//6261
f 5890//5890 5903//5903 5904//5904
f 5890//5890 5904//5904 5891//5891
f 6274//6274 6273//6273 6262//6262
f 6263//6263 6274//6274 6262//6262
f 5891//5891 5904//5904 5905//5905
f 5891//5891 5905//5905 5892//5892
f 6275//6275 6274//6274 6263//6263
f 6264//6264 6275//6275 6263//6263
f 5892//5892 5905//5905 5906//5906
f 5892//5892 5906//5906 5893//5893
f 6276//6276 6275//6275 6264//6264
f 6265//6265 6276//6276 6264//6264
f 5893//5893 5906//5906 5907//5907
f 5893//5893 5907//5907 5894//5894
f 6277//6277 6276//6276 6265//6265
f 6266//6266 6277//6277 6265//6265
f 5894//5894 5907//5907 5908//5908
f 5894//5894 5908//5908 5895//5895
f 6278//6278 6277//6277 6266//6266
f 6267//6267 6278//6278 6266//6266
f 5895//5895 5908//5908 5909//5909
f 5895//5895 5909//5909 5896//5896
f 5909//5909 6278//6278 6267//6267
f 5896//5896 5909//5909 6267//6267
f 5897//5897 5910//5910 5911//5911
f 5897//5897 5911//5911 5898//5898
f 5911//5911 5910//5910 5897//5897
f 6268//6268 5911//5911 5897//5897
f 5898//5898 5911//5911 5912//5912
f 5898//5898 5912//5912 5899//5899
f 6279//6279 5911//5911 6268//6268
f 6269//6269 6279//6279 6268//6268
f 5899//5899 5912//5912 5913//5913
f 5899//5899 5913//5913 5900//5900
f 6280//6280 6279//6279 6269//6269
f 6270//6270 6280//6280 6269//6269
f 5900//5900 5913//5913 5914//5914
f 5900//5900 5914//5914 5901//5901
f 6281//6281 6280//6280 6270//6270
f 6271//6271 6281//6281 6270//6270
f 5901//5901 5914//5914 5915//5915
f 5901//5901 5915//5915 5902//5902
f 6282//6282 6281//6281 6271//6271
f 6272//6272 6282//6282 6271//6271
f 5902//5902 5915//5915 5916//5916
f 5902//5902 5916//5916 5903//5903
f 6283//6283 6282//6282 6272//6272
f 6273//6273 6283//6283 6272//6272
f 5903//5903 5916//5916 5917//5917
f 5903//5903 5917//5917 5904//5904
f 6284//6284 6283//6283 6273//6273
f 6274//6274 6284//6284 6273//6273
f 5904//5904 5917//5917 5918//5918
f 5904//5904 5918//5918 5905//5905
f 6285//6285 6284//6284 6274//6274
f 6275//6275 6285//6285 6274//6274
f 5905//5905 5918//5918 5919//5919
f 5905//5905 5919//5919 5906//5906
f 6286//6286 6285//6285 6275//6275
f 6276//6276 6286//6286 6275//6275
f 5906//5906 5919//5919 5920//5920
f 5906//5906 5920//5920 5907//5907
f 6287//6287 6286//6286 6276//6276
f 6277//6277 6287//6287 6276//6276
f 5907//5907 5920//5920 5921//5921
f 5907//5907 5921//5921 5908//5908
f 5921//5921 6287//6287 6277//6277
f 6278//6278 5921//5921 6277//6277
f 5908//5908 5921//5921 5922//5922
f 5908//5908 5922//5922 5909//5909
f 5922//5922 5921//5921 6278//6278
f 5909//5909 5922//5922 6278//6278
f 5911//5911 5923//5923 5924//5924
f 5911//5911 5924//5924 5912//5912
f 5924//5924 5923//5923 5911//5911
f 6279//6279 5924//5924 5911//5911
f 5912//5912 5924//5924 5925//5925
f 5912//5912 5925//5925 5913//5913
f 6288//6288 5924//5924 6279//6279
f 6280//6280 6288//6288 6279//6279
f 5913//5913 5925//5925 5926//5926
f 5913//5913 5926//5926 5914//5914
f 6289//6289 6288//6288 6280//6280
f 6281//6281 6289//6289 6280//6280
f 5914//5914 5926//5926 5927//5927
f 5914//5914 5927//5927 5915//5915
f 6290//6290 6289//6289 6281//6281
f 6282//6282 6290//6290 6281//6281
f 5915//5915 5927//5927 5928//5928
f 5915//5915 5928//5928 5916//5916
f 6291//6291 6290//6290 6282//6282
f 6283//6283 6291//6291 6282//6282
f 5916//5916 5928//5928 5929//5929
f 5916//5916 5929//5929 5917//5917
f 6292//6292 6291//6291 6283//6283
f 6284//6284 6292//6292 6283//6283
f 5917//5917 5929//5929 5930//5930
f 5917//5917 5930//5930 5918//5918
f 6293//6293 6292//6292 6284//6284
f 6285//6285 6293//6293 6284//6284
f 5918//5918 5930//5930 5931//5931
f 5918//5918 5931//5931 5919//5919
f 6294//6294 6293//6293 6285//6285
f 6286//6286 6294//6294 6285//6285
f 5919//5919 5931//5931 5932//5932
f 5919//5919 5932//5932 5920//5920
f 6295//6295 6294//6294 6286//6286
f 6287//6287 6295//6295 6286//6286
f 5920//5920 5932//5932 5933//5933
f 5920//5920 5933//5933 5921//5921
f 5933//5933 6295//6295 6287//6287
f 5921//5921 5933//5933 6287//6287
f 5924//5924 5934//5934 5935//5935
f 5924//5924 5935//5935 5925//5925
f 6296//6296 5934//5934 5924//5924
f 6288//6288 6296//6296 5924//5924
f 5925//5925 5935//5935 5936//5936
f 5925//5925 5936//5936 5926//5926
f 6297//6297 6296//6296 6288//6288
f 6289//6289 6297//6297 6288//6288
f 5926//5926 5936//5936 5937//5937
f 5926//5926 5937//5937 5927//5927
f 6298//6298 6297//6297 6289//6289
f 6290//6290 6298//6298 6289//6289
f 5927//5927 5937//5937 5938//5938
f 5927//5927 5938//5938 5928//5928
f 6299//6299 6298//6298 6290//6290
f 6291//6291 6299//6299 6290//6290
f 5928//5928 5938//5938 5939//5939
f 5928//5928 5939//5939 5929//5929
f 6300//6300 6299//6299 6291//6291
f 6292//6292 6300//6300 6291//6291
f 5929//5929 5939//5939 5940//5940
f 5929//5929 5940//5940 5930//5930
f 6301//6301 6300//6300 6292//6292
f 6293//6293 6301//6301 6292//6292
f 5930//5930 5940//5940 5941//5941
f 5930//5930 5941//5941 5931//5931
f 6302//6302 6301//6301 6293//6293
f 6294//6294 6302//6302 6293//6293
f 5931//5931 5941//5941 5942//5942
f 5931//5931 5942//5942 5932//5932
f 5942//5942 6302//6302 6294//6294
f 6295//6295 5942//5942 6294//6294
f 5932//5932 5942//5942 5943//5943
f 5932//5932 5943//5943 5933//5933
f 5943//5943 5942//5942 6295//6295
f 5933//5933 5943//5943 6295//6295
f 5934//5934 5944//5944 5945//5945
f 5934//5934 5945//5945 5935//5935
f 5945//5945 5944//5944 5934//5934
f 6296//6296 5945//5945 5934//5934
f 5935//5935 5945//5945 5946//5946
f 5935//5935 5946//5946 5936//5936
f 6303//6303 5945//5945 6296//6296
f 6297//6297 6303//6303 6296//6296
f 5936//5936 5946//5946 5947//5947
f 5936//5936 5947//5947 5937//5937
f 6304//6304 6303//6303 6297//6297
f 6298//6298 6304//6304 6297//6297
f 5937//5937 5947//5947 5948//5948
f 5937//5937 5948//5948 5938//5938
f 6305//6305 6304//6304 6298//6298
f 6299//6299 6305//6305 6298//6298
f 5938//5938 5948//5948 5949//5949
f 5938//5938 5949//5949 5939//5939
f 6306//6306 6305//6305 6299//6299
f 6300//6300 6306//6306 6299//6299
f 5939//5939 5949//5949 5950//5950
f 5939//5939 5950//5950 5940//5940
f 6307//6307 6306//6306 6300//6300
f 6301//6301 6307//6307 6300//6300
f 5940//5940 5950//5950 5951//5951
f 5940//5940 5951//5951 5941//5941
f 5951//5951 6307//6307 6301//6301
f 6302//6302 5951//5951 6301//6301
f 5941//5941 5951//5951 5952//5952
f 5941//5941 5952//5952 5942//5942
f 5952//5952 5951//5951 6302//6302
f 5942//5942 5952//5952 6302//6302
f 5945//5945 5953//5953 5954//5954
f 5945//5945 5954//5954 5946//5946
f 6308//6308 5953//5953 5945//5945
f 6303//6303 6308//6308 5945//5945
f 5946//5946 5954//5954 5955//5955
f 5946//5946 5955//5955 5947//5947
f 6309//6309 6308//6308 6303//6303
f 6304//6304 6309//6309 6303//6303
f 5947//5947 5955//5955 5956//5956
f 5947//5947 5956//5956 5948//5948
f 6310//6310 6309//6309 6304//6304
f 6305//6305 6310//6310 6304//6304
f 5948//5948 5956//5956 5957//5957
f 5948//5948 5957//5957 5949//5949
f 6311//6311 6310//6310 6305//6305
f 6306//6306 6311//6311 6305//6305
f 5949//5949 5957//5957 5958//5958
f 5949//5949 5958//5958 5950//5950
f 6312//6312 6311//6311 6306//6306
f 6307//6307 6312//6312 6306//6306
f 5950//5950 5958//5958 5959//5959
f 5950//5950 5959//5959 5951//5951
f 5959//5959 6312//6312 6307//6307
f 5951//5951 5959//5959 6307//6307
f 5953//5953 5960//5960 5961//5961
f 5953//5953 5961//5961 5954//5954
f 6313//6313 5960//5960 5953//5953
f 6308//6308 6313//6313 5953//5953
f 5954//5954 5961//5961 5962//5962
f 5954//5954 5962//5962 5955//5955
f 6314//6314 6313//6313 6308//6308
f 6309//6309 6314//6314 6308//6308
f 5955//5955 5962//5962 5963//5963
f 5955//5955 5963//5963 5956//5956
f 6315//6315 6314//6314 6309//6309
f 6310//6310 6315//6315 6309//6309
f 5956//5956 5963//5963 5964//5964
f 5956//5956 5964//5964 5957//5957
f 6316//6316 6315//6315 6310//6310
f 6311//6311 6316//6316 6310//6310
f 5957//5957 5964//5964 5965//5965
f 5957//5957 5965//5965 5958//5958
f 6317//6317 6316//6316 6311//6311
f 6312//6312 6317//6317 6311//6311
f 5958//5958 5965//5965 5966//5966
f 5958//5958 5966//5966 5959//5959
f 5966//5966 6317//6317 6312//6312
f 5959//5959 5966//5966 6312//6312
f 5960//5960 5968//5968 5969//5969
f 5960//5960 5969//5969 5961//5961
f 6318//6318 5968//5968 5960//5960
f 6313//6313 6318//6318 5960//5960
f 5961//5961 5969//5969 5970//5970
f 5961//5961 5970//5970 5962//5962
f 6319//6319 6318//6318 6313//6313
f 6314//6314 6319//6319 6313//6313
f 5962//5962 5970//5970 5971//5971
f 5962//5962 5971//5971 5963//5963
f 6320//6320 6319//6319 6314//6314
f 6315//6315 6320//6320 6314//6314
f 5963//5963 5971//5971 5972//5972
f 5963//5963 5972//5972 5964//5964
f 6321//6321 6320//6320 6315//6315
f 6316//6316 6321//6321 6315//6315
f 5964//5964 5972//5972 5973//5973
f 5964//5964 5973//5973 5965//5965
f 6322//6322 6321//6321 6316//6316
f 6317//6317 6322//6322 6316//6316
f 5965//5965 5973//5973 5974//5974
f 5965//5965 5974//5974 5966//5966
f 5974//5974 6322//6322 6317//6317
f 5966//5966 5974//5974 6317//6317
f 5967//5967 5976//5976 5977//5977
f 5967//5967 5977//5977 5968//5968
f 6323//6323 5976//5976 5967//5967
f 5968//5968 6323//6323 5967//5967
f 5968//5968 5977//5977 5978//5978
f 5968//5968 5978//5978 5969//5969
f 6324//6324 6323//6323 5968//5968
f 6318//6318 6324//6324 5968//5968
f 5969//5969 5978//5978 5979//5979
f 5969//5969 5979//5979 5970//5970
f 6325//6325 6324//6324 6318//6318
f 6319//6319 6325//6325 6318//6318
f 5970//5970 5979//5979 5980//5980
f 5970//5970 5980//5980 5971//5971
f 6326//6326 6325//6325 6319//6319
f 6320//6320 6326//6326 6319//6319
f 5971//5971 5980//5980 5981//5981
f 5971//5971 5981//5981 5972//5972
f 6327//6327 6326//6326 6320//6320
f 6321//6321 6327//6327 6320//6320
f 5972//5972 5981//5981 5982//5982
f 5972//5972 5982//5982 5973//5973
f 6328//6328 6327//6327 6321//6321
f 6322//6322 6328//6328 6321//6321
f 5973//5973 5982//5982 5983//5983
f 5973//5973 5983//5983 5974//5974
f 6329//6329 6328//6328 6322//6322
f 5974//5974 6329//6329 6322//6322
f 5974//5974 5983//5983 5984//5984
f 5974//5974 5984//5984 5975//5975
f 5984//5984 6329//6329 5974//5974
f 5975//5975 5984//5984 5974//5974
f 5976//5976 5986//5986 5987//5987
f 5976//5976 5987//5987 5977//5977
f 6330//6330 5986//5986 5976//5976
f 6323//6323 6330//6330 5976//5976
f 5977//5977 5987//5987 5988//5988
f 5977//5977 5988//5988 5978//5978
f 6331//6331 6330//6330 6323//6323
f 6324//6324 6331//6331 6323//6323
f 5978//5978 5988//5988 5989//5989
f 5978//5978 5989//5989 5979//5979
f 6332//6332 6331//6331 6324//6324
f 6325//6325 6332//6332 6324//6324
f 5979//5979 5989//5989 5990//5990
f 5979//5979 5990//5990 5980//5980
f 6333//6333 6332//6332 6325//6325
f 6326//6326 6333//6333 6325//6325
f 5980//5980 5990//5990 5991//5991
f 5980//5980 5991//5991 5981//5981
f 6334//6334 6333//6333 6326//6326
f 6327//6327 6334//6334 6326//6326
f 5981//5981 5991//5991 5992//5992
f 5981//5981 5992//5992 5982//5982
f 6335//6335 6334//6334 6327//6327
f 6328//6328 6335//6335 6327//6327
f 5982//5982 5992//5992 5993//5993
f 5982//5982 5993//5993 5983//5983
f 6336//6336 6335//6335 6328//6328
f 6329//6329 6336//6336 6328//6328
f 5983//5983 5993//5993 5994//5994
f 5983//5983 5994//5994 5984//5984
f 5994//5994 6336//6336 6329//6329
f 5984//5984 5994//5994 6329//6329
f 5985//5985 5997//5997 5998//5998
f 5985//5985 5998//5998 5986//5986
f 6337//6337 5997//5997 5985//5985
f 5986//5986 6337//6337 5985//5985
f 5986//5986 5998//5998 5999//5999
f 5986//5986 5999//5999 5987//5987
f 6338//6338 6337//6337 5986//5986
f 6330//6330 6338//6338 5986//5986
f 5987//5987 5999//5999 6000//6000
f 5987//5987 6000//6000 5988//5988
f 6339//6339 6338//6338 6330//6330
f 6331//6331 6339//6339 6330//6330
f 5988//5988 6000//6000 6001//6001
f 5988//5988 6001//6001 5989//5989
f 6340//6340 6339//6339 6331//6331
f 6332//6332 6340//6340 6331//6331
f 5989//5989 6001//6001 6002//6002
f 5989//5989 6002//6002 5990//5990
f 6341//6341 6340//6340 6332//6332
f 6333//6333 6341//6341 6332//6332
f 5990//5990 6002//6002 6003//6003
f 5990//5990 6003//6003 5991//5991
f 6342//6342 6341//6341 6333//6333
f 6334//6334 6342//6342 6333//6333
f 5991//5991 6003//6003 6004//6004
f 5991//5991 6004//6004 5992//5992
f 6343//6343 6342//6342 6334//6334
f 6335//6335 6343//6343 6334//6334
f 5992//5992 6004//6004 6005//6005
f 5992//5992 6005//6005 5993//5993
f 6344//6344 6343//6343 6335//6335
f 6336//6336 6344//6344 6335//6335
f 5993//5993 6005//6005 6006//6006
f 5993//5993 6006//6006 5994//5994
f 6345//6345 6344//6344 6336//6336
f 5994//5994 6345//6345 6336//6336
f 5994//5994 6006//6006 6007//6007
f 5994//5994 6007//6007 5995//5995
f 6007//6007 6345//6345 5994//5994
f 5995//5995 6007//6007 5994//5994
f 5996//5996 6009//6009 6010//6010
f 5996//5996 6010//6010 5997//5997
f 6346//6346 6009//6009 5996//5996
f 5997//5997 6346//6346 5996//5996
f 5997//5997 6010//6010 6011//6011
f 5997//5997 6011//6011 5998//5998
f 6347//6347 6346//6346 5997//5997
f 6337//6337 6347//6347 5997//5997
f 5998//5998 6011//6011 6012//6012
f 5998//5998 6012//6012 5999//5999
f 6348//6348 6347//6347 6337//6337
f 6338//6338 6348//6348 6337//6337
f 5999//5999 6012//6012 6013//6013
f 5999//5999 6013//6013 6000//6000
f 6349//6349 6348//6348 6338//6338
f 6339//6339 6349//6349 6338//6338
f 6000//6000 6013//6013 6014//6014
f 6000//6000 6014//6014 6001//6001
f 6350//6350 6349//6349 6339//6339
f 6340//6340 6350//6350 6339//6339
f 6001//6001 6014//6014 6015//6015
f 6001//6001 6015//6015 6002//6002
f 6351//6351 6350//6350 6340//6340
f 6341//6341 6351//6351 6340//6340
f 6002//6002 6015//6015 6016//6016
f 6002//6002 6016//6016 6003//6003
f 6352//6352 6351//6351 6341//6341
f 6342//6342 6352//6352 6341//6341
f 6003//6003 6016//6016 6017//6017
f 6003//6003 6017//6017 6004//6004
f 6353//6353 6352//6352 6342//6342
f 6343//6343 6353//6353 6342//6342
f 6004//6004 6017//6017 6018//6018
f 6004//6004 6018//6018 6005//6005
f 6354//6354 6353//6353 6343//6343
f 6344//6344 6354//6354 6343//6343
f 6005//6005 6018//6018 6019//6019
f 6005//6005 6019//6019 6006//6006
f 6355//6355 6354//6354 6344//6344
f 6345//6345 6355//6355 6344//6344
f 6006//6006 6019//6019 6020//6020
f 6006//6006 6020//6020 6007//6007
f 6356//6356 6355//6355 6345//6345
f 6007//6007 6356//6356 6345//6345
f 6007//6007 6020//6020 6021//6021
f 6007//6007 6021//6021 6008//6008
f 6021//6021 6356//6356 6007//6007
f 6008//6008 6021//6021 6007//6007
f 6009//6009 6022//6022 6023//6023
f 6009//6009 6023//6023 6010//6010
f 6357//6357 6022//6022 6009//6009
f 6346//6346 6357//6357 6009//6009
f 6010//6010 6023//6023 6024//6024
f 6010//6010 6024//6024 6011//6011
f 6358//6358 6357//6357 6346//6346
f 6347//6347 6358//6358 6346//6346
f 6011//6011 6024//6024 6025//6025
f 6011//6011 6025//6025 6012//6012
f 6359//6359 6358//6358 6347//6347
f 6348//6348 6359//6359 6347//6347
f 6012//6012 6025//6025 6026//6026
f 6012//6012 6026//6026 6013//6013
f 6360//6360 6359//6359 6348//6348
f 6349//6349 6360//6360 6348//6348
f 6013//6013 6026//6026 6027//6027
f 6013//6013 6027//6027 6014//6014
f 6361//6361 6360//6360 6349//6349
f 6350//6350 6361//6361 6349//6349
f 6014//6014 6027//6027 6028//6028
f 6014//6014 6028//6028 6015//6015
f 6362//6362 6361//6361 6350//6350
f 6351//6351 6362//6362 6350//6350
f 6015//6015 6028//6028 6029//6029
f 6015//6015 6029//6029 6016//6016
f 6363//6363 6362//6362 6351//6351
f 6352//6352 6363//6363 6351//6351
f 6016//6016 6029//6029 6030//6030
f 6016//6016 6030//6030 6017//6017
f 6364//6364 6363//6363 6352//6352
f 6353//6353 6364//6364 6352//6352
f 6017//6017 6030//6030 6031//6031
f 6017//6017 6031//6031 6018//6018
f 6365//6365 6364//6364 6353//6353
f 6354//6354 6365//6365 6353//6353
f 6018//6018 6031//6031 6032//6032
f 6018//6018 6032//6032 6019//6019
f 6366//6366 6365//6365 6354//6354
f 6355//6355 6366//6366 6354//6354
f 6019//6019 6032//6032 6033//6033
f 6019//6019 6033//6033 6020//6020
f 6367//6367 6366//6366 6355//6355
f 6356//6356 6367//6367 6355//6355
f 6020//6020 6033//6033 6034//6034
f 6020//6020 6034//6034 6021//6021
f 6034//6034 6367//6367 6356//6356
f 6021//6021 6034//6034 6356//6356
f 6022//6022 6035//6035 6036//6036
f 6022//6022 6036//6036 6023//6023
f 6368//6368 6035//6035 6022//6022
f 6357//6357 6368//6368 6022//6022
f 6023//6023 6036//6036 6037//6037
f 6023//6023 6037//6037 6024//6024
f 6369//6369 6368//6368 6357//6357
f 6358//6358 6369//6369 6357//6357
f 6024//6024 6037//6037 6038//6038
f 6024//6024 6038//6038 6025//6025
f 6370//6370 6369//6369 6358//6358
f 6359//6359 6370//6370 6358//6358
f 6025//6025 6038//6038 6039//6039
f 6025//6025 6039//6039 6026//6026
f 6371//6371 6370//6370 6359//6359
f 6360//6360 6371//6371 6359//6359
f 6026//6026 6039//6039 6040//6040
f 6026//6026 6040//6040 6027//6027
f 6372//6372 6371//6371 6360//6360
f 6361//6361 6372//6372 6360//6360
f 6027//6027 6040//6040 6041//6041
f 6027//6027 6041//6041 6028//6028
f 6373//6373 6372//6372 6361//6361
f 6362//6362 6373//6373 6361//6361
f 6028//6028 6041//6041 6042//6042
f 6028//6028 6042//6042 6029//6029
f 6374//6374 6373//6373 6362//6362
f 6363//6363 6374//6374 6362//6362
f 6029//6029 6042//6042 6043//6043
f 6029//6029 6043//6043 6030//6030
f 6375//6375 6374//6374 6363//6363
f 6364//6364 6375//6375 6363//6363
f 6030//6030 6043//6043 6044//6044
f 6030//6030 6044//6044 6031//6031
f 6376//6376 6375//6375 6364//6364
f 6365//6365 6376//6376 6364//6364
f 6031//6031 6044//6044 6045//6045
f 6031//6031 6045//6045 6032//6032
f 6377//6377 6376//6376 6365//6365
f 6366//6366 6377//6377 6365//6365
f 6032//6032 6045//6045 6046//6046
f 6032//6032 6046//6046 6033//6033
f 6378//6378 6377//6377 6366//6366
f 6367//6367 6378//6378 6366//6366
f 6033//6033 6046//6046 6047//6047
f 6033//6033 6047//6047 6034//6034
f 6047//6047 6378//6378 6367//6367
f 6034//6034 6047//6047 6367//6367
f 6035//6035 6048//6048 6049//6049
f 6035//6035 6049//6049 6036//6036
f 6049//6049 6048//6048 6035//6035
f 6368//6368 6049//6049 6035//6035
f 6036//6036 6049//6049 6050//6050
f 6036//6036 6050//6050 6037//6037
f 6379//6379 6049//6049 6368//6368
f 6369//6369 6379//6379 6368//6368
f 6037//6037 6050//6050 6051//6051
f 6037//6037 6051//6051 6038//6038
f 6380//6380 6379//6379 6369//6369
f 6370//6370 6380//6380 6369//6369
f 6038//6038 6051//6051 6052//6052
f 6038//6038 6052//6052 6039//6039
f 6381//6381 6380//6380 6370//6370
f 6371//6371 6381//6381 6370//6370
f 6039//6039 6052//6052 6053//6053
f 6039//6039 6053//6053 6040//6040
f 6382//6382 6381//6381 6371//6371
f 6372//6372 6382//6382 6371//6371
f 6040//6040 6053//6053 6054//6054
f 6040//6040 6054//6054 6041//6041
f 6383//6383 6382//6382 6372//6372
f 6373//6373 6383//6383 6372//6372
f 6041//6041 6054//6054 6055//6055
f 6041//6041 6055//6055 6042//6042
f 6384//6384 6383//6383 6373//6373
f 6374//6374 6384//6384 6373//6373
f 6042//6042 6055//6055 6056//6056
f 6042//6042 6056//6056 6043//6043
f 6385//6385 6384//6384 6374//6374
f 6375//6375 6385//6385 6374//6374
f 6043//6043 6056//6056 6057//6057
f 6043//6043 6057//6057 6044//6044
f 6386//6386 6385//6385 6375//6375
f 6376//6376 6386//6386 6375//6375
f 6044//6044 6057//6057 6058//6058
f 6044//6044 6058//6058 6045//6045
f 6387//6387 6386//6386 6376//6376
f 6377//6377 6387//6387 6376//6376
f 6045//6045 6058//6058 6059//6059
f 6045//6045 6059//6059 6046//6046
f 6059//6059 6387//6387 6377//6377
f 6378//6378 6059//6059 6377//6377
f 6046//6046 6059//6059 6060//6060
f 6046//6046 6060//6060 6047//6047
f 6060//6060 6059//6059 6378//6378
f 6047//6047 6060//6060 6378//6378
f 6049//6049 6061//6061 6062//6062
f 6049//6049 6062//6062 6050//6050
f 6062//6062 6061//6061 6049//6049
f 6379//6379 6062//6062 6049//6049
f 6050//6050 6062//6062 6063//6063
f 6050//6050 6063//6063 6051//6051
f 6388//6388 6062//6062 6379//6379
f 6380//6380 6388//6388 6379//6379
f 6051//6051 6063//6063 6064//6064
f 6051//6051 6064//6064 6052//6052
f 6389//6389 6388//6388 6380//6380
f 6381//6381 6389//6389 6380//6380
f 6052//6052 6064//6064 6065//6065
f 6052//6052 6065//6065 6053//6053
f 6390//6390 6389//6389 6381//6381
f 6382//6382 6390//6390 6381//6381
f 6053//6053 6065//6065 6066//6066
f 6053//6053 6066//6066 6054//6054
f 6391//6391 6390//6390 6382//6382
f 6383//6383 6391//6391 6382//6382
f 6054//6054 6066//6066 6067//6067
f 6054//6054 6067//6067 6055//6055
f 6392//6392 6391//6391 6383//6383
f 6384//6384 6392//6392 6383//6383
f 6055//6055 6067//6067 6068//6068
f 6055//6055 6068//6068 6056//6056
f 6393//6393 6392//6392 6384//6384
f 6385//6385 6393//6393 6384//6384
f 6056//6056 6068//6068 6069//6069
f 6056//6056 6069//6069 6057//6057
f 6394//6394 6393//6393 6385//6385
f 6386//6386 6394//6394 6385//6385
f 6057//6057 6069//6069 6070//6070
f 6057//6057 6070//6070 6058//6058
f 6070//6070 6394//6394 6386//6386
f 6387//6387 6070//6070 6386//6386
f 6058//6058 6070//6070 6071//6071
f 6058//6058 6071//6071 6059//6059
f 6071//6071 6070//6070 6387//6387
f 6059//6059 6071//6071 6387//6387
f 6062//6062 6072//6072 6073//6073
f 6062//6062 6073//6073 6063//6063
f 6395//6395 6072//6072 6062//6062
f 6388//6388 6395//6395 6062//6062
f 6063//6063 6073//6073 6074//6074
f 6063//6063 6074//6074 6064//6064
f 6396//6396 6395//6395 6388//6388
f 6389//6389 6396//6396 6388//6388
f 6064//6064 6074//6074 6075//6075
f 6064//6064 6075//6075 6065//6065
f 6397//6397 6396//6396 6389//6389
f 6390//6390 6397//6397 6389//6389
f 6065//6065 6075//6075 6076//6076
f 6065//6065 6076//6076 6066//6066
f 6398//6398 6397//6397 6390//6390
f 6391//6391 6398//6398 6390//6390
f 6066//6066 6076//6076 6077//6077
f 6066//6066 6077//6077 6067//6067
f 6399//6399 6398//6398 6391//6391
f 6392//6392 6399//6399 6391//6391
f 6067//6067 6077//6077 6078//6078
f 6067//6067 6078//6078 6068//6068
f 6400//6400 6399//6399 6392//6392
f 6393//6393 6400//6400 6392//6392
f 6068//6068 6078//6078 6079//6079
f 6068//6068 6079//6079 6069//6069
f 6079//6079 6400//6400 6393//6393
f 6394//6394 6079//6079 6393//6393
f 6069//6069 6079//6079 6080//6080
f 6069//6069 6080//6080 6070//6070
f 6080//6080 6079//6079 6394//6394
f 6070//6070 6080//6080 6394//6394
f 6072//6072 6081//6081 6082//6082
f 6072//6072 6082//6082 6073//6073
f 6082//6082 6081//6081 6072//6072
f 6395//6395 6082//6082 6072//6072
f 6073//6073 6082//6082 6083//6083
f 6073//6073 6083//6083 6074//6074
f 6401//6401 6082//6082 6395//6395
f 6396//6396 6401//6401 6395//6395
f 6074//6074 6083//6083 6084//6084
f 6074//6074 6084//6084 6075//6075
f 6402//6402 6401//6401 6396//6396
f 6397//6397 6402//6402 6396//6396
f 6075//6075 6084//6084 6085//6085
f 6075//6075 6085//6085 6076//6076
f 6403//6403 6402//6402 6397//6397
f 6398//6398 6403//6403 6397//6397
f 6076//6076 6085//6085 6086//6086
f 6076//6076 6086//6086 6077//6077
f 6404//6404 6403//6403 6398//6398
f 6399//6399 6404//6404 6398//6398
f 6077//6077 6086//6086 6087//6087
f 6077//6077 6087//6087 6078//6078
f 6405//6405 6404//6404 6399//6399
f 6400//6400 6405//6405 6399//6399
f 6078//6078 6087//6087 6088//6088
f 6078//6078 6088//6088 6079//6079
f 6088//6088 6405//6405 6400//6400
f 6079//6079 6088//6088 6400//6400
f 6082//6082 6089//6089 6090//6090
f 6082//6082 6090//6090 6083//6083
f 6406//6406 6089//6089 6082//6082
f 6401//6401 6406//6406 6082//6082
f 6083//6083 6090//6090 6091//6091
f 6083//6083 6091//6091 6084//6084
f 6407//6407 6406//6406 6401//6401
f 6402//6402 6407//6407 6401//6401
f 6084//6084 6091//6091 6092//6092
f 6084//6084 6092//6092 6085//6085
f 6408//6408 6407//6407 6402//6402
f 6403//6403 6408//6408 6402//6402
f 6085//6085 6092//6092 6093//6093
f 6085//6085 6093//6093 6086//6086
f 6409//6409 6408//6408 6403//6403
f 6404//6404 6409//6409 6403//6403
f 6086//6086 6093//6093 6094//6094
f 6086//6086 6094//6094 6087//6087
f 6410//6410 6409//6409 6404//6404
f 6405//6405 6410//6410 6404//6404
f 6087//6087 6094//6094 6095//6095
f 6087//6087 6095//6095 6088//6088
f 6095//6095 6410//6410 6405//6405
f 6088//6088 6095//6095 6405//6405
f 6089//6089 6096//6096 6097//6097
f 6089//6089 6097//6097 6090//6090
f 6411//6411 6096//6096 6089//6089
f 6406//6406 6411//6411 6089//6089
f 6090//6090 6097//6097 6098//6098
f 6090//6090 6098//6098 6091//6091
f 6412//6412 6411//6411 6406//6406
f 6407//6407 6412//6412 6406//6406
f 6091//6091 6098//6098 6099//6099
f 6091//6091 6099//6099 6092//6092
f 6413//6413 6412//6412 6407//6407
f 6408//6408 6413//6413 6407//6407
f 6092//6092 6099//6099 6100//6100
f 6092//6092 6100//6100 6093//6093
f 6414//6414 6413//6413 6408//6408
f 6409//6409 6414//6414 6408//6408
f 6093//6093 6100//6100 6101//6101
f 6093//6093 6101//6101 6094//6094
f 6415//6415 6414//6414 6409//6409
f 6410//6410 6415//6415 6409//6409
f 6094//6094 6101//6101 6102//6102
f 6094//6094 6102//6102 6095//6095
f 6102//6102 6415//6415 6410//6410
f 6095//6095 6102//6102 6410//6410
f 6096//6096 6104//6104 6105//6105
f 6096//6096 6105//6105 6097//6097
f 6416//6416 6104//6104 6096//6096
f 6411//6411 6416//6416 6096//6096
f 6097//6097 6105//6105 6106//6106
f 6097//6097 6106//6106 6098//6098
f 6417//6417 6416//6416 6411//6411
f 6412//6412 6417//6417 6411//6411
f 6098//6098 6106//6106 6107//6107
f 6098//6098 6107//6107 6099//6099
f 6418//6418 6417//6417 6412//6412
f 6413//6413 6418//6418 6412//6412
f 6099//6099 6107//6107 6108//6108
f 6099//6099 6108//6108 6100//6100
f 6419//6419 6418//6418 6413//6413
f 6414//6414 6419//6419 6413//6413
f 6100//6100 6108//6108 6109//6109
f 6100//6100 6109//6109 6101//6101
f 6420//6420 6419//6419 6414//6414
f 6415//6415 6420//6420 6414//6414
f 6101//6101 6109//6109 6110//6110
f 6101//6101 6110//6110 6102//6102
f 6110//6110 6420//6420 6415//6415
f 6102//6102 6110//6110 6415//6415
f 6103//6103 6112//6112 6113//6113
f 6103//6103 6113//6113 6104//6104
f 6421//6421 6112//6112 6103//6103
f 6104//6104 6421//6421 6103//6103
f 6104//6104 6113//6113 6114//6114
f 6104//6104 6114//6114 6105//6105
f 6422//6422 6421//6421 6104//6104
f 6416//6416 6422//6422 6104//6104
f 6105//6105 6114//6114 6115//6115
f 6105//6105 6115//6115 6106//6106
f 6423//6423 6422//6422 6416//6416
f 6417//6417 6423//6423 6416//6416
f 6106//6106 6115//6115 6116//6116
f 6106//6106 6116//6116 6107//6107
f 6424//6424 6423//6423 6417//6417
f 6418//6418 6424//6424 6417//6417
f 6107//6107 6116//6116 6117//6117
f 6107//6107 6117//6117 6108//6108
f 6425//6425 6424//6424 6418//6418
f 6419//6419 6425//6425 6418//6418
f 6108//6108 6117//6117 6118//6118
f 6108//6108 6118//6118 6109//6109
f 6426//6426 6425//6425 6419//6419
f 6420//6420 6426//6426 6419//6419
f 6109//6109 6118//6118 6119//6119
f 6109//6109 6119//6119 6110//6110
f 6427//6427 6426//6426 6420//6420
f 6110//6110 6427//6427 6420//6420
f 6110//6110 6119//6119 6120//6120
f 6110//6110 6120//6120 6111//6111
f 6120//6120 6427//6427 6110//6110
f 6111//6111 6120//6120 6110//6110
f 6112//6112 6122//6122 6123//6123
f 6112//6112 6123//6123 6113//6113
f 6428//6428 6122//6122 6112//6112
f 6421//6421 6428//6428 6112//6112
f 6113//6113 6123//6123 6124//6124
f 6113//6113 6124//6124 6114//6114
f 6429//6429 6428//6428 6421//6421
f 6422//6422 6429//6429 6421//6421
f 6114//6114 6124//6124 6125//6125
f 6114//6114 6125//6125 6115//6115
f 6430//6430 6429//6429 6422//6422
f 6423//6423 6430//6430 6422//6422
f 6115//6115 6125//6125 6126//6126
f 6115//6115 6126//6126 6116//6116
f 6431//6431 6430//6430 6423//6423
f 6424//6424 6431//6431 6423//6423
f 6116//6116 6126//6126 6127//6127
f 6116//6116 6127//6127 6117//6117
f 6432//6432 6431//6431 6424//6424
f 6425//6425 6432//6432 6424//6424
f 6117//6117 6127//6127 6128//6128
f 6117//6117 6128//6128 6118//6118
f 6433//6433 6432//6432 6425//6425
f 6426//6426 6433//6433 6425//6425
f 6118//6118 6128//6128 6129//6129
f 6118//6118 6129//6129 6119//6119
f 6434//6434 6433//6433 6426//6426
f 6427//6427 6434//6434 6426//6426
f 6119//6119 6129//6129 6130//6130
f 6119//6119 6130//6130 6120//6120
f 6130//6130 6434//6434 6427//6427
f 6120//6120 6130//6130 6427//6427
f 6121//6121 6133//6133 6134//6134
f 6121//6121 6134//6134 6122//6122
f 6435//6435 6133//6133 6121//6121
f 6122//6122 6435//6435 6121//6121
f 6122//6122 6134//6134 6135//6135
f 6122//6122 6135//6135 6123//6123
f 6436//6436 6435//6435 6122//6122
f 6428//6428 6436//6436 6122//6122
f 6123//6123 6135//6135 6136//6136
f 6123//6123 6136//6136 6124//6124
f 6437//6437 6436//6436 6428//6428
f 6429//6429 6437//6437 6428//6428
f 6124//6124 6136//6136 6137//6137
f 6124//6124 6137//6137 6125//6125
f 6438//6438 6437//6437 6429//6429
f 6430//6430 6438//6438 6429//6429
f 6125//6125 6137//6137 6138//6138
f 6125//6125 6138//6138 6126//6126
f 6439//6439 6438//6438 6430//6430
f 6431//6431 6439//6439 6430//6430
f 6126//6126 6138//6138 6139//6139
f 6126//6126 6139//6139 6127//6127
f 6440//6440 6439//6439 6431//6431
f 6432//6432 6440//6440 6431//6431
f 6127//6127 6139//6139 6140//6140
f 6127//6127 6140//6140 6128//6128
f 6441//6441 6440//6440 6432//6432
f 6433//6433 6441//6441 6432//6432
f 6128//6128 6140//6140 6141//6141
f 6128//6128 6141//6141 6129//6129
f 6442//6442 6441//6441 6433//6433
f 6434//6434 6442//6442 6433//6433
f 6129//6129 6141//6141 6142//6142
f 6129//6129 6142//6142 6130//6130
f 6443//6443 6442//6442 6434//6434
f 6130//6130 6443//6443 6434//6434
f 6130//6130 6142//6142 6143//6143
f 6130//6130 6143//6143 6131//6131
f 6143//6143 6443//6443 6130//6130
f 6131//6131 6143//6143 6130//6130
f 6132//6132 6145//6145 6146//6146
f 6132//6132 6146//6146 6133//6133
f 6444//6444 6145//6145 6132//6132
f 6133//6133 6444//6444 6132//6132
f 6133//6133 6146//6146 6147//6147
f 6133//6133 6147//6147 6134//6134
f 6445//6445 6444//6444 6133//6133
f 6435//6435 6445//6445 6133//6133
f 6134//6134 6147//6147 6148//6148
f 6134//6134 6148//6148 6135//6135
f 6446//6446 6445//6445 6435//6435
f 6436//6436 6446//6446 6435//6435
f 6135//6135 6148//6148 6149//6149
f 6135//6135 6149//6149 6136//6136
f 6447//6447 6446//6446 6436//6436
f 6437//6437 6447//6447 6436//6436
f 6136//6136 6149//6149 6150//6150
f 6136//6136 6150//6150 6137//6137
f 6448//6448 6447//6447 6437//6437
f 6438//6438 6448//6448 6437//6437
f 6137//6137 6150//6150 6151//6151
f 6137//6137 6151//6151 6138//6138
f 6449//6449 6448//6448 6438//6438
f 6439//6439 6449//6449 6438//6438
f 6138//6138 6151//6151 6152//6152
f 6138//6138 6152//6152 6139//6139
f 6450//6450 6449//6449 6439//6439
f 6440//6440 6450//6450 6439//6439
f 6139//6139 6152//6152 6153//6153
f 6139//6139 6153//6153 6140//6140
f 6451//6451 6450//6450 6440//6440
f 6441//6441 6451//6451 6440//6440
f 6140//6140 6153//6153 6154//6154
f 6140//6140 6154//6154 6141//6141
f 6452//6452 6451//6451 6441//6441
f 6442//6442 6452//6452 6441//6441
f 6141//6141 6154//6154 6155//6155
f 6141//6141 6155//6155 6142//6142
f 6453//6453 6452//6452 6442//6442
f 6443//6443 6453//6453 6442//6442
f 6142//6142 6155//6155 6156//6156
f 6142//6142 6156//6156 6143//6143
f 6454//6454 6453//6453 6443//6443
f 6143//6143 6454//6454 6443//6443
f 6143//6143 6156//6156 6157//6157
f 6143//6143 6157//6157 6144//6144
f 6157//6157 6454//6454 6143//6143
f 6144//6144 6157//6157 6143//6143
f 6145//6145 6158//6158 6159//6159
f 6145//6145 6159//6159 6146//6146
f 6455//6455 6158//6158 6145//6145
f 6444//6444 6455//6455 6145//6145
f 6146//6146 6159//6159 6160//6160
f 6146//6146 6160//6160 6147//6147
f 6456//6456 6455//6455 6444//6444
f 6445//6445 6456//6456 6444//6444
f 6147//6147 6160//6160 6161//6161
f 6147//6147 6161//6161 6148//6148
f 6457//6457 6456//6456 6445//6445
f 6446//6446 6457//6457 6445//6445
f 6148//6148 6161//6161 6162//6162
f 6148//6148 6162//6162 6149//6149
f 6458//6458 6457//6457 6446//6446
f 6447//6447 6458//6458 6446//6446
f 6149//6149 6162//6162 6163//6163
f 6149//6149 6163//6163 6150//6150
f 6459//6459 6458//6458 6447//6447
f 6448//6448 6459//6459 6447//6447
f 6150//6150 6163//6163 6164//6164
f 6150//6150 6164//6164 6151//6151
f 6460//6460 6459//6459 6448//6448
f 6449//6449 6460//6460 6448//6448
f 6151//6151 6164//6164 6165//6165
f 6151//6151 6165//6165 6152//6152
f 6461//6461 6460//6460 6449//6449
f 6450//6450 6461//6461 6449//6449
f 6152//6152 6165//6165 6166//6166
f 6152//6152 6166//6166 6153//6153
f 6462//6462 6461//6461 6450//6450
f 6451//6451 6462//6462 6450//6450
f 6153//6153 6166//6166 6167//6167
f 6153//6153 6167//6167 6154//6154
f 6463//6463 6462//6462 6451//6451
f 6452//6452 6463//6463 6451//6451
f 6154//6154 6167//6167 6168//6168
f 6154//6154 6168//6168 6155//6155
f 6464//6464 6463//6463 6452//6452
f 6453//6453 6464//6464 6452//6452
f 6155//6155 6168//6168 6169//6169
f 6155//6155 6169//6169 6156//6156
f 6465//6465 6464//6464 6453//6453
f 6454//6454 6465//6465 6453//6453
f 6156//6156 6169//6169 6170//6170
f 6156//6156 6170//6170 6157//6157
f 6170//6170 6465//6465 6454//6454
f 6157//6157 6170//6170 6454//6454
f 6158//6158 6171//6171 6172//6172
f 6158//6158 6172//6172 6159//6159
f 6466//6466 6171//6171 6158//6158
f 6455//6455 6466//6466 6158//6158
f 6159//6159 6172//6172 6173//6173
f 6159//6159 6173//6173 6160//6160
f 6467//6467 6466//6466 6455//6455
f 6456//6456 6467//6467 6455//6455
f 6160//6160 6173//6173 6174//6174
f 6160//6160 6174//6174 6161//6161
f 6468//6468 6467//6467 6456//6456
f 6457//6457 6468//6468 6456//6456
f 6161//6161 6174//6174 6175//6175
f 6161//6161 6175//6175 6162//6162
f 6469//6469 6468//6468 6457//6457
f 6458//6458 6469//6469 6457//6457
f 6162//6162 6175//6175 6176//6176
f 6162//6162 6176//6176 6163//6163
f 6470//6470 6469//6469 6458//6458
f 6459//6459 6470//6470 6458//6458
f 6163//6163 6176//6176 6177//6177
f 6163//6163 6177//6177 6164//6164
f 6471//6471 6470//6470 6459//6459
f 6460//6460 6471//6471 6459//6459
f 6164//6164 6177//6177 6178//6178
f 6164//6164 6178//6178 6165//6165
f 6472//6472 6471//6471 6460//6460
f 6461//6461 6472//6472 6460//6460
f 6165//6165 6178//6178 6179//6179
f 6165//6165 6179//6179 6166//6166
f 6473//6473 6472//6472 6461//6461
f 6462//6462 6473//6473 6461//6461
f 6166//6166 6179//6179 6180//6180
f 6166//6166 6180//6180 6167//6167
f 6474//6474 6473//6473 6462//6462
f 6463//6463 6474//6474 6462//6462
f 6167//6167 6180//6180 6181//6181
f 6167//6167 6181//6181 6168//6168
f 6475//6475 6474//6474 6463//6463
f 6464//6464 6475//6475 6463//6463
f 6168//6168 6181//6181 6182//6182
f 6168//6168 6182//6182 6169//6169
f 6476//6476 6475//6475 6464//6464
f 6465//6465 6476//6476 6464//6464
f 6169//6169 6182//6182 6183//6183
f 6169//6169 6183//6183 6170//6170
f 6183//6183 6476//6476 6465//6465
f 6170//6170 6183//6183 6465//6465
f 6171//6171 6184//6184 6185//6185
f 6171//6171 6185//6185 6172//6172
f 6185//6185 6184//6184 6171//6171
f 6466//6466 6185//6185 6171//6171
f 6172//6172 6185//6185 6186//6186
f 6172//6172 6186//6186 6173//6173
f 6477//6477 6185//6185 6466//6466
f 6467//6467 6477//6477 6466//6466
f 6173//6173 6186//6186 6187//6187
f 6173//6173 6187//6187 6174//6174
f 6478//6478 6477//6477 6467//6467
f 6468//6468 6478//6478 6467//6467
f 6174//6174 6187//6187 6188//6188
f 6174//6174 6188//6188 6175//6175
f 6479//6479 6478//6478 6468//6468
f 6469//6469 6479//6479 6468//6468
f 6175//6175 6188//6188 6189//6189
f 6175//6175 6189//6189 6176//6176
f 6480//6480 6479//6479 6469//6469
f 6470//6470 6480//6480 6469//6469
f 6176//6176 6189//6189 6190//6190
f 6176//6176 6190//6190 6177//6177
f 6481//6481 6480//6480 6470//6470
f 6471//6471 6481//6481 6470//6470
f 6177//6177 6190//6190 6191//6191
f 6177//6177 6191//6191 6178//6178
f 6482//6482 6481//6481 6471//6471
f 6472//6472 6482//6482 6471//6471
f 6178//6178 6191//6191 6192//6192
f 6178//6178 6192//6192 6179//6179
f 6483//6483 6482//6482 6472//6472
f 6473//6473 6483//6483 6472//6472
f 6179//6179 6192//6192 6193//6193
f 6179//6179 6193//6193 6180//6180
f 6484//6484 6483//6483 6473//6473
f 6474//6474 6484//6484 6473//6473
f 6180//6180 6193//6193 6194//6194
f 6180//6180 6194//6194 6181//6181
f 6485//6485 6484//6484 6474//6474
f 6475//6475 6485//6485 6474//6474
f 6181//6181 6194//6194 6195//6195
f 6181//6181 6195//6195 6182//6182
f 6195//6195 6485//6485 6475//6475
f 6476//6476 6195//6195 6475//6475
f 6182//6182 6195//6195 6196//6196
f 6182//6182 6196//6196 6183//6183
f 6196//6196 6195//6195 6476//6476
f 6183//6183 6196//6196 6476//6476
f 6185//6185 6197//6197 6198//6198
f 6185//6185 6198//6198 6186//6186
f 6198//6198 6197//6197 6185//6185
f 6477//6477 6198//6198 6185//6185
f 6186//6186 6198//6198 6199//6199
f 6186//6186 6199//6199 6187//6187
f 6486//6486 6198//6198 6477//6477
f 6478//6478 6486//6486 6477//6477
f 6187//6187 6199//6199 6200//6200
f 6187//6187 6200//6200 6188//6188
f 6487//6487 6486//6486 6478//6478
f 6479//6479 6487//6487 6478//6478
f 6188//6188 6200//6200 6201//6201
f 6188//6188 6201//6201 6189//6189
f 6488//6488 6487//6487 6479//6479
f 6480//6480 6488//6488 6479//6479
f 6189//6189 6201//6201 6202//6202
f 6189//6189 6202//6202 6190//6190
f 6489//6489 6488//6488 6480//6480
f 6481//6481 6489//6489 6480//6480
f 6190//6190 6202//6202 6203//6203
f 6190//6190 6203//6203 6191//6191
f 6490//6490 6489//6489 6481//6481
f 6482//6482 6490//6490 6481//6481
f 6191//6191 6203//6203 6204//6204
f 6191//6191 6204//6204 6192//6192
f 6491//6491 6490//6490 6482//6482
f 6483//6483 6491//6491 6482//6482
f 6192//6192 6204//6204 6205//6205
f 6192//6192 6205//6205 6193//6193
f 6492//6492 6491//6491 6483//6483
f 6484//6484 6492//6492 6483//6483
f 6193//6193 6205//6205 6206//6206
f 6193//6193 6206//6206 6194//6194
f 6206//6206 6492//6492 6484//6484
f 6485//6485 6206//6206 6484//6484
f 6194//6194 6206//6206 6207//6207
f 6194//6194 6207//6207 6195//6195
f 6207//6207 6206//6206 6485//6485
f 6195//6195 6207//6207 6485//6485
f 6198//6198 6208//6208 6209//6209
f 6198//6198 6209//6209 6199//6199
f 6209//6209 6208//6208 6198//6198
f 6486//6486 6209//6209 6198//6198
f 6199//6199 6209//6209 6210//6210
f 6199//6199 6210//6210 6200//6200
f 6493//6493 6209//6209 6486//6486
f 6487//6487 6493//6493 6486//6486
f 6200//6200 6210//6210 6211//6211
f 6200//6200 6211//6211 6201//6201
f 6494//6494 6493//6493 6487//6487
f 6488//6488 6494//6494 6487//6487
f 6201//6201 6211//6211 6212//6212
f 6201//6201 6212//6212 6202//6202
f 6495//6495 6494//6494 6488//6488
f 6489//6489 6495//6495 6488//6488
f 6202//6202 6212//6212 6213//6213
f 6202//6202 6213//6213 6203//6203
f 6496//6496 6495//6495 6489//6489
f 6490//6490 6496//6496 6489//6489
f 6203//6203 6213//6213 6214//6214
f 6203//6203 6214//6214 6204//6204
f 6497//6497 6496//6496 6490//6490
f 6491//6491 6497//6497 6490//6490
f 6204//6204 6214//6214 6215//6215
f 6204//6204 6215//6215 6205//6205
f 6215//6215 6497//6497 6491//6491
f 6492//6492 6215//6215 6491//6491
f 6205//6205 6215//6215 6216//6216
f 6205//6205 6216//6216 6206//6206
f 6216//6216 6215//6215 6492//6492
f 6206//6206 6216//6216 6492//6492
f 6209//6209 6217//6217 6218//6218
f 6209//6209 6218//6218 6210//6210
f 6218//6218 6217//6217 6209//6209
f 6493//6493 6218//6218 6209//6209
f 6210//6210 6218//6218 6219//6219
f 6210//6210 6219//6219 6211//6211
f 6498//6498 6218//6218 6493//6493
f 6494//6494 6498//6498 6493//6493
f 6211//6211 6219//6219 6220//6220
f 6211//6211 6220//6220 6212//6212
f 6499//6499 6498//6498 6494//6494
f 6495//6495 6499//6499 6494//6494
f 6212//6212 6220//6220 6221//6221
f 6212//6212 6221//6221 6213//6213
f 6500//6500 6499//6499 6495//6495
f 6496//6496 6500//6500 6495//6495
f 6213//6213 6221//6221 6222//6222
f 6213//6213 6222//6222 6214//6214
f 6222//6222 6500//6500 6496//6496
f 6497//6497 6222//6222 6496//6496
f 6214//6214 6222//6222 6223//6223
f 6214//6214 6223//6223 6215//6215
f 6223//6223 6222//6222 6497//6497
f 6215//6215 6223//6223 6497//6497
f 6218//6218 6224//6224 6225//6225
f 6218//6218 6225//6225 6219//6219
f 6225//6225 6224//6224 6218//6218
f 6498//6498 6225//6225 6218//6218
f 6219//6219 6225//6225 6226//6226
f 6219//6219 6226//6226 6220//6220
f 6226//6226 6225//6225 6498//6498
f 6499//6499 6226//6226 6498//6498
f 6220//6220 6226//6226 6227//6227
f 6220//6220 6227//6227 6221//6221
f 6227//6227 6226//6226 6499//6499
f 6500//6500 6227//6227 6499//6499
f 6221//6221 6227//6227 6228//6228
f 6221//6221 6228//6228 6222//6222
f 6228//6228 6227//6227 6500//6500
f 6222//6222 6228//6228 6500//6500
f 6501//6501 6507//6507 6508//6508
f 6501//6501 6508//6508 6502//6502
f 6627//6627 6507//6507 6501//6501
f 6502//6502 6627//6627 6501//6501
f 6502//6502 6508//6508 6509//6509
f 6502//6502 6509//6509 6503//6503
f 6628//6628 6627//6627 6502//6502
f 6503//6503 6628//6628 6502//6502
f 6503//6503 6509//6509 6510//6510
f 6503//6503 6510//6510 6504//6504
f 6629//6629 6628//6628 6503//6503
f 6504//6504 6629//6629 6503//6503
f 6504//6504 6510//6510 6511//6511
f 6504//6504 6511//6511 6505//6505
f 6511//6511 6629//6629 6504//6504
f 6505//6505 6511//6511 6504//6504
f 6506//6506 6514//6514 6515//6515
f 6506//6506 6515//6515 6507//6507
f 6630//6630 6514//6514 6506//6506
f 6507//6507 6630//6630 6506//6506
f 6507//6507 6515//6515 6516//6516
f 6507//6507 6516//6516 6508//6508
f 6631//6631 6630//6630 6507//6507
f 6627//6627 6631//6631 6507//6507
f 6508//6508 6516//6516 6517//6517
f 6508//6508 6517//6517 6509//6509
f 6632//6632 6631//6631 6627//6627
f 6628//6628 6632//6632 6627//6627
f 6509//6509 6517//6517 6518//6518
f 6509//6509 6518//6518 6510//6510
f 6633//6633 6632//6632 6628//6628
f 6629//6629 6633//6633 6628//6628
f 6510//6510 6518//6518 6519//6519
f 6510//6510 6519//6519 6511//6511
f 6634//6634 6633//6633 6629//6629
f 6511//6511 6634//6634 6629//6629
f 6511//6511 6519//6519 6520//6520
f 6511//6511 6520//6520 6512//6512
f 6520//6520 6634//6634 6511//6511
f 6512//6512 6520//6520 6511//6511
f 6513//6513 6523//6523 6524//6524
f 6513//6513 6524//6524 6514//6514
f 6635//6635 6523//6523 6513//6513
f 6514//6514 6635//6635 6513//6513
f 6514//6514 6524//6524 6525//6525
f 6514//6514 6525//6525 6515//6515
f 6636//6636 6635//6635 6514//6514
f 6630//6630 6636//6636 6514//6514
f 6515//6515 6525//6525 6526//6526
f 6515//6515 6526//6526 6516//6516
f 6637//6637 6636//6636 6630//6630
f 6631//6631 6637//6637 6630//6630
f 6516//6516 6526//6526 6527//6527
f 6516//6516 6527//6527 6517//6517
f 6638//6638 6637//6637 6631//6631
f 6632//6632 6638//6638 6631//6631
f 6517//6517 6527//6527 6528//6528
f 6517//6517 6528//6528 6518//6518
f 6639//6639 6638//6638 6632//6632
f 6633//6633 6639//6639 6632//6632
f 6518//6518 6528//6528 6529//6529
f 6518//6518 6529//6529 6519//6519
f 6640//6640 6639//6639 6633//6633
f 6634//6634 6640//6640 6633//6633
f 6519//6519 6529//6529 6530//6530
f 6519//6519 6530//6530 6520//6520
f 6641//6641 6640//6640 6634//6634
f 6520//6520 6641//6641 6634//6634
f 6520//6520 6530//6530 6531//6531
f 6520//6520 6531//6531 6521//6521
f 6531//6531 6641//6641 6520//6520
f 6521//6521 6531//6531 6520//6520
f 6522//6522 6534//6534 6535//6535
f 6522//6522 6535//6535 6523//6523
f 6642//6642 6534//6534 6522//6522
f 6523//6523 6642//6642 6522//6522
f 6523//6523 6535//6535 6536//6536
f 6523//6523 6536//6536 6524//6524
f 6643//6643 6642//6642 6523//6523
f 6635//6635 6643//6643 6523//6523
f 6524//6524 6536//6536 6537//6537
f 6524//6524 6537//6537 6525//6525
f 6644//6644 6643//6643 6635//6635
f 6636//6636 6644//6644 6635//6635
f 6525//6525 6537//6537 6538//6538
f 6525//6525 6538//6538 6526//6526
f 6645//6645 6644//6644 6636//6636
f 6637//6637 6645//6645 6636//6636
f 6526//6526 6538//6538 6539//6539
f 6526//6526 6539//6539 6527//6527
f 6646//6646 6645//6645 6637//6637
f 6638//6638 6646//6646 6637//6637
f 6527//6527 6539//6539 6540//6540
f 6527//6527 6540//6540 6528//6528
f 6647//6647 6646//6646 6638//6638
f 6639//6639 6647//6647 6638//6638
f 6528//6528 6540//6540 6541//6541
f 6528//6528 6541//6541 6529//6529
f 6648//6648 6647//6647 6639//6639
f 6640//6640 6648//6648 6639//6639
f 6529//6529 6541//6541 6542//6542
f 6529//6529 6542//6542 6530//6530
f 6649//6649 6648//6648 6640//6640
f 6641//6641 6649//6649 6640//6640
f 6530//6530 6542//6542 6543//6543
f 6530//6530 6543//6543 6531//6531
f 6650//6650 6649//6649 6641//6641
f 6531//6531 6650//6650 6641//6641
f 6531//6531 6543//6543 6544//6544
f 6531//6531 6544//6544 6532//6532
f 6544//6544 6650//6650 6531//6531
f 6532//6532 6544//6544 6531//6531
f 6533//6533 6546//6546 6547//6547
f 6533//6533 6547//6547 6534//6534
f 6651//6651 6546//6546 6533//6533
f 6534//6534 6651//6651 6533//6533
f 6534//6534 6547//6547 6548//6548
f 6534//6534 6548//6548 6535//6535
f 6652//6652 6651//6651 6534//6534
f 6642//6642 6652//6652 6534//6534
f 6535//6535 6548//6548 6549//6549
f 6535//6535 6549//6549 6536//6536
f 6653//6653 6652//6652 6642//6642
f 6643//6643 6653//6653 6642//6642
f 6536//6536 6549//6549 6550//6550
f 6536//6536 6550//6550 6537//6537
f 6654//6654 6653//6653 6643//6643
f 6644//6644 6654//6654 6643//6643
f 6537//6537 6550//6550 6551//6551
f 6537//6537 6551//6551 6538//6538
f 6655//6655 6654//6654 6644//6644
f 6645//6645 6655//6655 6644//6644
f 6538//6538 6551//6551 6552//6552
f 6538//6538 6552//6552 6539//6539
f 6656//6656 6655//6655 6645//6645
f 6646//6646 6656//6656 6645//6645
f 6539//6539 6552//6552 6553//6553
f 6539//6539 6553//6553 6540//6540
f 6657//6657 6656//6656 6646//6646
f 6647//6647 6657//6657 6646//6646
f 6540//6540 6553//6553 6554//6554
f 6540//6540 6554//6554 6541//6541
f 6658//6658 6657//6657 6647//6647
f 6648//6648 6658//6658 6647//6647
f 6541//6541 6554//6554 6555//6555
f 6541//6541 6555//6555 6542//6542
f 6659//6659 6658//6658 6648//6648
f 6649//6649 6659//6659 6648//6648
f 6542//6542 6555//6555 6556//6556
f 6542//6542 6556//6556 6543//6543
f 6660//6660 6659//6659 6649//6649
f 6650//6650 6660//6660 6649//6649
f 6543//6543 6556//6556 6557//6557
f 6543//6543 6557//6557 6544//6544
f 6661//6661 6660//6660 6650//6650
f 6544//6544 6661//6661 6650//6650
f 6544//6544 6557//6557 6558//6558
f 6544//6544 6558//6558 6545//6545
f 6558//6558 6661//6661 6544//6544
f 6545//6545 6558//6558 6544//6544
f 6546//6546 6559//6559 6560//6560
f 6546//6546 6560//6560 6547//6547
f 6662//6662 6559//6559 6546//6546
f 6651//6651 6662//6662 6546//6546
f 6547//6547 6560//6560 6561//6561
f 6547//6547 6561//6561 6548//6548
f 6663//6663 6662//6662 6651//6651
f 6652//6652 6663//6663 6651//6651
f 6548//6548 6561//6561 6562//6562
f 6548//6548 6562//6562 6549//6549
f 6664//6664 6663//6663 6652//6652
f 6653//6653 6664//6664 6652//6652
f 6549//6549 6562//6562 6563//6563
f 6549//6549 6563//6563 6550//6550
f 6665//6665 6664//6664 6653//6653
f 6654//6654 6665//6665 6653//6653
f 6550//6550 6563//6563 6564//6564
f 6550//6550 6564//6564 6551//6551
f 6666//6666 6665//6665 6654//6654
f 6655//6655 6666//6666 6654//6654
f 6551//6551 6564//6564 6565//6565
f 6551//6551 6565//6565 6552//6552
f 6667//6667 6666//6666 6655//6655
f 6656//6656 6667//6667 6655//6655
f 6552//6552 6565//6565 6566//6566
f 6552//6552 6566//6566 6553//6553
f 6668//6668 6667//6667 6656//6656
f 6657//6657 6668//6668 6656//6656
f 6553//6553 6566//6566 6567//6567
f 6553//6553 6567//6567 6554//6554
f 6669//6669 6668//6668 6657//6657
f 6658//6658 6669//6669 6657//6657
f 6554//6554 6567//6567 6568//6568
f 6554//6554 6568//6568 6555//6555
f 6670//6670 6669//6669 6658//6658
f 6659//6659 6670//6670 6658//6658
f 6555//6555 6568//6568 6569//6569
f 6555//6555 6569//6569 6556//6556
f 6671//6671 6670//6670 6659//6659
f 6660//6660 6671//6671 6659//6659
f 6556//6556 6569//6569 6570//6570
f 6556//6556 6570//6570 6557//6557
f 6672//6672 6671//6671 6660//6660
f 6661//6661 6672//6672 6660//6660
f 6557//6557 6570//6570 6571//6571
f 6557//6557 6571//6571 6558//6558
f 6571//6571 6672//6672 6661//6661
f 6558//6558 6571//6571 6661//6661
f 6559//6559 6572//6572 6573//6573
f 6559//6559 6573//6573 6560//6560
f 6673//6673 6572//6572 6559//6559
f 6662//6662 6673//6673 6559//6559
f 6560//6560 6573//6573 6574//6574
f 6560//6560 6574//6574 6561//6561
f 6674//6674 6673//6673 6662//6662
f 6663//6663 6674//6674 6662//6662
f 6561//6561 6574//6574 6575//6575
f 6561//6561 6575//6575 6562//6562
f 6675//6675 6674//6674 6663//6663
f 6664//6664 6675//6675 6663//6663
f 6562//6562 6575//6575 6576//6576
f 6562//6562 6576//6576 6563//6563
f 6676//6676 6675//6675 6664//6664
f 6665//6665 6676//6676 6664//6664
f 6563//6563 6576//6576 6577//6577
f 6563//6563 6577//6577 6564//6564
f 6677//6677 6676//6676 6665//6665
f 6666//6666 6677//6677 6665//6665
f 6564//6564 6577//6577 6578//6578
f 6564//6564 6578//6578 6565//6565
f 6678//6678 6677//6677 6666//6666
f 6667//6667 6678//6678 6666//6666
f 6565//6565 6578//6578 6579//6579
f 6565//6565 6579//6579 6566//6566
f 6679//6679 6678//6678 6667//6667
f 6668//6668 6679//6679 6667//6667
f 6566//6566 6579//6579 6580//6580
f 6566//6566 6580//6580 6567//6567
f 6680//6680 6679//6679 6668//6668
f 6669//6669 6680//6680 6668//6668
f 6567//6567 6580//6580 6581//6581
f 6567//6567 6581//6581 6568//6568
f 6681//6681 6680//6680 6669//6669
f 6670//6670 6681//6681 6669//6669
f 6568//6568 6581//6581 6582//6582
f 6568//6568 6582//6582 6569//6569
f 6682//6682 6681//6681 6670//6670
f 6671//6671 6682//6682 6670//6670
f 6569//6569 6582//6582 6583//6583
f 6569//6569 6583//6583 6570//6570
f 6683//6683 6682//6682 6671//6671
f 6672//6672 6683//6683 6671//6671
f 6570//6570 6583//6583 6584//6584
f 6570//6570 6584//6584 6571//6571
f 6584//6584 6683//6683 6672//6672
f 6571//6571 6584//6584 6672//6672
f 6572//6572 6585//6585 6586//6586
f 6572//6572 6586//6586 6573//6573
f 6586//6586 6585//6585 6572//6572
f 6673//6673 6586//6586 6572//6572
f 6573//6573 6586//6586 6587//6587
f 6573//6573 6587//6587 6574//6574
f 6587//6587 6586//6586 6673//6673
f 6674//6674 6587//6587 6673//6673
f 6574//6574 6587//6587 6588//6588
f 6574//6574 6588//6588 6575//6575
f 6684//6684 6587//6587 6674//6674
f 6675//6675 6684//6684 6674//6674
f 6575//6575 6588//6588 6589//6589
f 6575//6575 6589//6589 6576//6576
f 6685//6685 6684//6684 6675//6675
f 6676//6676 6685//6685 6675//6675
f 6576//6576 6589//6589 6590//6590
f 6576//6576 6590//6590 6577//6577
f 6686//6686 6685//6685 6676//6676
f 6677//6677 6686//6686 6676//6676
f 6577//6577 6590//6590 6591//6591
f 6577//6577 6591//6591 6578//6578
f 6687//6687 6686//6686 6677//6677
f 6678//6678 6687//6687 6677//6677
f 6578//6578 6591//6591 6592//6592
f 6578//6578 6592//6592 6579//6579
f 6688//6688 6687//6687 6678//6678
f 6679//6679 6688//6688 6678//6678
f 6579//6579 6592//6592 6593//6593
f 6579//6579 6593//6593 6580//6580
f 6689//6689 6688//6688 6679//6679
f 6680//6680 6689//6689 6679//6679
f 6580//6580 6593//6593 6594//6594
f 6580//6580 6594//6594 6581//6581
f 6690//6690 6689//6689 6680//6680
f 6681//6681 6690//6690 6680//6680
f 6581//6581 6594//6594 6595//6595
f 6581//6581 6595//6595 6582//6582
f 6691//6691 6690//6690 6681//6681
f 6682//6682 6691//6691 6681//6681
f 6582//6582 6595//6595 6596//6596
f 6582//6582 6596//6596 6583//6583
f 6596//6596 6691//6691 6682//6682
f 6683//6683 6596//6596 6682//6682
f 6583//6583 6596//6596 6597//6597
f 6583//6583 6597//6597 6584//6584
f 6597//6597 6596//6596 6683//6683
f 6584//6584 6597//6597 6683//6683
f 6587//6587 6598//6598 6599//6599
f 6587//6587 6599//6599 6588//6588
f 6599//6599 6598//6598 6587//6587
f 6684//6684 6599//6599 6587//6587
f 6588//6588 6599//6599 6600//6600
f 6588//6588 6600//6600 6589//6589
f 6692//6692 6599//6599 6684//6684
f 6685//6685 6692//6692 6684//6684
f 6589//6589 6600//6600 6601//6601
f 6589//6589 6601//6601 6590//6590
f 6693//6693 6692//6692 6685//6685
f 6686//6686 6693//6693 6685//6685
f 6590//6590 6601//6601 6602//6602
f 6590//6590 6602//6602 6591//6591
f 6694//6694 6693//6693 6686//6686
f 6687//6687 6694//6694 6686//6686
f 6591//6591 6602//6602 6603//6603
f 6591//6591 6603//6603 6592//6592
f 6695//6695 6694//6694 6687//6687
f 6688//6688 6695//6695 6687//6687
f 6592//6592 6603//6603 6604//6604
f 6592//6592 6604//6604 6593//6593
f 6696//6696 6695//6695 6688//6688
f 6689//6689 6696//6696 6688//6688
f 6593//6593 6604//6604 6605//6605
f 6593//6593 6605//6605 6594//6594
f 6697//6697 6696//6696 6689//6689
f 6690//6690 6697//6697 6689//6689
f 6594//6594 6605//6605 6606//6606
f 6594//6594 6606//6606 6595//6595
f 6606//6606 6697//6697 6690//6690
f 6691//6691 6606//6606 6690//6690
f 6595//6595 6606//6606 6607//6607
f 6595//6595 6607//6607 6596//6596
f 6607//6607 6606//6606 6691//6691
f 6596//6596 6607//6607 6691//6691
f 6599//6599 6608//6608 6609//6609
f 6599//6599 6609//6609 6600//6600
f 6609//6609 6608//6608 6599//6599
f 6692//6692 6609//6609 6599//6599
f 6600//6600 6609//6609 6610//6610
f 6600//6600 6610//6610 6601//6601
f 6698//6698 6609//6609 6692//6692
f 6693//6693 6698//6698 6692//6692
f 6601//6601 6610//6610 6611//6611
f 6601//6601 6611//6611 6602//6602
f 6699//6699 6698//6698 6693//6693
f 6694//6694 6699//6699 6693//6693
f 6602//6602 6611//6611 6612//6612
f 6602//6602 6612//6612 6603//6603
f 6700//6700 6699//6699 6694//6694
f 6695//6695 6700//6700 6694//6694
f 6603//6603 6612//6612 6613//6613
f 6603//6603 6613//6613 6604//6604
f 6701//6701 6700//6700 6695//6695
f 6696//6696 6701//6701 6695//6695
f 6604//6604 6613//6613 6614//6614
f 6604//6604 6614//6614 6605//6605
f 6614//6614 6701//6701 6696//6696
f 6697//6697 6614//6614 6696//6696
f 6605//6605 6614//6614 6615//6615
f 6605//6605 6615//6615 6606//6606
f 6615//6615 6614//6614 6697//6697
f 6606//6606 6615//6615 6697//6697
f 6609//6609 6616//6616 6617//6617
f 6609//6609 6617//6617 6610//6610
f 6702//6702 6616//6616 6609//6609
f 6698//6698 6702//6702 6609//6609
f 6610//6610 6617//6617 6618//6618
f 6610//6610 6618//6618 6611//6611
f 6703//6703 6702//6702 6698//6698
f 6699//6699 6703//6703 6698//6698
f 6611//6611 6618//6618 6619//6619
f 6611//6611 6619//6619 6612//6612
f 6704//6704 6703//6703 6699//6699
f 6700//6700 6704//6704 6699//6699
f 6612//6612 6619//6619 6620//6620
f 6612//6612 6620//6620 6613//6613
f 6620//6620 6704//6704 6700//6700
f 6701//6701 6620//6620 6700//6700
f 6613//6613 6620//6620 6621//6621
f 6613//6613 6621//6621 6614//6614
f 6621//6621 6620//6620 6701//6701
f 6614//6614 6621//6621 6701//6701
f 6616//6616 6622//6622 6623//6623
f 6616//6616 6623//6623 6617//6617
f 6623//6623 6622//6622 6616//6616
f 6702//6702 6623//6623 6616//6616
f 6617//6617 6623//6623 6624//6624
f 6617//6617 6624//6624 6618//6618
f 6624//6624 6623//6623 6702//6702
f 6703//6703 6624//6624 6702//6702
f 6618//6618 6624//6624 6625//6625
f 6618//6618 6625//6625 6619//6619
f 6625//6625 6624//6624 6703//6703
f 6704//6704 6625//6625 6703//6703
f 6619//6619 6625//6625 6626//6626
f 6619//6619 6626//6626 6620//6620
f 6626//6626 6625//6625 6704//6704
f 6620//6620 6626//6626 6704//6704

